{"type":"FeatureCollection","bbox":[0,0,12.0,8.0],"features":[{"type":"Feature","id":0,"properties":{"cell_id":0,"site":[0.043996199514716866,4.169581340738766],"area":0.02091063868924602},"geometry":{"type":"Polygon","coordinates":[[[0.016065799624974175,4.3386265105327055],[0.0,4.342488444332867],[0.0,4.071825360552811],[0.14386397287038083,4.1284807972654],[0.016065799624974175,4.3386265105327055]]]}},{"type":"Feature","id":1,"properties":{"cell_id":1,"site":[0.05936918083531911,3.6249094307511283],"area":0.019811214429067976},"geometry":{"type":"Polygon","coordinates":[[[0.15017788955665107,3.579293567566257],[0.11025129436049497,3.6967122737690943],[0.0,3.714733255191313],[0.0,3.532307060308036],[0.15017788955665107,3.579293567566257]]]}},{"type":"Feature","id":2,"properties":{"cell_id":2,"site":[0.07048737535508069,3.9037531827505716],"area":0.01928829739251979},"geometry":{"type":"Polygon","coordinates":[[[0.15263820402650602,3.8511526034381123],[0.15162747103157526,3.9520360132386645],[0.0,3.986001622524124],[0.0,3.833259857782913],[0.15263820402650602,3.8511526034381123]]]}},{"type":"Feature","id":3,"properties":{"cell_id":3,"site":[0.08487934892347611,3.7809791244696673],"area":0.02320201261028243},"geometry":{"type":"Polygon","coordinates":[[[0.20392363426992277,3.789796425811719],[0.1526382040265058,3.8511526034381123],[0.0,3.833259857782913],[0.0,3.7147332551913124],[0.11025129436049427,3.6967122737690943],[0.20392363426992277,3.789796425811719]]]}},{"type":"Feature","id":4,"properties":{"cell_id":4,"site":[0.0913961376691606,0.6346851178968496],"area":0.08166239824164592},"geometry":{"type":"Polygon","coordinates":[[[0.20740465004375597,0.4462035346085835],[0.17266972688306503,0.8410404648067747],[0.0,0.8811138668342058],[0.0,0.4156452377438472],[0.20740465004375597,0.4462035346085835]]]}},{"type":"Feature","id":5,"properties":{"cell_id":5,"site":[0.0968476066781017,3.3177618685131183],"area":0.053276247139966135},"geometry":{"type":"Polygon","coordinates":[[[0.20153454482321242,3.174368701473406],[0.258263571724461,3.3186951458970535],[0.19577019557418351,3.4012667391323883],[0.0,3.4066226999483633],[0.0,3.1661684302869206],[0.20153454482321242,3.174368701473406]]]}},{"type":"Feature","id":6,"properties":{"cell_id":6,"site":[0.09883916505957735,4.030319738232684],"area":0.026349819490867028},"geometry":{"type":"Polygon","coordinates":[[[0.21012052945337534,4.015186898222298],[0.17573239632336685,4.12004307896192],[0.14386397287038122,4.1284807972654],[0.0,4.071825360552811],[0.0,3.986001622524124],[0.1516274710315755,3.9520360132386645],[0.21012052945337534,4.015186898222298]]]}},{"type":"Feature","id":7,"properties":{"cell_id":7,"site":[0.10156128280342433,3.490055380104057],"area":0.03119315745168672},"geometry":{"type":"Polygon","coordinates":[[[0.2077584254837162,3.5497330164673597],[0.15017788955665168,3.579293567566257],[0.0,3.532307060308036],[0.0,3.4066226999483633],[0.19577019557418296,3.4012667391323883],[0.2077584254837162,3.5497330164673597]]]}},{"type":"Feature","id":8,"properties":{"cell_id":8,"site":[0.10884348202718713,3.0229443895231105],"area":0.09891633708467633},"geometry":{"type":"Polygon","coordinates":[[[0.14947729629492434,2.751816107889191],[0.2961999641989293,3.0378590624755843],[0.20153454482321287,3.174368701473406],[0.0,3.1661684302869206],[0.0,2.7246754406179465],[0.14947729629492434,2.751816107889191]]]}},{"type":"Feature","id":9,"properties":{"cell_id":9,"site":[0.11777602339332006,4.476508369563022],"area":0.07286332444621867},"geometry":{"type":"Polygon","coordinates":[[[0.2633616749581256,4.426472515111327],[0.22429474345155626,4.620781736888363],[0.0,4.691675155599435],[0.0,4.342488444332867],[0.01606579962497126,4.338626510532706],[0.22241197800765447,4.36912334313606],[0.2633616749581256,4.426472515111327]]]}},{"type":"Feature","id":10,"properties":{"cell_id":10,"site":[0.1392357383432225,1.4669700996194024],"area":0.13854050815537108},"geometry":{"type":"Polygon","coordinates":[[[0.3383614195373515,1.286535092313572],[0.27260683054233814,1.689753666107323],[0.0,1.7491990492449458],[0.0,1.243616332802869],[0.3383614195373515,1.286535092313572]]]}},{"type":"Feature","id":11,"properties":{"cell_id":11,"site":[0.14121769295584063,6.954928063405113],"area":0.13109051536298894},"geometry":{"type":"Polygon","coordinates":[[[0.2788330139382357,6.729649967553855],[0.3227712593815638,6.772881216038959],[0.25736699990567846,7.167276495583129],[0.0,7.178922771187517],[0.0,6.713971160814273],[0.2788330139382357,6.729649967553855]]]}},{"type":"Feature","id":12,"properties":{"cell_id":12,"site":[0.1477801868852774,5.7417978354128705],"area":0.12049218843115415},"geometry":{"type":"Polygon","coordinates":[[[0.3644643152691596,5.656880222967137],[0.3779959996386739,5.85321292808748],[0.0,5.986162728693844],[0.0,5.533519333776153],[0.3644643152691596,5.656880222967137]]]}},{"type":"Feature","id":13,"properties":{"cell_id":13,"site":[0.15068618086624655,0.23227294437806473],"area":0.11983947764255942},"geometry":{"type":"Polygon","coordinates":[[[0.33322562088819185,0.28165408632717637],[0.27770526782438343,0.42308594558859064],[0.20740465004375608,0.44620353460858353],[0.0,0.4156452377438473],[0.0,0.0],[0.1936519646841152,0.0],[0.33322562088819185,0.28165408632717637]]]}},{"type":"Feature","id":14,"properties":{"cell_id":14,"site":[0.1533127928677686,4.236061216624507],"area":0.03785988741769646},"geometry":{"type":"Polygon","coordinates":[[[0.2743397922292014,4.215015014278101],[0.22241197800765378,4.369123343136059],[0.016065799624973124,4.338626510532706],[0.14386397287038089,4.128480797265399],[0.17573239632336551,4.12004307896192],[0.2743397922292014,4.215015014278101]]]}},{"type":"Feature","id":15,"properties":{"cell_id":15,"site":[0.16087135240682976,7.389247458024542],"area":0.14378661501626008},"geometry":{"type":"Polygon","coordinates":[[[0.33510136377550637,7.222729026708177],[0.36645177840782495,7.491117247225686],[0.2766768691008029,7.593245435023674],[0.0,7.606786733070587],[0.0,7.178922771187517],[0.25736699990567935,7.167276495583129],[0.33510136377550637,7.222729026708177]]]}},{"type":"Feature","id":16,"properties":{"cell_id":16,"site":[0.1612567269825523,5.123908962007236],"area":0.12290433064737966},"geometry":{"type":"Polygon","coordinates":[[[0.38553951546817933,4.99736587002905],[0.39918951245058565,5.027862775265175],[0.32608887293358535,5.260291656995859],[0.0,5.341001196071248],[0.0,4.927378938154749],[0.38553951546817933,4.99736587002905]]]}},{"type":"Feature","id":17,"properties":{"cell_id":17,"site":[0.16734014635199645,6.490364494704261],"area":0.15151355403082242},"geometry":{"type":"Polygon","coordinates":[[[0.3955364974739675,6.331438102794807],[0.27883301393823556,6.729649967553855],[0.0,6.713971160814273],[0.0,6.233199541822938],[0.3955364974739675,6.331438102794807]]]}},{"type":"Feature","id":18,"properties":{"cell_id":18,"site":[0.18134550753516915,7.807577009502422],"area":0.1439011256523275},"geometry":{"type":"Polygon","coordinates":[[[0.0,7.606786733070587],[0.2766768691008036,7.593245435023674],[0.43638039751953217,7.990471125051295],[0.4350918942322082,8.0],[0.0,8.0],[0.0,7.606786733070587]]]}},{"type":"Feature","id":19,"properties":{"cell_id":19,"site":[0.1905908149056122,1.0620987379071365],"area":0.14733378294251914},"geometry":{"type":"Polygon","coordinates":[[[0.2654026440397453,0.8632329685315538],[0.40700486108456146,1.067621013509242],[0.3710146666979825,1.2666595638080247],[0.3383614195373523,1.2865350923135712],[0.0,1.2436163328028682],[0.0,0.8811138668342053],[0.17266972688306406,0.8410404648067745],[0.2654026440397453,0.8632329685315538]]]}},{"type":"Feature","id":20,"properties":{"cell_id":20,"site":[0.19435665750663772,3.6708100415813645],"area":0.031003708130518056},"geometry":{"type":"Polygon","coordinates":[[[0.2998614954219685,3.6005236533104186],[0.26904308026096246,3.77886945992928],[0.20392363426992333,3.7897964258117183],[0.11025129436049491,3.6967122737690947],[0.15017788955665112,3.5792935675662565],[0.20775842548371548,3.5497330164673593],[0.2998614954219685,3.6005236533104186]]]}},{"type":"Feature","id":21,"properties":{"cell_id":21,"site":[0.20675264135730417,2.483709437305089],"area":0.19728795439168448},"geometry":{"type":"Polygon","coordinates":[[[0.4722390324430322,2.5986445126596944],[0.1494772962949238,2.7518161078891907],[0.0,2.724675440617946],[0.0,2.200064894043728],[0.31497860799847427,2.2220143003594606],[0.4722390324430322,2.5986445126596944]]]}},{"type":"Feature","id":22,"properties":{"cell_id":22,"site":[0.2200438292593332,4.80006634852798],"area":0.1225892012555873},"geometry":{"type":"Polygon","coordinates":[[[0.379106686887971,4.711125650919708],[0.43299369474945254,4.827500726567477],[0.38553951546818,4.997365870029049],[0.0,4.927378938154748],[0.0,4.691675155599436],[0.22429474345155653,4.620781736888364],[0.379106686887971,4.711125650919708]]]}},{"type":"Feature","id":23,"properties":{"cell_id":23,"site":[0.23371865630816305,3.9053885680115403],"area":0.03456242404030279},"geometry":{"type":"Polygon","coordinates":[[[0.3407139087763801,3.8289221466489916],[0.3233018096274699,3.980786819718627],[0.21012052945337567,4.015186898222298],[0.15162747103157498,3.952036013238664],[0.15263820402650574,3.851152603438112],[0.20392363426992274,3.7897964258117187],[0.26904308026096063,3.7788694599292803],[0.3407139087763801,3.8289221466489916]]]}},{"type":"Feature","id":24,"properties":{"cell_id":24,"site":[0.2439007755451788,5.457813788613702],"area":0.12944836645492477},"geometry":{"type":"Polygon","coordinates":[[[0.489847821582646,5.4852940848113505],[0.3644643152691596,5.656880222967138],[0.0,5.5335193337761535],[0.0,5.341001196071248],[0.3260888729335847,5.260291656995859],[0.489847821582646,5.4852940848113505]]]}},{"type":"Feature","id":25,"properties":{"cell_id":25,"site":[0.24409506067697737,1.9478378475493623],"area":0.23412031455908924},"geometry":{"type":"Polygon","coordinates":[[[0.5387789696524448,1.8304919805955162],[0.5515978198579679,1.8651302165539327],[0.5156539836987024,2.04667967659678],[0.314978607998474,2.2220143003594606],[0.0,2.200064894043728],[0.0,1.7491990492449458],[0.27260683054233814,1.689753666107323],[0.5387789696524448,1.8304919805955162]]]}},{"type":"Feature","id":26,"properties":{"cell_id":26,"site":[0.26821524172524785,6.084212556895302],"area":0.18820159631324324},"geometry":{"type":"Polygon","coordinates":[[[0.5394932162289305,5.99288066853541],[0.4720851477326546,6.295966334385936],[0.3955364974739686,6.331438102794808],[0.0,6.233199541822938],[0.0,5.986162728693844],[0.37799599963867425,5.85321292808748],[0.5394932162289305,5.99288066853541]]]}},{"type":"Feature","id":27,"properties":{"cell_id":27,"site":[0.28872348526075103,0.6520445636119613],"area":0.0838071949843721},"geometry":{"type":"Polygon","coordinates":[[[0.4181616562353023,0.528469591108549],[0.44966141623925104,0.6980702655067696],[0.2654026440397441,0.8632329685315532],[0.17266972688306495,0.8410404648067744],[0.20740465004375594,0.4462035346085833],[0.2777052678243833,0.4230859455885904],[0.4181616562353023,0.528469591108549]]]}},{"type":"Feature","id":28,"properties":{"cell_id":28,"site":[0.2908269316551388,4.093283130857249],"area":0.037222143083030096},"geometry":{"type":"Polygon","coordinates":[[[0.4052931639281381,4.048492718830524],[0.38227787117910195,4.180796980027426],[0.27433979222920213,4.2150150142781015],[0.17573239632336685,4.1200430789619205],[0.21012052945337525,4.015186898222298],[0.3233018096274703,3.980786819718627],[0.4052931639281381,4.048492718830524]]]}},{"type":"Feature","id":29,"properties":{"cell_id":29,"site":[0.3030045382641094,3.4737894097871824],"area":0.06151217205245302},"geometry":{"type":"Polygon","coordinates":[[[0.43033470498404647,3.3658677405756974],[0.519283426584098,3.5307077120170267],[0.29986149542196916,3.600523653310418],[0.2077584254837161,3.549733016467359],[0.19577019557418301,3.401266739132389],[0.2582635717244614,3.3186951458970535],[0.43033470498404647,3.3658677405756974]]]}},{"type":"Feature","id":30,"properties":{"cell_id":30,"site":[0.35794912499566955,4.305014773622136],"area":0.04639137424651392},"geometry":{"type":"Polygon","coordinates":[[[0.46945360621913274,4.250236904541677],[0.46253629220533343,4.40837009768457],[0.263361674958126,4.426472515111328],[0.22241197800765367,4.369123343136058],[0.27433979222920124,4.215015014278101],[0.3822778711791012,4.180796980027425],[0.46945360621913274,4.250236904541677]]]}},{"type":"Feature","id":31,"properties":{"cell_id":31,"site":[0.37566133292537374,3.7021397535808567],"area":0.05114107274149713},"geometry":{"type":"Polygon","coordinates":[[[0.533811909710377,3.5388454059795844],[0.5360509091742169,3.542549470834486],[0.45605888121766114,3.8023398609706573],[0.3407139087763795,3.828922146648992],[0.26904308026096224,3.7788694599292816],[0.29986149542196866,3.600523653310418],[0.5192834265840971,3.530707712017027],[0.533811909710377,3.5388454059795844]]]}},{"type":"Feature","id":32,"properties":{"cell_id":32,"site":[0.37584216535713877,3.2081001229625445],"area":0.08310956419726229},"geometry":{"type":"Polygon","coordinates":[[[0.43033470498404647,3.365867740575697],[0.25826357172446057,3.3186951458970526],[0.20153454482321242,3.174368701473406],[0.2961999641989292,3.037859062475584],[0.5913043275701805,3.053498465778693],[0.43033470498404647,3.365867740575697]]]}},{"type":"Feature","id":33,"properties":{"cell_id":33,"site":[0.37829627372014674,4.528887390396481],"area":0.06077966319302539},"geometry":{"type":"Polygon","coordinates":[[[0.5393454649400848,4.479125929891425],[0.37910668688797067,4.7111256509197075],[0.22429474345155623,4.620781736888363],[0.26336167495812557,4.426472515111328],[0.46253629220533365,4.40837009768457],[0.5393454649400848,4.479125929891425]]]}},{"type":"Feature","id":34,"properties":{"cell_id":34,"site":[0.3933897669122258,2.8769894223019326],"area":0.1544619173120628},"geometry":{"type":"Polygon","coordinates":[[[0.5785747092187999,2.6343084337831812],[0.6328188297580184,3.034977906439612],[0.5913043275701788,3.0534984657786937],[0.2961999641989297,3.037859062475585],[0.14947729629492468,2.7518161078891907],[0.4722390324430317,2.598644512659695],[0.5785747092187999,2.6343084337831812]]]}},{"type":"Feature","id":35,"properties":{"cell_id":35,"site":[0.4044955316582163,0.10649774427083951],"area":0.07275762578786218},"geometry":{"type":"Polygon","coordinates":[[[0.5357933329969542,0.207663983254337],[0.3332256208881921,0.28165408632717615],[0.19365196468411516,0.0],[0.5699047807434934,0.0],[0.5357933329969542,0.207663983254337]]]}},{"type":"Feature","id":36,"properties":{"cell_id":36,"site":[0.4276255197567137,3.927621029740623],"area":0.04067242825266705},"geometry":{"type":"Polygon","coordinates":[[[0.5591017527876307,3.8980224655706333],[0.5131654494430969,4.010901028518396],[0.4052931639281381,4.0484927188305235],[0.32330180962747007,3.980786819718626],[0.34071390877638014,3.8289221466489907],[0.456058881217661,3.8023398609706556],[0.5591017527876307,3.8980224655706333]]]}},{"type":"Feature","id":37,"properties":{"cell_id":37,"site":[0.4358431113332243,7.003787059217682],"area":0.12571373120446339},"geometry":{"type":"Polygon","coordinates":[[[0.6486477667377397,7.124130083531868],[0.33510136377550626,7.222729026708177],[0.25736699990567985,7.167276495583129],[0.3227712593815652,6.77288121603896],[0.5728116399764851,6.812613243022954],[0.6486477667377397,7.124130083531868]]]}},{"type":"Feature","id":38,"properties":{"cell_id":38,"site":[0.4698464667482062,1.520884214634182],"area":0.16326094111971406},"geometry":{"type":"Polygon","coordinates":[[[0.7156051101460359,1.515031828996047],[0.5387789696524461,1.8304919805955162],[0.272606830542338,1.689753666107323],[0.33836141953735144,1.286535092313572],[0.37101466669798255,1.2666595638080251],[0.6658057446709303,1.3759034869844968],[0.7156051101460359,1.515031828996047]]]}},{"type":"Feature","id":39,"properties":{"cell_id":39,"site":[0.47787470320847836,0.863065396649912],"area":0.09279012934715102},"geometry":{"type":"Polygon","coordinates":[[[0.686022064496711,0.9319759081945617],[0.4070048610845607,1.0676210135092417],[0.265402644039745,0.8632329685315536],[0.44966141623925093,0.6980702655067705],[0.6438630905810049,0.7751438703535299],[0.686022064496711,0.9319759081945617]]]}},{"type":"Feature","id":40,"properties":{"cell_id":40,"site":[0.4938390127861533,7.681939829809817],"area":0.13074495727583252},"geometry":{"type":"Polygon","coordinates":[[[0.7485222631849511,7.620483746304024],[0.4363803975195318,7.990471125051294],[0.27667686910080325,7.593245435023674],[0.36645177840782484,7.491117247225687],[0.7435278948659616,7.5460919001568945],[0.7485222631849511,7.620483746304024]]]}},{"type":"Feature","id":41,"properties":{"cell_id":41,"site":[0.49790959902160603,4.129306673633376],"area":0.037460052953182124},"geometry":{"type":"Polygon","coordinates":[[[0.6182507685160288,4.130510344102061],[0.5959355055300394,4.19708686746309],[0.46945360621913323,4.250236904541678],[0.382277871179102,4.180796980027426],[0.40529316392813813,4.048492718830524],[0.5131654494430956,4.010901028518397],[0.6182507685160288,4.130510344102061]]]}},{"type":"Feature","id":42,"properties":{"cell_id":42,"site":[0.5006107973779234,0.36963901137246535],"area":0.08670628822766478},"geometry":{"type":"Polygon","coordinates":[[[0.7108658309819977,0.3633651301261587],[0.7064216386786688,0.4237314806897942],[0.4181616562353039,0.52846959110855],[0.2777052678243834,0.4230859455885905],[0.3332256208881918,0.28165408632717637],[0.5357933329969541,0.2076639832543371],[0.7108658309819977,0.3633651301261587]]]}},{"type":"Feature","id":43,"properties":{"cell_id":43,"site":[0.5018493343196995,6.588398709566647],"area":0.1652191527102766},"geometry":{"type":"Polygon","coordinates":[[[0.7236857619112235,6.450689567896949],[0.7312993972210441,6.678333291296175],[0.5728116399764858,6.812613243022953],[0.32277125938156237,6.772881216038959],[0.2788330139382358,6.729649967553856],[0.3955364974739676,6.331438102794808],[0.4720851477326557,6.295966334385935],[0.7236857619112235,6.450689567896949]]]}},{"type":"Feature","id":44,"properties":{"cell_id":44,"site":[0.5393124155579112,5.242810332620552],"area":0.13652617818342877},"geometry":{"type":"Polygon","coordinates":[[[0.6854886536151272,5.106338676955887],[0.7581462896799871,5.322281529557242],[0.6763900944810168,5.464811489858842],[0.4898478215826454,5.4852940848113505],[0.32608887293358524,5.26029165699586],[0.3991895124505862,5.0278627752651746],[0.6854886536151272,5.106338676955887]]]}},{"type":"Feature","id":45,"properties":{"cell_id":45,"site":[0.543019154130154,7.344608792394007],"area":0.15006581518311118},"geometry":{"type":"Polygon","coordinates":[[[0.7328206901439798,7.1715067212437305],[0.8150493989964323,7.435971950367585],[0.7435278948659613,7.546091900156894],[0.36645177840782556,7.491117247225687],[0.33510136377550687,7.222729026708177],[0.648647766737739,7.124130083531869],[0.7328206901439798,7.1715067212437305]]]}},{"type":"Feature","id":46,"properties":{"cell_id":46,"site":[0.5498273971568249,4.647361401897766],"area":0.061450046419412804},"geometry":{"type":"Polygon","coordinates":[[[0.6757693929261992,4.642445907397533],[0.6680440000186376,4.757523627735173],[0.4329936947494524,4.827500726567476],[0.37910668688797067,4.7111256509197075],[0.5393454649400852,4.479125929891425],[0.5416117040370669,4.4793024355053515],[0.6757693929261992,4.642445907397533]]]}},{"type":"Feature","id":47,"properties":{"cell_id":47,"site":[0.5757489654287877,4.314542121160549],"area":0.037522893053764314},"geometry":{"type":"Polygon","coordinates":[[[0.6739608651569211,4.293699134690272],[0.5594735286960865,4.468063268458988],[0.5416117040370647,4.4793024355053515],[0.539345464940086,4.479125929891426],[0.46253629220533277,4.4083700976845694],[0.469453606219132,4.250236904541678],[0.5959355055300397,4.19708686746309],[0.6739608651569211,4.293699134690272]]]}},{"type":"Feature","id":48,"properties":{"cell_id":48,"site":[0.5771647141989049,2.3290453718848054],"area":0.18972478700663453},"geometry":{"type":"Polygon","coordinates":[[[0.8388228764614583,2.318369058650723],[0.8109583366366518,2.5183671204326834],[0.5785747092187989,2.6343084337831812],[0.4722390324430328,2.5986445126596953],[0.31497860799847377,2.2220143003594597],[0.5156539836987016,2.04667967659678],[0.8388228764614583,2.318369058650723]]]}},{"type":"Feature","id":49,"properties":{"cell_id":49,"site":[0.5788934999007326,3.7647169458081873],"area":0.05328960145781009},"geometry":{"type":"Polygon","coordinates":[[[0.668322506462211,3.621459422170466],[0.7047953481717749,3.766007887495235],[0.5698824622161407,3.895673882115739],[0.5591017527876314,3.8980224655706337],[0.456058881217661,3.8023398609706556],[0.5360509091742168,3.5425494708344853],[0.668322506462211,3.621459422170466]]]}},{"type":"Feature","id":50,"properties":{"cell_id":50,"site":[0.5833398672593532,0.5973257639425833],"area":0.08152731428103759},"geometry":{"type":"Polygon","coordinates":[[[0.7890108108338842,0.5640315746447446],[0.6438630905810054,0.7751438703535305],[0.44966141623925115,0.6980702655067708],[0.41816165623530227,0.5284695911085491],[0.7064216386786689,0.42373148068979294],[0.7890108108338842,0.5640315746447446]]]}},{"type":"Feature","id":51,"properties":{"cell_id":51,"site":[0.5904409823487606,3.318686833518571],"area":0.11163076384634132},"geometry":{"type":"Polygon","coordinates":[[[0.8379946512339695,3.1299050292489246],[0.8477378439135566,3.2139822567427747],[0.5338119097103755,3.5388454059795844],[0.5192834265840984,3.530707712017028],[0.43033470498404625,3.365867740575698],[0.5913043275701806,3.0534984657786928],[0.6328188297580183,3.034977906439612],[0.8379946512339695,3.1299050292489246]]]}},{"type":"Feature","id":52,"properties":{"cell_id":52,"site":[0.5907496379794333,5.7112674008942355],"area":0.17657757734651952},"geometry":{"type":"Polygon","coordinates":[[[0.8347277471735404,5.6931960700299635],[0.7387245260838475,5.928146760381558],[0.5394932162289288,5.992880668535408],[0.37799599963867403,5.85321292808748],[0.3644643152691598,5.656880222967137],[0.48984782158264695,5.485294084811349],[0.676390094481016,5.46481148985884],[0.8347277471735404,5.6931960700299635]]]}},{"type":"Feature","id":53,"properties":{"cell_id":53,"site":[0.6116490845330882,1.1382345867124126],"area":0.14031301007143654},"geometry":{"type":"Polygon","coordinates":[[[0.8615703379915338,1.0362455870746896],[0.8735823430411681,1.1015265082896981],[0.6658057446709305,1.3759034869844968],[0.3710146666979824,1.266659563808025],[0.4070048610845614,1.0676210135092423],[0.6860220644967111,0.9319759081945621],[0.8615703379915338,1.0362455870746896]]]}},{"type":"Feature","id":54,"properties":{"cell_id":54,"site":[0.6293295479875545,4.91440597982607],"area":0.10225723418460775},"geometry":{"type":"Polygon","coordinates":[[[0.7726642372237424,4.828841515078719],[0.8144322376818434,4.9513872840487805],[0.6854886536151266,5.106338676955887],[0.39918951245058554,5.027862775265175],[0.38553951546817977,4.997365870029051],[0.43299369474945254,4.827500726567477],[0.6680440000186392,4.757523627735173],[0.7726642372237424,4.828841515078719]]]}},{"type":"Feature","id":55,"properties":{"cell_id":55,"site":[0.6325498061676413,4.01101564371698],"area":0.028635763035716556},"geometry":{"type":"Polygon","coordinates":[[[0.6657748833684101,4.109999512137673],[0.6182507685160292,4.130510344102062],[0.5131654494430961,4.010901028518397],[0.5591017527876305,3.8980224655706333],[0.5698824622161425,3.895673882115738],[0.7276922281650554,3.9864548927484496],[0.6657748833684101,4.109999512137673]]]}},{"type":"Feature","id":56,"properties":{"cell_id":56,"site":[0.6925543436218784,0.1538150640980052],"area":0.08174398526245596},"geometry":{"type":"Polygon","coordinates":[[[0.8441844618105365,0.24149219875261177],[0.710865830981998,0.3633651301261587],[0.5357933329969541,0.20766398325433721],[0.5699047807434934,0.0],[0.8026156051445447,0.0],[0.8441844618105365,0.24149219875261177]]]}},{"type":"Feature","id":57,"properties":{"cell_id":57,"site":[0.6938750084304988,4.392103576820131],"area":0.025301528777083727},"geometry":{"type":"Polygon","coordinates":[[[0.7537501973971605,4.302572613665783],[0.7956716871641981,4.388288601451694],[0.763084554104114,4.450457397398161],[0.5594735286960892,4.468063268458988],[0.6739608651569218,4.293699134690273],[0.7537501973971605,4.302572613665783]]]}},{"type":"Feature","id":58,"properties":{"cell_id":58,"site":[0.7010936925966765,3.8918619286481015],"area":0.028943872025081672},"geometry":{"type":"Polygon","coordinates":[[[0.7898521612454694,3.8179007172886408],[0.7794425460207812,3.9686393599748078],[0.7276922281650551,3.9864548927484504],[0.5698824622161419,3.895673882115738],[0.7047953481717746,3.7660078874952356],[0.7898521612454694,3.8179007172886408]]]}},{"type":"Feature","id":59,"properties":{"cell_id":59,"site":[0.7049188555760186,4.51982512118336],"area":0.029212311544148932},"geometry":{"type":"Polygon","coordinates":[[[0.7980566770723624,4.561947755927247],[0.6757693929261994,4.642445907397533],[0.5416117040370674,4.4793024355053515],[0.5594735286960899,4.468063268458988],[0.7630845541041145,4.450457397398161],[0.7980566770723624,4.561947755927247]]]}},{"type":"Feature","id":60,"properties":{"cell_id":60,"site":[0.7150084171961759,4.2020743247052375],"area":0.028183307263216387},"geometry":{"type":"Polygon","coordinates":[[[0.8008435430404562,4.1641032999196055],[0.8109645198154171,4.22528171316164],[0.7537501973971606,4.302572613665782],[0.6739608651569209,4.2936991346902715],[0.5959355055300395,4.19708686746309],[0.6182507685160287,4.130510344102062],[0.6657748833684115,4.109999512137672],[0.8008435430404562,4.1641032999196055]]]}},{"type":"Feature","id":61,"properties":{"cell_id":61,"site":[0.730830345893685,7.881878857765823],"area":0.12141465475150054},"geometry":{"type":"Polygon","coordinates":[[[0.43638039751953245,7.990471125051292],[0.7485222631849514,7.620483746304023],[1.068349828015272,8.0],[0.4350918942322082,8.0],[0.43638039751953245,7.990471125051292]]]}},{"type":"Feature","id":62,"properties":{"cell_id":62,"site":[0.7464881760278855,6.19058332380345],"area":0.19326542876415348},"geometry":{"type":"Polygon","coordinates":[[[1.0536240514194128,6.178906243461417],[1.0300359694008447,6.284388411435936],[0.7236857619112236,6.450689567896948],[0.47208514773265603,6.295966334385935],[0.539493216228932,5.992880668535408],[0.7387245260838471,5.9281467603815585],[1.0536240514194128,6.178906243461417]]]}},{"type":"Feature","id":63,"properties":{"cell_id":63,"site":[0.751902824159699,3.47471271594858],"area":0.09683749188600943},"geometry":{"type":"Polygon","coordinates":[[[0.9952160797949897,3.464874317344637],[0.9460321836899794,3.545399211980523],[0.6683225064622098,3.6214594221704646],[0.5360509091742167,3.5425494708344853],[0.533811909710377,3.5388454059795844],[0.8477378439135569,3.213982256742775],[0.9952160797949897,3.464874317344637]]]}},{"type":"Feature","id":64,"properties":{"cell_id":64,"site":[0.7649584488762864,4.077375406086057],"area":0.025396741291944577},"geometry":{"type":"Polygon","coordinates":[[[0.8680771777833236,4.020920651125241],[0.8793292207665888,4.0572539904130815],[0.800843543040456,4.1641032999196055],[0.6657748833684106,4.109999512137672],[0.7276922281650555,3.9864548927484496],[0.7794425460207808,3.9686393599748073],[0.8680771777833236,4.020920651125241]]]}},{"type":"Feature","id":65,"properties":{"cell_id":65,"site":[0.7823255936216706,6.919438844191956],"area":0.14693236750161653},"geometry":{"type":"Polygon","coordinates":[[[1.0624511197762505,6.936092807927814],[0.7328206901439793,7.171506721243729],[0.6486477667377396,7.124130083531868],[0.5728116399764847,6.812613243022953],[0.7312993972210436,6.678333291296174],[1.0522217518785548,6.837697739584733],[1.0624511197762505,6.936092807927814]]]}},{"type":"Feature","id":66,"properties":{"cell_id":66,"site":[0.799924303398671,4.6641508973797325],"area":0.04761002256791757},"geometry":{"type":"Polygon","coordinates":[[[0.9603535458808062,4.649456553621607],[0.7726642372237436,4.828841515078718],[0.6680440000186381,4.757523627735171],[0.6757693929261995,4.642445907397533],[0.798056677072362,4.561947755927247],[0.9445862816292488,4.600918028868142],[0.9603535458808062,4.649456553621607]]]}},{"type":"Feature","id":67,"properties":{"cell_id":67,"site":[0.8043889050314935,2.058766903123368],"area":0.1659254116467097},"geometry":{"type":"Polygon","coordinates":[[[1.072782423827823,2.124284073817104],[0.8388228764614585,2.318369058650724],[0.5156539836987024,2.0466796765967805],[0.5515978198579681,1.8651302165539325],[1.0476284344310782,1.9167812924065255],[1.072782423827823,2.124284073817104]]]}},{"type":"Feature","id":68,"properties":{"cell_id":68,"site":[0.8150127962492802,3.7051387157595665],"area":0.056934984604973815},"geometry":{"type":"Polygon","coordinates":[[[0.9615368206699433,3.7723524366116994],[0.7898521612454692,3.81790071728864],[0.704795348171775,3.7660078874952356],[0.6683225064622109,3.621459422170465],[0.9460321836899774,3.545399211980524],[0.9615368206699433,3.7723524366116994]]]}},{"type":"Feature","id":69,"properties":{"cell_id":69,"site":[0.8216208180293972,2.8190139129589618],"area":0.22856497748191196},"geometry":{"type":"Polygon","coordinates":[[[1.0790950107827824,2.688637474548893],[1.1115209776967767,2.9422442984798733],[0.8379946512339691,3.129905029248925],[0.6328188297580185,3.0349779064396127],[0.5785747092188,2.6343084337831817],[0.8109583366366528,2.518367120432684],[1.0790950107827824,2.688637474548893]]]}},{"type":"Feature","id":70,"properties":{"cell_id":70,"site":[0.8315626869251397,0.7679883786816596],"area":0.1256453603436833},"geometry":{"type":"Polygon","coordinates":[[[1.0487882600962344,0.8318070406516551],[0.8615703379915338,1.0362455870746894],[0.6860220644967108,0.9319759081945618],[0.6438630905810048,0.7751438703535305],[0.7890108108338841,0.5640315746447443],[0.9875927590882247,0.6106877800526967],[1.0487882600962344,0.8318070406516551]]]}},{"type":"Feature","id":71,"properties":{"cell_id":71,"site":[0.8388595301919985,1.7277285829946265],"area":0.16801245408073107},"geometry":{"type":"Polygon","coordinates":[[[1.0498972696676154,1.5796607408574237],[1.140345496111046,1.7516032782919786],[1.0476284344310784,1.916781292406526],[0.5515978198579679,1.8651302165539327],[0.5387789696524452,1.830491980595518],[0.7156051101460366,1.515031828996047],[1.0498972696676154,1.5796607408574237]]]}},{"type":"Feature","id":72,"properties":{"cell_id":72,"site":[0.8504492322165205,4.47417537806087],"area":0.027233251026647077},"geometry":{"type":"Polygon","coordinates":[[[0.9475193931571557,4.5930763908337715],[0.9445862816292482,4.600918028868142],[0.7980566770723625,4.561947755927247],[0.7630845541041141,4.45045739739816],[0.7956716871641978,4.388288601451694],[0.9060904766595775,4.395518920601547],[0.9475193931571557,4.5930763908337715]]]}},{"type":"Feature","id":73,"properties":{"cell_id":73,"site":[0.8611813541708773,4.310278336954336],"area":0.02724800617768233},"geometry":{"type":"Polygon","coordinates":[[[0.9563135365449782,4.260232857458262],[0.9837680432745228,4.3221331750014995],[0.9060904766595778,4.395518920601547],[0.7956716871641978,4.388288601451694],[0.7537501973971601,4.302572613665783],[0.8109645198154168,4.22528171316164],[0.9563135365449782,4.260232857458262]]]}},{"type":"Feature","id":74,"properties":{"cell_id":74,"site":[0.8676014331270493,3.9033605164021523],"area":0.03777423975090194},"geometry":{"type":"Polygon","coordinates":[[[1.0283969087360039,3.843033975374678],[0.8680771777833254,4.020920651125241],[0.7794425460207816,3.968639359974807],[0.7898521612454696,3.8179007172886403],[0.9615368206699428,3.7723524366117],[1.0283969087360039,3.843033975374678]]]}},{"type":"Feature","id":75,"properties":{"cell_id":75,"site":[0.8844304770795065,5.126689506154778],"area":0.0943273744672267},"geometry":{"type":"Polygon","coordinates":[[[0.9844455542970607,4.9802848192068],[1.04600698497755,5.090516073945231],[0.9653032775252935,5.290521456773186],[0.7581462896799878,5.322281529557243],[0.6854886536151272,5.106338676955886],[0.8144322376818425,4.951387284048781],[0.9844455542970607,4.9802848192068]]]}},{"type":"Feature","id":76,"properties":{"cell_id":76,"site":[0.8943342011434742,4.172407780604103],"area":0.025928309318022494},"geometry":{"type":"Polygon","coordinates":[[[0.9989516084502934,4.123752412273014],[0.9563135365449782,4.260232857458263],[0.8109645198154177,4.225281713161641],[0.8008435430404566,4.164103299919604],[0.8793292207665879,4.057253990413082],[0.9989516084502934,4.123752412273014]]]}},{"type":"Feature","id":77,"properties":{"cell_id":77,"site":[0.9092562297487001,1.363602620786291],"area":0.14392327636975233},"geometry":{"type":"Polygon","coordinates":[[[1.1455051508104066,1.2897235445775213],[1.0498972696676145,1.5796607408574241],[0.7156051101460363,1.5150318289960474],[0.6658057446709305,1.3759034869844964],[0.873582343041168,1.101526508289698],[1.1455051508104066,1.2897235445775213]]]}},{"type":"Feature","id":78,"properties":{"cell_id":78,"site":[0.9179352134269896,0.4003625840330554],"area":0.11293720624655158},"geometry":{"type":"Polygon","coordinates":[[[1.1524407761745903,0.43381331567596654],[0.9875927590882227,0.6106877800526966],[0.7890108108338838,0.5640315746447442],[0.7064216386786689,0.4237314806897938],[0.7108658309819978,0.3633651301261584],[0.8441844618105364,0.24149219875261163],[1.0513619499291398,0.2697374286033972],[1.1524407761745903,0.43381331567596654]]]}},{"type":"Feature","id":79,"properties":{"cell_id":79,"site":[0.9372268236181245,5.471056856712852],"area":0.12842777112214587},"geometry":{"type":"Polygon","coordinates":[[[1.1116444373580605,5.411286816437538],[1.0898446384767544,5.656106841980355],[0.8347277471735408,5.6931960700299635],[0.6763900944810167,5.464811489858841],[0.7581462896799869,5.322281529557242],[0.9653032775252935,5.2905214567731855],[1.1116444373580605,5.411286816437538]]]}},{"type":"Feature","id":80,"properties":{"cell_id":80,"site":[0.9384191446157969,4.809057141411938],"area":0.06009815182124739},"geometry":{"type":"Polygon","coordinates":[[[1.025800974278154,4.692830227709212],[1.0431439102821947,4.899864854569171],[0.9844455542970603,4.9802848192068],[0.8144322376818434,4.951387284048781],[0.7726642372237427,4.82884151507872],[0.960353545880807,4.649456553621607],[1.025800974278154,4.692830227709212]]]}},{"type":"Feature","id":81,"properties":{"cell_id":81,"site":[0.9542276360662418,6.573268736465944],"area":0.17699304836976354},"geometry":{"type":"Polygon","coordinates":[[[1.2392854695906284,6.592341008818622],[1.0522217518785548,6.837697739584733],[0.731299397221045,6.678333291296174],[0.7236857619112242,6.450689567896948],[1.0300359694008436,6.284388411435937],[1.2392854695906284,6.592341008818622]]]}},{"type":"Feature","id":82,"properties":{"cell_id":82,"site":[0.9577719000873017,0.10816228257146929],"area":0.07159333311635709},"geometry":{"type":"Polygon","coordinates":[[[1.0513619499291398,0.26973742860339645],[0.8441844618105363,0.24149219875261085],[0.8026156051445447,0.0],[1.1523225089823876,0.0],[1.0513619499291398,0.26973742860339645]]]}},{"type":"Feature","id":83,"properties":{"cell_id":83,"site":[0.985053972777401,4.009214198118354],"area":0.044653029508067044},"geometry":{"type":"Polygon","coordinates":[[[1.11610810581248,3.8735490752808066],[1.0958749298454058,4.091061342404584],[0.9989516084502919,4.123752412273013],[0.8793292207665888,4.057253990413082],[0.8680771777833238,4.020920651125243],[1.0283969087360043,3.843033975374678],[1.11610810581248,3.8735490752808066]]]}},{"type":"Feature","id":84,"properties":{"cell_id":84,"site":[0.9873138116969203,7.206466715407969],"area":0.1789251942595562},"geometry":{"type":"Polygon","coordinates":[[[1.2668442189152522,7.141407681973114],[1.1763596056131316,7.4180891476092095],[0.8150493989964329,7.435971950367584],[0.7328206901439802,7.17150672124373],[1.0624511197762505,6.936092807927815],[1.2668442189152522,7.141407681973114]]]}},{"type":"Feature","id":85,"properties":{"cell_id":85,"site":[0.9886438189063207,4.445195193278898],"area":0.0332337671954272},"geometry":{"type":"Polygon","coordinates":[[[1.1186904824452286,4.438369995817643],[0.9475193931571548,4.593076390833774],[0.9060904766595774,4.395518920601548],[0.9837680432745229,4.3221331750014995],[1.0818989513019532,4.352481820441126],[1.1186904824452286,4.438369995817643]]]}},{"type":"Feature","id":86,"properties":{"cell_id":86,"site":[0.996236604396643,5.876953463904674],"area":0.15878606549317356},"geometry":{"type":"Polygon","coordinates":[[[1.188165228936011,6.07867108237277],[1.0536240514194128,6.178906243461416],[0.7387245260838471,5.9281467603815585],[0.8347277471735407,5.693196070029963],[1.0898446384767526,5.656106841980355],[1.14915342784706,5.699721883908993],[1.188165228936011,6.07867108237277]]]}},{"type":"Feature","id":87,"properties":{"cell_id":87,"site":[1.0091347799248036,7.647344951639746],"area":0.22051510288827694},"geometry":{"type":"Polygon","coordinates":[[[0.7485222631849507,7.620483746304021],[0.7435278948659615,7.5460919001568945],[0.8150493989964331,7.435971950367584],[1.1763596056131327,7.4180891476092095],[1.3059208838294127,7.617985399249779],[1.187708735635064,8.0],[1.068349828015272,8.0],[0.7485222631849507,7.620483746304021]]]}},{"type":"Feature","id":88,"properties":{"cell_id":88,"site":[1.057265734389064,4.223309478797857],"area":0.041564060105047845},"geometry":{"type":"Polygon","coordinates":[[[1.2127412189690965,4.189918764578112],[1.0818989513019552,4.352481820441125],[0.9837680432745222,4.322133175001499],[0.956313536544978,4.260232857458263],[0.9989516084502935,4.123752412273013],[1.0958749298454056,4.0910613424045845],[1.2127412189690965,4.189918764578112]]]}},{"type":"Feature","id":89,"properties":{"cell_id":89,"site":[1.0875979867373475,2.400161002325563],"area":0.20838359437923631},"geometry":{"type":"Polygon","coordinates":[[[1.4060113109300838,2.4330936272442507],[1.0790950107827832,2.6886374745488935],[0.8109583366366517,2.518367120432683],[0.838822876461458,2.318369058650724],[1.0727824238278232,2.1242840738171034],[1.4012789955826488,2.311595337940683],[1.4060113109300838,2.4330936272442507]]]}},{"type":"Feature","id":90,"properties":{"cell_id":90,"site":[1.0975585608549303,3.685836194204491],"area":0.12756146454364686},"geometry":{"type":"Polygon","coordinates":[[[1.3528090853183776,3.511357997684148],[1.2540625466222681,3.8246638728134177],[1.116108105812481,3.873549075280806],[1.0283969087360032,3.843033975374677],[0.9615368206699422,3.7723524366116994],[0.9460321836899774,3.545399211980525],[0.9952160797949892,3.464874317344636],[1.3303885626322285,3.4841066047742415],[1.3528090853183776,3.511357997684148]]]}},{"type":"Feature","id":91,"properties":{"cell_id":91,"site":[1.098792497722314,4.5670664923587445],"area":0.04273261199505135},"geometry":{"type":"Polygon","coordinates":[[[1.2074258108618043,4.484972932491671],[1.2111200291455089,4.570100404532051],[1.1272309756324468,4.678229202470317],[1.0258009742781544,4.692830227709212],[0.9603535458808059,4.649456553621606],[0.9445862816292485,4.600918028868141],[0.9475193931571548,4.593076390833774],[1.118690482445229,4.438369995817643],[1.2074258108618043,4.484972932491671]]]}},{"type":"Feature","id":92,"properties":{"cell_id":92,"site":[1.122161336181455,3.2570690326767315],"area":0.20994485470660323},"geometry":{"type":"Polygon","coordinates":[[[1.3654370656618244,3.0618971762962253],[1.3303885626322285,3.4841066047742424],[0.9952160797949894,3.464874317344637],[0.8477378439135569,3.213982256742776],[0.8379946512339698,3.1299050292489246],[1.1115209776967763,2.9422442984798733],[1.3654370656618244,3.0618971762962253]]]}},{"type":"Feature","id":93,"properties":{"cell_id":93,"site":[1.1313015824806822,4.792899710034738],"area":0.03614305995284381},"geometry":{"type":"Polygon","coordinates":[[[1.2469217663786876,4.793666877313733],[1.2493638273014256,4.865016480057914],[1.0431439102821956,4.899864854569172],[1.0258009742781546,4.692830227709212],[1.1272309756324466,4.678229202470317],[1.2469217663786876,4.793666877313733]]]}},{"type":"Feature","id":94,"properties":{"cell_id":94,"site":[1.131426036216263,1.0425931151752992],"area":0.16634571366026857},"geometry":{"type":"Polygon","coordinates":[[[1.3355447125484352,1.2216889794455223],[1.145505150810406,1.2897235445775213],[0.8735823430411682,1.1015265082896981],[0.861570337991534,1.0362455870746903],[1.0487882600962348,0.8318070406516553],[1.4002557610343769,0.8978398398462936],[1.3355447125484352,1.2216889794455223]]]}},{"type":"Feature","id":95,"properties":{"cell_id":95,"site":[1.1372304749677744,5.22869624609865],"area":0.06425180011356267},"geometry":{"type":"Polygon","coordinates":[[[1.2381621593555119,5.144149604207849],[1.2371725845342347,5.348795700632572],[1.111644437358061,5.4112868164375385],[0.965303277525294,5.2905214567731855],[1.04600698497755,5.090516073945231],[1.2081237516894017,5.105873045700623],[1.2381621593555119,5.144149604207849]]]}},{"type":"Feature","id":96,"properties":{"cell_id":96,"site":[1.16155406681087,4.971922832223162],"area":0.051181810168324016},"geometry":{"type":"Polygon","coordinates":[[[1.2588380521795415,4.875187014234098],[1.277193005560208,4.972019704094391],[1.2081237516894028,5.105873045700622],[1.046006984977549,5.0905160739452295],[0.9844455542970605,4.9802848192068],[1.0431439102821944,4.899864854569172],[1.2493638273014254,4.865016480057914],[1.2588380521795415,4.875187014234098]]]}},{"type":"Feature","id":97,"properties":{"cell_id":97,"site":[1.2022945217354732,0.6653870932514212],"area":0.13553774904958357},"geometry":{"type":"Polygon","coordinates":[[[1.4312094409156364,0.8720877409266456],[1.4002557610343764,0.897839839846294],[1.0487882600962346,0.8318070406516558],[0.987592759088225,0.6106877800526966],[1.1524407761745907,0.433813315675967],[1.2857524766864286,0.4413393197630769],[1.4312094409156364,0.8720877409266456]]]}},{"type":"Feature","id":98,"properties":{"cell_id":98,"site":[1.2133513467347776,4.348938240887179],"area":0.05166315670542759},"geometry":{"type":"Polygon","coordinates":[[[1.3576474646592889,4.3411213762667495],[1.3185790551507686,4.426619349606069],[1.207425810861805,4.484972932491671],[1.118690482445229,4.438369995817643],[1.081898951301954,4.352481820441126],[1.2127412189690963,4.189918764578112],[1.2727570040412246,4.191153427005412],[1.3576474646592889,4.3411213762667495]]]}},{"type":"Feature","id":99,"properties":{"cell_id":99,"site":[1.2198908537664703,4.031058924392605],"area":0.07947379524932618},"geometry":{"type":"Polygon","coordinates":[[[1.4304680386294477,4.009950907995065],[1.2727570040412228,4.191153427005412],[1.2127412189690965,4.189918764578112],[1.0958749298454054,4.0910613424045845],[1.1161081058124798,3.873549075280806],[1.254062546622268,3.8246638728134172],[1.4304680386294477,4.009950907995065]]]}},{"type":"Feature","id":100,"properties":{"cell_id":100,"site":[1.2280413096023621,0.2093219578190296],"area":0.1206977081310571},"geometry":{"type":"Polygon","coordinates":[[[1.4066619217330587,0.3539496541509711],[1.2857524766864277,0.44133931976307683],[1.1524407761745907,0.4338133156759669],[1.0513619499291398,0.26973742860339645],[1.1523225089823876,0.0],[1.363401927182284,0.0],[1.4066619217330587,0.3539496541509711]]]}},{"type":"Feature","id":101,"properties":{"cell_id":101,"site":[1.2419736829554664,4.6781500735980845],"area":0.02599171390072308},"geometry":{"type":"Polygon","coordinates":[[[1.2469217663786871,4.793666877313731],[1.1272309756324468,4.678229202470318],[1.2111200291455089,4.5701004045320515],[1.3581840870023105,4.668451595527633],[1.2469217663786871,4.793666877313731]]]}},{"type":"Feature","id":102,"properties":{"cell_id":102,"site":[1.2727573259229275,5.500933895785005],"area":0.0909301828745956},"geometry":{"type":"Polygon","coordinates":[[[1.3869692716180326,5.384973554986451],[1.4147858545759906,5.651279370050577],[1.1491534278470592,5.699721883908992],[1.089844638476754,5.656106841980355],[1.11164443735806,5.4112868164375385],[1.2371725845342352,5.3487957006325715],[1.3869692716180326,5.384973554986451]]]}},{"type":"Feature","id":103,"properties":{"cell_id":103,"site":[1.291469349583964,1.4896388348398601],"area":0.17813338429877637},"geometry":{"type":"Polygon","coordinates":[[[1.5262116865182291,1.3836061749282338],[1.409131750416147,1.7376688776429186],[1.1403454961110469,1.751603278291979],[1.0498972696676154,1.579660740857423],[1.1455051508104066,1.2897235445775217],[1.3355447125484354,1.2216889794455228],[1.5262116865182291,1.3836061749282338]]]}},{"type":"Feature","id":104,"properties":{"cell_id":104,"site":[1.3177478962991165,1.9965362836816034],"area":0.23855521659690784},"geometry":{"type":"Polygon","coordinates":[[[1.641547529737077,1.9376430357442376],[1.65074258545126,2.0462060026352415],[1.4012789955826492,2.311595337940683],[1.0727824238278232,2.124284073817103],[1.0476284344310784,1.916781292406526],[1.140345496111046,1.7516032782919786],[1.4091317504161467,1.737668877642918],[1.641547529737077,1.9376430357442376]]]}},{"type":"Feature","id":105,"properties":{"cell_id":105,"site":[1.3227624502360957,4.557347022559567],"area":0.032535890892248925},"geometry":{"type":"Polygon","coordinates":[[[1.4302244912966755,4.561690280256358],[1.3801878531359484,4.664637871645447],[1.3581840870023116,4.668451595527633],[1.2111200291455093,4.5701004045320515],[1.2074258108618048,4.484972932491671],[1.3185790551507686,4.426619349606069],[1.4302244912966755,4.561690280256358]]]}},{"type":"Feature","id":106,"properties":{"cell_id":106,"site":[1.3265314528555476,6.320293479091831],"area":0.19621328244262842},"geometry":{"type":"Polygon","coordinates":[[[1.5792276125991176,6.338008787872907],[1.3977951528854273,6.590401925288617],[1.2392854695906292,6.5923410088186225],[1.0300359694008447,6.284388411435938],[1.0536240514194137,6.178906243461415],[1.1881652289360103,6.07867108237277],[1.4321167886389625,6.0829765354641605],[1.5792276125991176,6.338008787872907]]]}},{"type":"Feature","id":107,"properties":{"cell_id":107,"site":[1.3331603813599249,6.862172847130224],"area":0.21163611562630347},"geometry":{"type":"Polygon","coordinates":[[[1.5961579585617598,6.825043776239481],[1.5875017097489286,6.970532942807906],[1.5197256637289245,7.079951059270048],[1.2668442189152516,7.1414076819731145],[1.0624511197762507,6.936092807927816],[1.0522217518785548,6.837697739584734],[1.2392854695906297,6.592341008818621],[1.397795152885427,6.5904019252886155],[1.5961579585617598,6.825043776239481]]]}},{"type":"Feature","id":108,"properties":{"cell_id":108,"site":[1.3349713196135458,5.842081635740015],"area":0.12974272743035198},"geometry":{"type":"Polygon","coordinates":[[[1.4802256935353042,5.684726571499825],[1.5039371942847053,5.987835208539592],[1.4321167886389636,6.0829765354641605],[1.1881652289360103,6.07867108237277],[1.1491534278470592,5.699721883908991],[1.4147858545759888,5.651279370050577],[1.4802256935353042,5.684726571499825]]]}},{"type":"Feature","id":109,"properties":{"cell_id":109,"site":[1.3382714852104671,5.229668388373807],"area":0.04144775154734225},"geometry":{"type":"Polygon","coordinates":[[[1.4292966095519226,5.353135219945375],[1.3869692716180326,5.384973554986452],[1.2371725845342354,5.348795700632572],[1.2381621593555128,5.1441496042078505],[1.4227185871158288,5.15093253111868],[1.4292966095519226,5.353135219945375]]]}},{"type":"Feature","id":110,"properties":{"cell_id":110,"site":[1.3442789984095402,5.066210165939802],"area":0.03346916286776541},"geometry":{"type":"Polygon","coordinates":[[[1.4352797872571195,5.018885529599547],[1.4798250444889436,5.0901991084789735],[1.422718587115828,5.15093253111868],[1.2381621593555132,5.1441496042078505],[1.208123751689402,5.105873045700623],[1.277193005560208,4.972019704094391],[1.4352797872571195,5.018885529599547]]]}},{"type":"Feature","id":111,"properties":{"cell_id":111,"site":[1.36108963563277,2.7500378587676937],"area":0.2411768037101747},"geometry":{"type":"Polygon","coordinates":[[[1.646484453461189,2.6641063449241],[1.5945625903918776,2.9726361399838703],[1.3654370656618262,3.0618971762962257],[1.111520977696777,2.9422442984798742],[1.0790950107827824,2.6886374745488935],[1.406011310930084,2.4330936272442503],[1.646484453461189,2.6641063449241]]]}},{"type":"Feature","id":112,"properties":{"cell_id":112,"site":[1.3622189231531168,4.784996173191504],"area":0.031751418793621554},"geometry":{"type":"Polygon","coordinates":[[[1.4615676827866608,4.743902902346698],[1.4731964655221883,4.841545441069566],[1.472917340299746,4.84179653105424],[1.2588380521795406,4.875187014234097],[1.2493638273014256,4.865016480057914],[1.2469217663786876,4.793666877313731],[1.3581840870023107,4.668451595527633],[1.380187853135948,4.664637871645447],[1.4615676827866608,4.743902902346698]]]}},{"type":"Feature","id":113,"properties":{"cell_id":113,"site":[1.38477479959156,4.929610611528899],"area":0.025551049460737035},"geometry":{"type":"Polygon","coordinates":[[[1.4352797872571212,5.0188855295995465],[1.2771930055602083,4.97201970409439],[1.2588380521795415,4.875187014234097],[1.4729173402997475,4.84179653105424],[1.4352797872571212,5.0188855295995465]]]}},{"type":"Feature","id":114,"properties":{"cell_id":114,"site":[1.4386142283100514,4.221426530076531],"area":0.07949342949796215},"geometry":{"type":"Polygon","coordinates":[[[1.5505380366716073,4.016591811803385],[1.6068512950273537,4.299665646762252],[1.5621326517929903,4.334504253236185],[1.3576474646592884,4.34112137626675],[1.2727570040412237,4.191153427005412],[1.4304680386294486,4.009950907995065],[1.5505380366716073,4.016591811803385]]]}},{"type":"Feature","id":115,"properties":{"cell_id":115,"site":[1.446183361034746,4.4553311309883705],"area":0.040155351394674715},"geometry":{"type":"Polygon","coordinates":[[[1.5352972164241279,4.531622831490023],[1.4302244912966748,4.561690280256357],[1.3185790551507686,4.426619349606069],[1.357647464659289,4.3411213762667495],[1.5621326517929937,4.334504253236184],[1.5352972164241279,4.531622831490023]]]}},{"type":"Feature","id":116,"properties":{"cell_id":116,"site":[1.4539172066933426,7.359062508785898],"area":0.2069021882417845},"geometry":{"type":"Polygon","coordinates":[[[1.7467772080963866,7.453404934906965],[1.7121740239177956,7.5455839735832],[1.3059208838294136,7.617985399249781],[1.1763596056131316,7.418089147609209],[1.2668442189152522,7.141407681973114],[1.5197256637289238,7.079951059270048],[1.7467772080963866,7.453404934906965]]]}},{"type":"Feature","id":117,"properties":{"cell_id":117,"site":[1.4618860420914948,3.800663526150114],"area":0.1580386438690597},"geometry":{"type":"Polygon","coordinates":[[[1.6423924903503915,3.575044476863704],[1.683108636323347,3.917639295966783],[1.5505380366716084,4.016591811803385],[1.4304680386294484,4.009950907995065],[1.2540625466222681,3.8246638728134172],[1.3528090853183774,3.5113579976841485],[1.6423924903503915,3.575044476863704]]]}},{"type":"Feature","id":118,"properties":{"cell_id":118,"site":[1.4879515831488157,0.568925198274346],"area":0.13230177710426316},"geometry":{"type":"Polygon","coordinates":[[[1.6617927771671643,0.689930663416694],[1.5100868715439555,0.8574705171474363],[1.4312094409156364,0.8720877409266459],[1.2857524766864286,0.4413393197630766],[1.4066619217330585,0.35394965415097174],[1.6233767330425648,0.3850889763165943],[1.6617927771671643,0.689930663416694]]]}},{"type":"Feature","id":119,"properties":{"cell_id":119,"site":[1.5000314254780178,4.643506819516634],"area":0.032350269888107054},"geometry":{"type":"Polygon","coordinates":[[[1.6518480541452532,4.633713807044505],[1.461567682786662,4.743902902346701],[1.380187853135948,4.664637871645447],[1.4302244912966757,4.561690280256357],[1.5352972164241279,4.531622831490023],[1.6518480541452532,4.633713807044505]]]}},{"type":"Feature","id":120,"properties":{"cell_id":120,"site":[1.5121045602859162,5.224013281240382],"area":0.0421782689174748},"geometry":{"type":"Polygon","coordinates":[[[1.6056616086356914,5.144276086230161],[1.6014462586603524,5.345877095162637],[1.4292966095519228,5.353135219945374],[1.4227185871158288,5.150932531118679],[1.4798250444889434,5.0901991084789735],[1.5170801668435119,5.090986168709044],[1.6056616086356914,5.144276086230161]]]}},{"type":"Feature","id":121,"properties":{"cell_id":121,"site":[1.5177272145669098,4.957867610054417],"area":0.02764177660078817},"geometry":{"type":"Polygon","coordinates":[[[1.5753446872662853,4.867456743604529],[1.606815474892195,4.936178566354295],[1.5170801668435092,5.090986168709044],[1.4798250444889438,5.0901991084789735],[1.4352797872571192,5.0188855295995465],[1.472917340299747,4.84179653105424],[1.4731964655221876,4.8415454410695675],[1.5753446872662853,4.867456743604529]]]}},{"type":"Feature","id":122,"properties":{"cell_id":122,"site":[1.5226793671237127,5.474828655873478],"area":0.07279877645993521},"geometry":{"type":"Polygon","coordinates":[[[1.6610126659354898,5.387632050694161],[1.6133823733124784,5.635969430170689],[1.4802256935353046,5.684726571499825],[1.4147858545759906,5.6512793700505775],[1.3869692716180326,5.384973554986453],[1.4292966095519224,5.353135219945375],[1.6014462586603537,5.3458770951626375],[1.6610126659354898,5.387632050694161]]]}},{"type":"Feature","id":123,"properties":{"cell_id":123,"site":[1.5342536263873388,7.809839858315479],"area":0.24143390220529015},"geometry":{"type":"Polygon","coordinates":[[[1.3059208838294127,7.617985399249781],[1.7121740239177963,7.5455839735832],[1.9276296050811936,8.0],[1.1877087356350646,8.0],[1.3059208838294127,7.617985399249781]]]}},{"type":"Feature","id":124,"properties":{"cell_id":124,"site":[1.5451919520844557,0.1705595663188584],"area":0.1224705255647019},"geometry":{"type":"Polygon","coordinates":[[[1.6867498859723213,0.34007957722792415],[1.6233767330425657,0.38508897631659433],[1.406661921733059,0.3539496541509717],[1.363401927182284,0.0],[1.7558876925274751,0.0],[1.6867498859723213,0.34007957722792415]]]}},{"type":"Feature","id":125,"properties":{"cell_id":125,"site":[1.5677887398102213,4.76051374200777],"area":0.0308017018074496},"geometry":{"type":"Polygon","coordinates":[[[1.6676048363886422,4.781782547562364],[1.5753446872662842,4.867456743604528],[1.4731964655221883,4.8415454410695675],[1.4615676827866608,4.7439029023467],[1.6518480541452532,4.633713807044503],[1.6579153431645208,4.63532052701258],[1.6676048363886422,4.781782547562364]]]}},{"type":"Feature","id":126,"properties":{"cell_id":126,"site":[1.573201409804623,3.294510828905292],"area":0.22408232959441207},"geometry":{"type":"Polygon","coordinates":[[[1.807071571370273,3.119422853986854],[1.7671729856796479,3.4939000079549527],[1.6423924903503906,3.5750444768637037],[1.352809085318377,3.511357997684148],[1.330388562632228,3.484106604774242],[1.365437065661824,3.0618971762962253],[1.594562590391878,2.972636139983869],[1.807071571370273,3.119422853986854]]]}},{"type":"Feature","id":127,"properties":{"cell_id":127,"site":[1.59281465905387,1.1347870965465479],"area":0.19034801382286803},"geometry":{"type":"Polygon","coordinates":[[[1.9024605441208082,1.1430557881928345],[1.7665308324441402,1.3538636595618598],[1.5262116865182298,1.383606174928234],[1.3355447125484354,1.2216889794455223],[1.4002557610343769,0.8978398398462941],[1.4312094409156373,0.8720877409266454],[1.5100868715439553,0.857470517147436],[1.9024605441208082,1.1430557881928345]]]}},{"type":"Feature","id":128,"properties":{"cell_id":128,"site":[1.632272016183317,5.024264304416169],"area":0.027701586467507717},"geometry":{"type":"Polygon","coordinates":[[[1.7397633023424854,4.991418308136831],[1.6776672129751709,5.121806187521325],[1.6056616086356925,5.144276086230162],[1.5170801668435097,5.090986168709043],[1.6068154748921957,4.936178566354295],[1.7384242147710245,4.9819494933804505],[1.7397633023424854,4.991418308136831]]]}},{"type":"Feature","id":129,"properties":{"cell_id":129,"site":[1.641562455288983,4.481929755545896],"area":0.05722797975192759},"geometry":{"type":"Polygon","coordinates":[[[1.7491877507313967,4.593334696019149],[1.65791534316452,4.635320527012581],[1.651848054145252,4.633713807044503],[1.5352972164241279,4.531622831490022],[1.5621326517929937,4.334504253236183],[1.6068512950273521,4.299665646762254],[1.7549866864512575,4.341826884977461],[1.7491877507313967,4.593334696019149]]]}},{"type":"Feature","id":130,"properties":{"cell_id":130,"site":[1.648182406932213,5.817579843233512],"area":0.1009684493641683},"geometry":{"type":"Polygon","coordinates":[[[1.8205266614109699,5.711858382485602],[1.8479245147604952,5.9382273009427395],[1.5039371942847057,5.987835208539592],[1.4802256935353046,5.684726571499826],[1.6133823733124795,5.6359694301706895],[1.8205266614109699,5.711858382485602]]]}},{"type":"Feature","id":131,"properties":{"cell_id":131,"site":[1.6514649415569513,1.6086806333181174],"area":0.18567536689806574},"geometry":{"type":"Polygon","coordinates":[[[1.9198245544956083,1.6705640153889059],[1.6415475297370765,1.9376430357442382],[1.4091317504161467,1.7376688776429186],[1.526211686518229,1.3836061749282338],[1.7665308324441407,1.3538636595618594],[1.9198245544956083,1.6705640153889059]]]}},{"type":"Feature","id":132,"properties":{"cell_id":132,"site":[1.6765323754670232,6.571891160953003],"area":0.15117483407470664},"geometry":{"type":"Polygon","coordinates":[[[1.8531885430839015,6.389828529832536],[1.8695495044577748,6.417423660006041],[1.806191537561993,6.7097198339353685],[1.5961579585617591,6.82504377623948],[1.3977951528854267,6.5904019252886155],[1.5792276125991163,6.338008787872907],[1.7825895802342846,6.344124409185342],[1.8531885430839015,6.389828529832536]]]}},{"type":"Feature","id":133,"properties":{"cell_id":133,"site":[1.681436490669341,4.882897831104127],"area":0.027355008432881453},"geometry":{"type":"Polygon","coordinates":[[[1.8112811966343412,4.8691599355071995],[1.7384242147710247,4.9819494933804505],[1.6068154748921946,4.936178566354294],[1.5753446872662848,4.867456743604528],[1.6676048363886418,4.781782547562364],[1.8112811966343412,4.8691599355071995]]]}},{"type":"Feature","id":134,"properties":{"cell_id":134,"site":[1.6904107251932554,6.110396185435705],"area":0.1204971061786208},"geometry":{"type":"Polygon","coordinates":[[[1.8512278748959772,5.941390685682542],[1.7825895802342888,6.344124409185342],[1.5792276125991176,6.338008787872907],[1.4321167886389632,6.082976535464161],[1.5039371942847053,5.987835208539592],[1.847924514760495,5.938227300942739],[1.8512278748959772,5.941390685682542]]]}},{"type":"Feature","id":135,"properties":{"cell_id":135,"site":[1.6958038344077178,5.22785431722894],"area":0.04806466307026326},"geometry":{"type":"Polygon","coordinates":[[[1.8325928066727257,5.2227688213849985],[1.8357611445170512,5.335063749922655],[1.8209118831024351,5.353970366172623],[1.6610126659354907,5.38763205069416],[1.6014462586603515,5.345877095162635],[1.6056616086356905,5.144276086230164],[1.6776672129751737,5.121806187521325],[1.8325928066727257,5.2227688213849985]]]}},{"type":"Feature","id":136,"properties":{"cell_id":136,"site":[1.7208984427271112,2.3754941738080855],"area":0.24949407036711285},"geometry":{"type":"Polygon","coordinates":[[[1.9889809484890932,2.240727216362177],[2.006803586138336,2.534099811222225],[1.6464844534611887,2.6641063449241003],[1.4060113109300838,2.4330936272442507],[1.4012789955826488,2.311595337940683],[1.65074258545126,2.046206002635241],[1.9889809484890932,2.240727216362177]]]}},{"type":"Feature","id":137,"properties":{"cell_id":137,"site":[1.7323353455478483,4.162995155937152],"area":0.12393726241778395},"geometry":{"type":"Polygon","coordinates":[[[1.8994130540820666,3.990499801587426],[1.9540695517796136,4.26225976891263],[1.7549866864512556,4.34182688497746],[1.606851295027354,4.299665646762254],[1.550538036671607,4.016591811803385],[1.6831086363233463,3.9176392959667825],[1.8994130540820666,3.990499801587426]]]}},{"type":"Feature","id":138,"properties":{"cell_id":138,"site":[1.7572683358331433,5.5198220485287175],"area":0.07251470221724587},"geometry":{"type":"Polygon","coordinates":[[[1.9121633989820888,5.619405352532691],[1.8205266614109696,5.711858382485602],[1.613382373312479,5.6359694301706895],[1.6610126659354907,5.387632050694161],[1.8209118831024362,5.353970366172623],[1.9121633989820888,5.619405352532691]]]}},{"type":"Feature","id":139,"properties":{"cell_id":139,"site":[1.763749100493161,4.747549585293926],"area":0.04339214729691597},"geometry":{"type":"Polygon","coordinates":[[[1.8631370483632856,4.6362323963712315],[1.8608897323927198,4.829819577384869],[1.8356658341879641,4.86038393673134],[1.8112811966343392,4.869159935507199],[1.6676048363886422,4.781782547562365],[1.6579153431645208,4.635320527012581],[1.7491877507313964,4.5933346960191495],[1.8631370483632856,4.6362323963712315]]]}},{"type":"Feature","id":140,"properties":{"cell_id":140,"site":[1.7820083005221903,5.0955749027457715],"area":0.027447589275392276},"geometry":{"type":"Polygon","coordinates":[[[1.9083942280714656,5.10869870292996],[1.832592806672725,5.2227688213849985],[1.6776672129751713,5.121806187521324],[1.7397633023424852,4.991418308136831],[1.9078298834837024,5.106529525213135],[1.9083942280714656,5.10869870292996]]]}},{"type":"Feature","id":141,"properties":{"cell_id":141,"site":[1.797806862713488,7.149985344013664],"area":0.16538923065906122},"geometry":{"type":"Polygon","coordinates":[[[2.1097141350052047,7.255698734716415],[1.7467772080963857,7.453404934906967],[1.5197256637289238,7.079951059270048],[1.5875017097489281,6.970532942807906],[2.014130686900193,7.062024711946524],[2.1097141350052047,7.255698734716415]]]}},{"type":"Feature","id":142,"properties":{"cell_id":142,"site":[1.7994063972799488,0.850944870527419],"area":0.16766093787885888},"geometry":{"type":"Polygon","coordinates":[[[2.097613944218123,0.7145593878028075],[1.973420700256021,1.1134206053998927],[1.9024605441208084,1.1430557881928358],[1.5100868715439555,0.8574705171474366],[1.6617927771671646,0.6899306634166941],[2.0892902133979745,0.6909562814598676],[2.097613944218123,0.7145593878028075]]]}},{"type":"Feature","id":143,"properties":{"cell_id":143,"site":[1.8001773938003822,0.5295786094500595],"area":0.13109575953439756},"geometry":{"type":"Polygon","coordinates":[[[2.0189495429467277,0.4351589742373831],[2.1090550325496316,0.5741817109291049],[2.0892902133979745,0.6909562814598672],[1.6617927771671641,0.6899306634166935],[1.6233767330425648,0.38508897631659433],[1.6867498859723216,0.34007957722792337],[2.0189495429467277,0.4351589742373831]]]}},{"type":"Feature","id":144,"properties":{"cell_id":144,"site":[1.8521473310175998,4.993169356532937],"area":0.025956655346684336},"geometry":{"type":"Polygon","coordinates":[[[1.9380358918343399,4.992597593938645],[1.9078298834837022,5.106529525213134],[1.7397633023424857,4.991418308136831],[1.738424214771025,4.981949493380451],[1.8112811966343423,4.869159935507199],[1.835665834187963,4.860383936731342],[1.9380358918343399,4.992597593938645]]]}},{"type":"Feature","id":145,"properties":{"cell_id":145,"site":[1.8528975105545393,6.8930959324271575],"area":0.1101780833969105},"geometry":{"type":"Polygon","coordinates":[[[2.046500412157779,6.83063938545948],[2.014130686900193,7.062024711946524],[1.5875017097489272,6.970532942807905],[1.5961579585617585,6.825043776239481],[1.8061915375619906,6.70971983393537],[2.046500412157779,6.83063938545948]]]}},{"type":"Feature","id":146,"properties":{"cell_id":146,"site":[1.8618332045680857,4.487008468253643],"area":0.0749126025524232},"geometry":{"type":"Polygon","coordinates":[[[2.0003663389325186,4.292012035921687],[1.9780889536557726,4.593333646401531],[1.8631370483632832,4.636232396371231],[1.749187750731397,4.59333469601915],[1.754986686451258,4.3418268849774595],[1.9540695517796136,4.26225976891263],[2.0003663389325186,4.292012035921687]]]}},{"type":"Feature","id":147,"properties":{"cell_id":147,"site":[1.8707519340185486,3.7520713046371093],"area":0.17855045573987233},"geometry":{"type":"Polygon","coordinates":[[[2.152864727977617,3.800604456459824],[1.8994130540820677,3.9904998015874256],[1.6831086363233463,3.917639295966782],[1.642392490350391,3.5750444768637033],[1.7671729856796476,3.4939000079549527],[2.10046474885181,3.597432609711358],[2.152864727977617,3.800604456459824]]]}},{"type":"Feature","id":148,"properties":{"cell_id":148,"site":[1.883261712032284,0.23928877921644803],"area":0.12757676381075503},"geometry":{"type":"Polygon","coordinates":[[[2.0189495429467286,0.43515897423738226],[1.6867498859723218,0.3400795772279226],[1.7558876925274753,0.0],[2.067510882655225,0.0],[2.0189495429467286,0.43515897423738226]]]}},{"type":"Feature","id":149,"properties":{"cell_id":149,"site":[1.8880332922906917,2.838716154427711],"area":0.24904103545298395},"geometry":{"type":"Polygon","coordinates":[[[2.2026310390249737,2.6852576461930355],[2.217555015989396,2.737610357130268],[2.040535048787059,3.067820090575196],[1.8070715713702725,3.119422853986853],[1.5945625903918779,2.9726361399838686],[1.6464844534611889,2.6641063449241],[2.006803586138336,2.5340998112222244],[2.2026310390249737,2.6852576461930355]]]}},{"type":"Feature","id":150,"properties":{"cell_id":150,"site":[1.9469848511710761,6.154124359744675],"area":0.09670962575251701},"geometry":{"type":"Polygon","coordinates":[[[2.1515814975234138,6.122266348660209],[1.8531885430839012,6.389828529832535],[1.7825895802342875,6.344124409185344],[1.8512278748959776,5.941390685682542],[2.0650095622928006,5.9785255228694405],[2.1515814975234138,6.122266348660209]]]}},{"type":"Feature","id":151,"properties":{"cell_id":151,"site":[1.9599140409540925,4.7498268259730585],"area":0.045941562940302036},"geometry":{"type":"Polygon","coordinates":[[[2.1160445519304885,4.677270997870927],[2.039954340163086,4.829617017043932],[1.8608897323927196,4.8298195773848684],[1.8631370483632854,4.636232396371231],[1.9780889536557715,4.593333646401532],[2.1160445519304885,4.677270997870927]]]}},{"type":"Feature","id":152,"properties":{"cell_id":152,"site":[1.9600947650866805,4.9095880890462995],"area":0.026099708520307303},"geometry":{"type":"Polygon","coordinates":[[[2.0753095034815683,4.935682060271397],[1.9380358918343394,4.992597593938645],[1.835665834187963,4.860383936731342],[1.8608897323927205,4.829819577384869],[2.0399543401630873,4.829617017043933],[2.0753095034815683,4.935682060271397]]]}},{"type":"Feature","id":153,"properties":{"cell_id":153,"site":[1.969450909784492,5.220133519894673],"area":0.05135288295872329},"geometry":{"type":"Polygon","coordinates":[[[2.0597960125211556,5.143912330112876],[2.120309067801376,5.226524757420239],[2.121091613656607,5.27497628614357],[2.0710300592816133,5.331274599652432],[1.8357611445170507,5.335063749922657],[1.8325928066727253,5.222768821384999],[1.9083942280714654,5.10869870292996],[2.0597960125211556,5.143912330112876]]]}},{"type":"Feature","id":154,"properties":{"cell_id":154,"site":[1.9706397593218041,1.9412377115464317],"area":0.2589897052534002},"geometry":{"type":"Polygon","coordinates":[[[2.3351694726804624,1.8476977618864088],[2.3248167633277905,1.9887189017177065],[1.9889809484890932,2.2407272163621768],[1.6507425854512598,2.046206002635241],[1.6415475297370767,1.9376430357442374],[1.9198245544956076,1.670564015388906],[2.2162513872758307,1.708865411839896],[2.3351694726804624,1.8476977618864088]]]}},{"type":"Feature","id":155,"properties":{"cell_id":155,"site":[1.9730826557418335,5.4456291770076675],"area":0.062048650206451714},"geometry":{"type":"Polygon","coordinates":[[[2.102855780152441,5.596115067957536],[1.9121633989820892,5.6194053525326915],[1.820911883102436,5.3539703661726215],[1.8357611445170496,5.335063749922657],[2.0710300592816147,5.331274599652432],[2.102855780152441,5.596115067957536]]]}},{"type":"Feature","id":156,"properties":{"cell_id":156,"site":[1.9812834150505922,6.63794883806122],"area":0.09697295478549242},"geometry":{"type":"Polygon","coordinates":[[[2.170862642827397,6.735400007666304],[2.046500412157778,6.83063938545948],[1.8061915375619928,6.709719833935372],[1.8695495044577755,6.41742366000604],[2.1005922351038264,6.502597242129725],[2.170862642827397,6.735400007666304]]]}},{"type":"Feature","id":157,"properties":{"cell_id":157,"site":[1.998800996550659,3.3398562429091805],"area":0.18379526172823785},"geometry":{"type":"Polygon","coordinates":[[[2.2839598644895354,3.3516356314677513],[2.1004647488518104,3.5974326097113583],[1.7671729856796476,3.493900007954953],[1.807071571370273,3.1194228539868543],[2.040535048787058,3.0678200905751973],[2.2839598644895354,3.3516356314677513]]]}},{"type":"Feature","id":158,"properties":{"cell_id":158,"site":[2.012359880001716,5.035645434471368],"area":0.027551934395461396},"geometry":{"type":"Polygon","coordinates":[[[2.1146993631197812,4.964600146374975],[2.0597960125211556,5.143912330112876],[1.9083942280714654,5.108698702929959],[1.9078298834837022,5.106529525213134],[1.9380358918343394,4.992597593938646],[2.0753095034815687,4.9356820602713976],[2.1146993631197812,4.964600146374975]]]}},{"type":"Feature","id":159,"properties":{"cell_id":159,"site":[2.0131164339602923,5.773411195775578],"area":0.10531901916958936},"geometry":{"type":"Polygon","coordinates":[[[2.109510957208814,5.599499834043486],[2.192840134580347,5.79520606346662],[2.0650095622927997,5.9785255228694405],[1.8512278748959776,5.941390685682542],[1.8479245147604952,5.9382273009427395],[1.8205266614109699,5.711858382485602],[1.9121633989820874,5.6194053525326915],[2.1028557801524426,5.596115067957536],[2.109510957208814,5.599499834043486]]]}},{"type":"Feature","id":160,"properties":{"cell_id":160,"site":[2.029375179380016,7.575084269284569],"area":0.2806818466644003},"geometry":{"type":"Polygon","coordinates":[[[1.7121740239177956,7.545583973583199],[1.7467772080963853,7.453404934906967],[2.1097141350052055,7.255698734716415],[2.201698524150015,7.282824716633663],[2.315019280133438,7.453961855781965],[2.092574593211542,8.0],[1.9276296050811936,8.0],[1.7121740239177956,7.545583973583199]]]}},{"type":"Feature","id":161,"properties":{"cell_id":161,"site":[2.037769903985084,1.421695919066958],"area":0.21452740625384112},"geometry":{"type":"Polygon","coordinates":[[[2.292586444252204,1.2843503976495072],[2.2162513872758307,1.7088654118398956],[1.9198245544956087,1.6705640153889059],[1.7665308324441407,1.3538636595618585],[1.9024605441208076,1.143055788192835],[1.9734207002560216,1.1134206053998912],[2.292586444252204,1.2843503976495072]]]}},{"type":"Feature","id":162,"properties":{"cell_id":162,"site":[2.0976868954283443,6.322191565763743],"area":0.09092272092903139},"geometry":{"type":"Polygon","coordinates":[[[2.2245513763884506,6.15771284699448],[2.2918061598043584,6.353445352394997],[2.100592235103827,6.502597242129725],[1.8695495044577757,6.41742366000604],[1.8531885430839017,6.389828529832534],[2.1515814975234133,6.122266348660208],[2.2245513763884506,6.15771284699448]]]}},{"type":"Feature","id":163,"properties":{"cell_id":163,"site":[2.1087169613401726,4.505261140404916],"area":0.08676320677009476},"geometry":{"type":"Polygon","coordinates":[[[2.302166243576388,4.491032134411704],[2.1338297308690017,4.675018821209909],[2.1160445519304885,4.677270997870927],[1.9780889536557724,4.593333646401533],[2.000366338932518,4.292012035921688],[2.1782936581086423,4.296868061406663],[2.302166243576388,4.491032134411704]]]}},{"type":"Feature","id":164,"properties":{"cell_id":164,"site":[2.120187073281195,4.084990226541205],"area":0.16528055079049486},"geometry":{"type":"Polygon","coordinates":[[[2.375170699407789,3.9235002549534057],[2.3780798009329307,4.063473484553425],[2.1782936581086414,4.296868061406663],[2.00036633893252,4.292012035921688],[1.954069551779614,4.26225976891263],[1.8994130540820666,3.990499801587425],[2.1528647279776156,3.800604456459824],[2.375170699407789,3.9235002549534057]]]}},{"type":"Feature","id":165,"properties":{"cell_id":165,"site":[2.1518246840132678,4.8456778468928],"area":0.0445671404135749},"geometry":{"type":"Polygon","coordinates":[[[2.280423426423158,4.814883889024102],[2.212423469890282,4.961319214779134],[2.1146993631197804,4.964600146374973],[2.0753095034815674,4.935682060271397],[2.039954340163087,4.829617017043933],[2.11604455193049,4.677270997870927],[2.1338297308690026,4.675018821209909],[2.280423426423158,4.814883889024102]]]}},{"type":"Feature","id":166,"properties":{"cell_id":166,"site":[2.159717348682405,5.080764614873117],"area":0.03787843687551951},"geometry":{"type":"Polygon","coordinates":[[[2.2974436963887417,5.064977043305713],[2.295901790381287,5.081397153277512],[2.120309067801376,5.226524757420239],[2.0597960125211556,5.143912330112876],[2.1146993631197826,4.964600146374973],[2.2124234698902803,4.961319214779134],[2.2974436963887417,5.064977043305713]]]}},{"type":"Feature","id":167,"properties":{"cell_id":167,"site":[2.193281483341466,5.419168015433238],"area":0.0554556094352663},"geometry":{"type":"Polygon","coordinates":[[[2.3058502501214493,5.507508417276726],[2.1095109572088155,5.599499834043485],[2.1028557801524403,5.596115067957534],[2.0710300592816147,5.3312745996524304],[2.1210916136566067,5.27497628614357],[2.312259807493678,5.347730400583589],[2.3058502501214493,5.507508417276726]]]}},{"type":"Feature","id":168,"properties":{"cell_id":168,"site":[2.194477763617474,0.27401877284751414],"area":0.18010994607575387},"geometry":{"type":"Polygon","coordinates":[[[2.438816223758499,0.37163650297059725],[2.109055032549632,0.5741817109291052],[2.0189495429467277,0.4351589742373827],[2.067510882655225,0.0],[2.3809922952766516,0.0],[2.438816223758499,0.37163650297059725]]]}},{"type":"Feature","id":169,"properties":{"cell_id":169,"site":[2.2155315533054902,6.943826739393663],"area":0.1677681925969183},"geometry":{"type":"Polygon","coordinates":[[[2.4655910467150086,6.99377446703549],[2.2016985241500158,7.282824716633662],[2.109714135005205,7.255698734716414],[2.014130686900193,7.062024711946523],[2.0465004121577794,6.830639385459479],[2.1708626428273976,6.735400007666303],[2.382854769641521,6.7672835757875855],[2.4655910467150086,6.99377446703549]]]}},{"type":"Feature","id":170,"properties":{"cell_id":170,"site":[2.2656829347147367,0.9961291933259818],"area":0.23062012023972936},"geometry":{"type":"Polygon","coordinates":[[[2.623121073836396,1.0317096540177928],[2.5722865413320646,1.1638331421143893],[2.292586444252203,1.2843503976495079],[1.973420700256021,1.1134206053998916],[2.097613944218123,0.7145593878028071],[2.540255403658909,0.8974245581086175],[2.623121073836396,1.0317096540177928]]]}},{"type":"Feature","id":171,"properties":{"cell_id":171,"site":[2.2708821438553817,5.215265071590259],"area":0.043327097303118275},"geometry":{"type":"Polygon","coordinates":[[[2.3929105571048903,5.222675952896021],[2.3839634929052567,5.295853304943856],[2.31225980749368,5.34773040058359],[2.121091613656607,5.27497628614357],[2.120309067801376,5.226524757420238],[2.2959017903812864,5.081397153277512],[2.3929105571048903,5.222675952896021]]]}},{"type":"Feature","id":172,"properties":{"cell_id":172,"site":[2.2714061309725557,2.3420503579145064],"area":0.24689230347428165},"geometry":{"type":"Polygon","coordinates":[[[2.6054774268417704,2.3194151917417094],[2.2026310390249746,2.685257646193035],[2.0068035861383366,2.534099811222224],[1.9889809484890937,2.2407272163621763],[2.3248167633277905,1.9887189017177065],[2.6054774268417704,2.3194151917417094]]]}},{"type":"Feature","id":173,"properties":{"cell_id":173,"site":[2.2748633009563544,6.549333145569389],"area":0.10701633387428128},"geometry":{"type":"Polygon","coordinates":[[[2.40089556626299,6.401868060262819],[2.4813985832328735,6.626663300670426],[2.3828547696415225,6.767283575787586],[2.1708626428273985,6.735400007666304],[2.1005922351038273,6.502597242129724],[2.2918061598043575,6.3534453523949965],[2.40089556626299,6.401868060262819]]]}},{"type":"Feature","id":174,"properties":{"cell_id":174,"site":[2.2754176065047838,5.956316540943431],"area":0.09602992255790896},"geometry":{"type":"Polygon","coordinates":[[[2.4641327085322815,5.971800440788977],[2.4493479205946214,6.02425213579438],[2.224551376388451,6.157712846994479],[2.151581497523411,6.122266348660206],[2.0650095622927997,5.978525522869441],[2.192840134580348,5.795206063466619],[2.388054955515453,5.8119774530910915],[2.4641327085322815,5.971800440788977]]]}},{"type":"Feature","id":175,"properties":{"cell_id":175,"site":[2.30168751015068,5.650541369592515],"area":0.07262843957134274},"geometry":{"type":"Polygon","coordinates":[[[2.4257249085071306,5.574144529965396],[2.4452650216796306,5.718575406031621],[2.3880549555154533,5.8119774530910915],[2.192840134580347,5.795206063466619],[2.1095109572088138,5.599499834043485],[2.3058502501214484,5.507508417276725],[2.4257249085071306,5.574144529965396]]]}},{"type":"Feature","id":176,"properties":{"cell_id":176,"site":[2.3051454445207304,4.684981132271954],"area":0.05878568313577796},"geometry":{"type":"Polygon","coordinates":[[[2.336946706658723,4.499785388865458],[2.4479517517995695,4.745305914490749],[2.426700978067741,4.794402584064155],[2.280423426423159,4.814883889024102],[2.133829730869002,4.675018821209909],[2.302166243576388,4.491032134411705],[2.336946706658723,4.499785388865458]]]}},{"type":"Feature","id":177,"properties":{"cell_id":177,"site":[2.315753803987591,3.068010034297486],"area":0.20583518025208752},"geometry":{"type":"Polygon","coordinates":[[[2.595143628315808,2.94986160520596],[2.456076647525542,3.3328094791109972],[2.2839598644895345,3.35163563146775],[2.040535048787058,3.0678200905751987],[2.217555015989397,2.737610357130267],[2.595143628315808,2.94986160520596]]]}},{"type":"Feature","id":178,"properties":{"cell_id":178,"site":[2.339872417677647,4.933001295994659],"area":0.043143969097370186},"geometry":{"type":"Polygon","coordinates":[[[2.4438073153814095,4.828624759986046],[2.42722997388854,4.997544628521926],[2.2974436963887412,5.064977043305712],[2.212423469890281,4.9613192147791345],[2.280423426423158,4.8148838890241015],[2.426700978067741,4.794402584064154],[2.4438073153814095,4.828624759986046]]]}},{"type":"Feature","id":179,"properties":{"cell_id":179,"site":[2.37631448662434,3.6216818455299604],"area":0.2270075927654276},"geometry":{"type":"Polygon","coordinates":[[[2.6627634210387887,3.516548762055509],[2.585654617552894,3.8024260177696276],[2.37517069940779,3.9235002549534057],[2.152864727977616,3.8006044564598236],[2.1004647488518096,3.597432609711359],[2.283959864489536,3.3516356314677505],[2.4560766475255416,3.3328094791109977],[2.6627634210387887,3.516548762055509]]]}},{"type":"Feature","id":180,"properties":{"cell_id":180,"site":[2.3965984489017087,4.321598820076364],"area":0.11293349418048626},"geometry":{"type":"Polygon","coordinates":[[[2.625393508442765,4.303491155861589],[2.6081961694290468,4.4013479636322606],[2.3369467066587184,4.499785388865458],[2.302166243576388,4.4910321344117055],[2.1782936581086414,4.296868061406663],[2.3780798009329303,4.063473484553425],[2.625393508442765,4.303491155861589]]]}},{"type":"Feature","id":181,"properties":{"cell_id":181,"site":[2.415406500136504,0.6337099453076873],"area":0.17264758275464404},"geometry":{"type":"Polygon","coordinates":[[[2.6202772396606306,0.46738897118954387],[2.540255403658909,0.8974245581086184],[2.0976139442181236,0.714559387802808],[2.0892902133979745,0.6909562814598669],[2.1090550325496316,0.574181710929105],[2.438816223758499,0.371636502970597],[2.6202772396606306,0.46738897118954387]]]}},{"type":"Feature","id":182,"properties":{"cell_id":182,"site":[2.4251335295332743,5.42846885057121],"area":0.04483092336999003},"geometry":{"type":"Polygon","coordinates":[[[2.521028731102173,5.502311624705764],[2.4257249085071315,5.574144529965397],[2.3058502501214493,5.507508417276726],[2.312259807493678,5.3477304005835915],[2.3839634929052584,5.295853304943855],[2.51495503469242,5.358640331780314],[2.521028731102173,5.502311624705764]]]}},{"type":"Feature","id":183,"properties":{"cell_id":183,"site":[2.4257184872154256,6.209478076432617],"area":0.08445255741945362},"geometry":{"type":"Polygon","coordinates":[[[2.612534313895221,6.246478298434231],[2.4008955662629883,6.401868060262819],[2.291806159804359,6.353445352394997],[2.2245513763884506,6.157712846994479],[2.4493479205946214,6.024252135794379],[2.612534313895221,6.246478298434231]]]}},{"type":"Feature","id":184,"properties":{"cell_id":184,"site":[2.4298232684249883,5.106128509573913],"area":0.03331430076537177},"geometry":{"type":"Polygon","coordinates":[[[2.54552895270288,5.070583583409867],[2.538020280452792,5.135554155929496],[2.39291055710489,5.2226759528960205],[2.2959017903812864,5.081397153277512],[2.2974436963887412,5.064977043305712],[2.4272299738885392,4.997544628521926],[2.54552895270288,5.070583583409867]]]}},{"type":"Feature","id":185,"properties":{"cell_id":185,"site":[2.4347093886851265,7.740209072821384],"area":0.22378581597333322},"geometry":{"type":"Polygon","coordinates":[[[2.3150192801334373,7.453961855781966],[2.6905808678879075,7.53127511754901],[2.5732462273753494,8.0],[2.092574593211541,8.0],[2.3150192801334373,7.453961855781966]]]}},{"type":"Feature","id":186,"properties":{"cell_id":186,"site":[2.483593495167056,1.501862622473647],"area":0.259696783382497},"geometry":{"type":"Polygon","coordinates":[[[2.800246818443895,1.5440716424065455],[2.7631195018367585,1.6748687954607382],[2.3351694726804624,1.8476977618864092],[2.2162513872758307,1.7088654118398958],[2.292586444252204,1.2843503976495072],[2.5722865413320646,1.1638331421143893],[2.800246818443895,1.5440716424065455]]]}},{"type":"Feature","id":187,"properties":{"cell_id":187,"site":[2.496993477535479,4.598242561186103],"area":0.06241875022610476},"geometry":{"type":"Polygon","coordinates":[[[2.625437920404963,4.430467834857658],[2.6032225105073485,4.67674427509376],[2.447951751799569,4.74530591449075],[2.336946706658722,4.499785388865458],[2.6081961694290468,4.401347963632261],[2.625437920404963,4.430467834857658]]]}},{"type":"Feature","id":188,"properties":{"cell_id":188,"site":[2.5131298363612062,5.244883602411734],"area":0.0342201036026161},"geometry":{"type":"Polygon","coordinates":[[[2.633917080022623,5.251465490573359],[2.6083445022734377,5.306981593235258],[2.514955034692421,5.358640331780315],[2.3839634929052558,5.295853304943854],[2.392910557104889,5.222675952896021],[2.538020280452792,5.135554155929497],[2.633917080022623,5.251465490573359]]]}},{"type":"Feature","id":189,"properties":{"cell_id":189,"site":[2.5254682870332243,4.951215175348466],"area":0.03235269985227274},"geometry":{"type":"Polygon","coordinates":[[[2.609234053068144,5.026572445633684],[2.54552895270288,5.070583583409866],[2.42722997388854,4.997544628521926],[2.44380731538141,4.828624759986046],[2.6347368154937794,4.914302498270137],[2.609234053068144,5.026572445633684]]]}},{"type":"Feature","id":190,"properties":{"cell_id":190,"site":[2.5380397631540585,7.238265181025083],"area":0.23360569543972365},"geometry":{"type":"Polygon","coordinates":[[[2.8490384447074075,7.2350218420956445],[2.707152988549977,7.523519207563124],[2.690580867887906,7.53127511754901],[2.31501928013344,7.453961855781967],[2.201698524150015,7.282824716633662],[2.4655910467150077,6.9937744670354896],[2.761817713802455,7.051527380335338],[2.8490384447074075,7.2350218420956445]]]}},{"type":"Feature","id":191,"properties":{"cell_id":191,"site":[2.5508575542273904,2.649767505169352],"area":0.20860990658795736},"geometry":{"type":"Polygon","coordinates":[[[2.768273913010431,2.460086331492071],[2.6703437943323096,2.925749758193809],[2.5951436283158085,2.9498616052059603],[2.217555015989395,2.737610357130266],[2.2026310390249737,2.685257646193036],[2.6054774268417704,2.3194151917417094],[2.73203848636422,2.3447300330605025],[2.768273913010431,2.460086331492071]]]}},{"type":"Feature","id":192,"properties":{"cell_id":192,"site":[2.565603246419004,5.614836100088215],"area":0.04605704833151854},"geometry":{"type":"Polygon","coordinates":[[[2.6908427219543554,5.541439591998883],[2.696760598623515,5.551644846331712],[2.655857497134319,5.712801120225385],[2.44526502167963,5.718575406031621],[2.42572490850713,5.574144529965397],[2.5210287311021737,5.502311624705763],[2.6908427219543554,5.541439591998883]]]}},{"type":"Feature","id":193,"properties":{"cell_id":193,"site":[2.5711070704846204,5.815564635761557],"area":0.06551465497991774},"geometry":{"type":"Polygon","coordinates":[[[2.7448905242276647,5.84150103488416],[2.697997319926518,5.9117376308457255],[2.464132708532283,5.971800440788977],[2.3880549555154538,5.811977453091091],[2.4452650216796306,5.718575406031621],[2.655857497134318,5.712801120225385],[2.7448905242276647,5.84150103488416]]]}},{"type":"Feature","id":194,"properties":{"cell_id":194,"site":[2.589674037574928,4.8081351629580915],"area":0.04182971423029045},"geometry":{"type":"Polygon","coordinates":[[[2.6979196571448165,4.742722754909628],[2.6843274394848056,4.880386971338277],[2.6347368154937794,4.914302498270137],[2.4438073153814104,4.828624759986046],[2.4267009780677418,4.794402584064155],[2.4479517517995713,4.745305914490748],[2.603222510507348,4.676744275093759],[2.6979196571448165,4.742722754909628]]]}},{"type":"Feature","id":195,"properties":{"cell_id":195,"site":[2.5918894445532175,6.4358006660934075],"area":0.0998245456261559},"geometry":{"type":"Polygon","coordinates":[[[2.7595954263743483,6.262504682636277],[2.7221068990096122,6.604723061998852],[2.4813985832328735,6.626663300670424],[2.4008955662629905,6.401868060262818],[2.612534313895221,6.246478298434232],[2.7595954263743483,6.262504682636277]]]}},{"type":"Feature","id":196,"properties":{"cell_id":196,"site":[2.610349521137973,5.420638854193145],"area":0.031801027672389334},"geometry":{"type":"Polygon","coordinates":[[[2.713547005066988,5.44493510099349],[2.6908427219543554,5.541439591998884],[2.5210287311021724,5.502311624705764],[2.5149550346924197,5.358640331780315],[2.608344502273438,5.306981593235257],[2.713547005066988,5.44493510099349]]]}},{"type":"Feature","id":197,"properties":{"cell_id":197,"site":[2.62457569550209,6.794404441227057],"area":0.1639422406406605},"geometry":{"type":"Polygon","coordinates":[[[2.9048654873895523,6.750989204196848],[2.761817713802454,7.051527380335339],[2.4655910467150104,6.993774467035491],[2.382854769641523,6.7672835757875855],[2.4813985832328753,6.626663300670423],[2.722106899009612,6.604723061998852],[2.9048654873895523,6.750989204196848]]]}},{"type":"Feature","id":198,"properties":{"cell_id":198,"site":[2.633153587100002,6.057153141366474],"area":0.07611088614948072},"geometry":{"type":"Polygon","coordinates":[[[2.8023821689392467,6.236192553324783],[2.759595426374348,6.262504682636277],[2.612534313895223,6.246478298434232],[2.449347920594621,6.024252135794378],[2.46413270853228,5.971800440788977],[2.697997319926518,5.911737630845725],[2.8023821689392467,6.236192553324783]]]}},{"type":"Feature","id":199,"properties":{"cell_id":199,"site":[2.63664382456077,4.074256566061194],"area":0.16645617042445743},"geometry":{"type":"Polygon","coordinates":[[[2.9401390422477647,4.044959177192657],[2.9405824876718913,4.0907691528733485],[2.9265156174563733,4.11993636281895],[2.625393508442765,4.30349115586159],[2.3780798009329307,4.063473484553426],[2.375170699407789,3.9235002549534066],[2.585654617552895,3.802426017769627],[2.9401390422477647,4.044959177192657]]]}},{"type":"Feature","id":200,"properties":{"cell_id":200,"site":[2.641944703440069,0.2043961816341318],"area":0.18744828959801063},"geometry":{"type":"Polygon","coordinates":[[[2.864015327580833,0.3428341981113382],[2.81261304882693,0.42450782382997965],[2.6202772396606306,0.4673889711895445],[2.438816223758499,0.37163650297059725],[2.3809922952766516,0.0],[2.8353421712553097,0.0],[2.864015327580833,0.3428341981113382]]]}},{"type":"Feature","id":201,"properties":{"cell_id":201,"site":[2.6500769376215842,5.131583304717928],"area":0.03175923779805899},"geometry":{"type":"Polygon","coordinates":[[[2.7646152693317676,5.1124570564348115],[2.703684279363222,5.228812086714028],[2.6339170800226235,5.251465490573359],[2.538020280452791,5.135554155929496],[2.5455289527028793,5.070583583409867],[2.6092340530681435,5.026572445633685],[2.7613908702027836,5.101389459896653],[2.7646152693317676,5.1124570564348115]]]}},{"type":"Feature","id":202,"properties":{"cell_id":202,"site":[2.6821306876597495,1.9934700137172787],"area":0.28493926607019593},"geometry":{"type":"Polygon","coordinates":[[[2.997605487685223,1.9760886234867325],[2.8869304028554166,2.2287038952836755],[2.7320384863642193,2.344730033060502],[2.6054774268417704,2.319415191741709],[2.3248167633277905,1.9887189017177063],[2.335169472680463,1.8476977618864092],[2.7631195018367585,1.6748687954607384],[2.997605487685223,1.9760886234867325]]]}},{"type":"Feature","id":203,"properties":{"cell_id":203,"site":[2.717335210307106,4.994798847350615],"area":0.03024976094949543},"geometry":{"type":"Polygon","coordinates":[[[2.832791542190524,4.949085022820103],[2.7613908702027823,5.101389459896653],[2.609234053068145,5.026572445633686],[2.6347368154937802,4.914302498270137],[2.6843274394848056,4.880386971338278],[2.8305999050701107,4.945250574642987],[2.832791542190524,4.949085022820103]]]}},{"type":"Feature","id":204,"properties":{"cell_id":204,"site":[2.717420867570496,5.338986899087245],"area":0.026639572655252207},"geometry":{"type":"Polygon","coordinates":[[[2.8193318015628526,5.3642376430030065],[2.713547005066988,5.444935100993489],[2.6083445022734386,5.306981593235257],[2.633917080022623,5.25146549057336],[2.7036842793632228,5.228812086714028],[2.817846534646201,5.319689512113382],[2.8193318015628526,5.3642376430030065]]]}},{"type":"Feature","id":205,"properties":{"cell_id":205,"site":[2.721784943180244,4.618519915146541],"area":0.06021400454429586},"geometry":{"type":"Polygon","coordinates":[[[2.895232591529439,4.568457452906197],[2.8945586556237917,4.677497700864124],[2.6979196571448156,4.742722754909627],[2.60322251050735,4.6767442750937605],[2.6254379204049645,4.43046783485766],[2.895232591529439,4.568457452906197]]]}},{"type":"Feature","id":206,"properties":{"cell_id":206,"site":[2.733616186345447,3.2197561696337664],"area":0.204658109438886},"geometry":{"type":"Polygon","coordinates":[[[2.800789841864039,2.966901325812802],[2.9906147648387003,3.300332907783656],[2.89610959056407,3.462185263750916],[2.6627634210387887,3.5165487620555087],[2.456076647525542,3.332809479110998],[2.595143628315808,2.9498616052059607],[2.670343794332311,2.925749758193809],[2.800789841864039,2.966901325812802]]]}},{"type":"Feature","id":207,"properties":{"cell_id":207,"site":[2.7516078689260133,0.6962709323868588],"area":0.16130541775199575},"geometry":{"type":"Polygon","coordinates":[[[2.9659351715598588,0.6642992390085225],[2.73184071538637,0.9998793861390141],[2.623121073836396,1.031709654017793],[2.54025540365891,0.8974245581086189],[2.6202772396606306,0.4673889711895439],[2.8126130488269294,0.4245078238299792],[2.9659351715598588,0.6642992390085225]]]}},{"type":"Feature","id":208,"properties":{"cell_id":208,"site":[2.781906608230355,5.669736093410606],"area":0.04750067000826484},"geometry":{"type":"Polygon","coordinates":[[[2.8864592925741763,5.629675952069951],[2.8394746042059453,5.8257840784768815],[2.7448905242276647,5.841501034884159],[2.6558574971343187,5.712801120225386],[2.696760598623515,5.551644846331711],[2.8376321839025587,5.576122830473095],[2.8864592925741763,5.629675952069951]]]}},{"type":"Feature","id":209,"properties":{"cell_id":209,"site":[2.791282956564528,4.828040933536653],"area":0.03746328676907925},"geometry":{"type":"Polygon","coordinates":[[[2.9099348728524097,4.698018405592901],[2.8305999050701107,4.945250574642987],[2.684327439484806,4.880386971338278],[2.697919657144817,4.742722754909627],[2.8945586556237908,4.677497700864124],[2.9099348728524097,4.698018405592901]]]}},{"type":"Feature","id":210,"properties":{"cell_id":210,"site":[2.8141337450279846,5.2174940183532845],"area":0.02707218040239258},"geometry":{"type":"Polygon","coordinates":[[[2.9290493302579867,5.2177504529667065],[2.8178465346462005,5.319689512113383],[2.7036842793632223,5.2288120867140275],[2.764615269331767,5.112457056434812],[2.925555093439101,5.173839214959215],[2.9290493302579867,5.2177504529667065]]]}},{"type":"Feature","id":211,"properties":{"cell_id":211,"site":[2.8167522138898655,5.469198513154372],"area":0.029063763952648827},"geometry":{"type":"Polygon","coordinates":[[[2.9101115623652847,5.432239366706124],[2.83763218390256,5.5761228304730945],[2.6967605986235146,5.55164484633171],[2.6908427219543554,5.541439591998882],[2.713547005066988,5.444935100993489],[2.819331801562852,5.364237643003008],[2.9101115623652847,5.432239366706124]]]}},{"type":"Feature","id":212,"properties":{"cell_id":212,"site":[2.8178401784088405,7.836117174065027],"area":0.15199749344063707},"geometry":{"type":"Polygon","coordinates":[[[2.6905808678879057,7.531275117549011],[2.7071529885499777,7.523519207563126],[3.014280659419773,7.713723489691551],[3.011029903620019,8.0],[2.573246227375348,8.0],[2.6905808678879057,7.531275117549011]]]}},{"type":"Feature","id":213,"properties":{"cell_id":213,"site":[2.8343057267299905,4.398521423797765],"area":0.1070092352132808},"geometry":{"type":"Polygon","coordinates":[[[3.011356355512755,4.446267739146176],[2.895232591529438,4.5684574529061965],[2.625437920404963,4.430467834857659],[2.608196169429047,4.401347963632263],[2.6253935084427655,4.303491155861589],[2.9265156174563742,4.119936362818949],[3.011356355512755,4.446267739146176]]]}},{"type":"Feature","id":214,"properties":{"cell_id":214,"site":[2.8354675528138187,5.9920639369776385],"area":0.07556465823853042},"geometry":{"type":"Polygon","coordinates":[[[2.9350033046585113,5.868893513538812],[2.945472558666932,6.191227479937966],[2.9012525509434925,6.225735117324651],[2.8023821689392467,6.236192553324784],[2.697997319926518,5.911737630845726],[2.744890524227665,5.841501034884159],[2.8394746042059444,5.825784078476882],[2.9350033046585113,5.868893513538812]]]}},{"type":"Feature","id":215,"properties":{"cell_id":215,"site":[2.8574910396947515,3.751468135033978],"area":0.19700079613265756},"geometry":{"type":"Polygon","coordinates":[[[3.1335010381817145,3.7553278517410895],[3.12893268001781,3.814615431143269],[2.940139042247766,4.044959177192657],[2.585654617552894,3.8024260177696254],[2.6627634210387883,3.5165487620555087],[2.89610959056407,3.4621852637509156],[3.1335010381817145,3.7553278517410895]]]}},{"type":"Feature","id":216,"properties":{"cell_id":216,"site":[2.8715038702539895,5.067073471327094],"area":0.0321133307306654},"geometry":{"type":"Polygon","coordinates":[[[2.9784467379601325,5.105460310454049],[2.9255550934391,5.173839214959214],[2.7646152693317685,5.112457056434812],[2.7613908702027836,5.101389459896652],[2.8327915421905248,4.9490850228201015],[2.959978967644254,4.987890331904781],[2.9784467379601325,5.105460310454049]]]}},{"type":"Feature","id":217,"properties":{"cell_id":217,"site":[2.8858066945229512,6.467998015893794],"area":0.13533069021441274},"geometry":{"type":"Polygon","coordinates":[[[3.138034065836348,6.665827955086393],[3.1380293569086963,6.67938818671028],[2.904865487389552,6.750989204196848],[2.7221068990096122,6.604723061998853],[2.7595954263743483,6.262504682636276],[2.802382168939243,6.236192553324784],[2.901252550943493,6.225735117324651],[3.138034065836348,6.665827955086393]]]}},{"type":"Feature","id":218,"properties":{"cell_id":218,"site":[2.890871642468312,2.7212732711461034],"area":0.13515359034027355},"geometry":{"type":"Polygon","coordinates":[[[3.1749773154269407,2.7506186926138216],[3.148878943638792,2.789373118888261],[2.800789841864038,2.9669013258128025],[2.670343794332309,2.925749758193809],[2.7682739130104306,2.460086331492071],[3.1749773154269407,2.7506186926138216]]]}},{"type":"Feature","id":219,"properties":{"cell_id":219,"site":[2.912228512750068,1.2448877045918942],"area":0.23466748034405258},"geometry":{"type":"Polygon","coordinates":[[[3.2329831835122915,1.2040772617732156],[3.239630694724491,1.3328612914790785],[3.217958753462835,1.3694306525159259],[2.800246818443896,1.5440716424065455],[2.572286541332065,1.163833142114389],[2.6231210738363964,1.031709654017793],[2.73184071538637,0.9998793861390143],[3.157173328015106,1.1126951061800254],[3.2329831835122915,1.2040772617732156]]]}},{"type":"Feature","id":220,"properties":{"cell_id":220,"site":[2.9193345314051187,5.3322549514404045],"area":0.028033144597590147},"geometry":{"type":"Polygon","coordinates":[[[3.010899109995788,5.293573605151898],[2.996244641880693,5.424961205455749],[2.9101115623652825,5.432239366706123],[2.819331801562853,5.364237643003009],[2.817846534646201,5.319689512113382],[2.9290493302579876,5.2177504529667065],[3.010899109995788,5.293573605151898]]]}},{"type":"Feature","id":221,"properties":{"cell_id":221,"site":[2.9307763418270905,4.8728033253733205],"area":0.03194523429786934},"geometry":{"type":"Polygon","coordinates":[[[2.9689147445397417,4.730128224312564],[3.0104472734023973,4.945343729665264],[2.959978967644254,4.987890331904782],[2.832791542190523,4.9490850228201015],[2.8305999050701107,4.945250574642987],[2.9099348728524097,4.6980184055929],[2.9689147445397417,4.730128224312564]]]}},{"type":"Feature","id":222,"properties":{"cell_id":222,"site":[2.935981138874349,5.529258496083682],"area":0.023441287281116496},"geometry":{"type":"Polygon","coordinates":[[[2.9984670720355533,5.426907738308697],[2.985147940898861,5.615948352414993],[2.886459292574176,5.629675952069951],[2.8376321839025596,5.576122830473096],[2.9101115623652865,5.432239366706123],[2.996244641880692,5.42496120545575],[2.9984670720355533,5.426907738308697]]]}},{"type":"Feature","id":223,"properties":{"cell_id":223,"site":[2.961507016782443,5.712765769851024],"area":0.0408612768143477},"geometry":{"type":"Polygon","coordinates":[[[3.054458608417926,5.6492624674625835],[3.0694756006473565,5.687714745428509],[3.0029022728436914,5.848762715887113],[2.9350033046585127,5.868893513538812],[2.8394746042059453,5.825784078476882],[2.8864592925741768,5.629675952069951],[2.985147940898862,5.615948352414993],[3.054458608417926,5.6492624674625835]]]}},{"type":"Feature","id":224,"properties":{"cell_id":224,"site":[3.009944870460428,0.8764820098323086],"area":0.12913766109925068},"geometry":{"type":"Polygon","coordinates":[[[3.157173328015105,1.1126951061800248],[2.73184071538637,0.9998793861390141],[2.9659351715598588,0.6642992390085222],[3.18230012089504,0.7055281568483509],[3.157173328015105,1.1126951061800248]]]}},{"type":"Feature","id":225,"properties":{"cell_id":225,"site":[3.0363241003007944,7.483325652747612],"area":0.20240373221870572},"geometry":{"type":"Polygon","coordinates":[[[3.300963828194362,7.415652373660808],[3.271101931724076,7.590376528387282],[3.0142806594197724,7.713723489691551],[2.7071529885499777,7.523519207563126],[2.8490384447074093,7.235021842095644],[3.2112668096687504,7.2436381428671375],[3.300963828194362,7.415652373660808]]]}},{"type":"Feature","id":226,"properties":{"cell_id":226,"site":[3.0423218754495025,5.9853454069058465],"area":0.06850533919034306},"geometry":{"type":"Polygon","coordinates":[[[3.170062565585387,5.919285601652037],[3.205093317313166,5.9805597279064955],[3.134314364062145,6.154814356768551],[2.945472558666932,6.191227479937966],[2.9350033046585113,5.868893513538813],[3.0029022728436927,5.848762715887113],[3.170062565585387,5.919285601652037]]]}},{"type":"Feature","id":227,"properties":{"cell_id":227,"site":[3.0424781856309604,5.199323509209209],"area":0.03230227733592785},"geometry":{"type":"Polygon","coordinates":[[[3.1771509718844446,5.2398016951382385],[3.0108991099957882,5.293573605151899],[2.9290493302579876,5.2177504529667065],[2.9255550934391015,5.173839214959212],[2.978446737960132,5.105460310454049],[3.1351031863946663,5.13041177334468],[3.1771509718844446,5.2398016951382385]]]}},{"type":"Feature","id":228,"properties":{"cell_id":228,"site":[3.0459843940409423,5.537008935257578],"area":0.021121016155816942},"geometry":{"type":"Polygon","coordinates":[[[3.1411450912009684,5.5409794214031605],[3.0544586084179266,5.6492624674625835],[2.985147940898862,5.615948352414993],[2.9984670720355533,5.426907738308698],[3.041011571458034,5.437388820714711],[3.1411450912009684,5.5409794214031605]]]}},{"type":"Feature","id":229,"properties":{"cell_id":229,"site":[3.0479183715870737,6.9959037251331875],"area":0.22877326418831967},"geometry":{"type":"Polygon","coordinates":[[[3.1786116072014368,6.705724784246042],[3.330405456651809,7.016692237048669],[3.2112668096687513,7.243638142867138],[2.8490384447074075,7.2350218420956445],[2.761817713802455,7.0515273803353375],[2.904865487389552,6.750989204196848],[3.1380293569086977,6.67938818671028],[3.1786116072014368,6.705724784246042]]]}},{"type":"Feature","id":230,"properties":{"cell_id":230,"site":[3.0525105567892217,3.038207382477083],"area":0.12574117859362038},"geometry":{"type":"Polygon","coordinates":[[[3.2101986251186254,3.2341186585294874],[2.9906147648387016,3.3003329077836563],[2.8007898418640393,2.9669013258128016],[3.148878943638792,2.789373118888261],[3.2101986251186254,3.2341186585294874]]]}},{"type":"Feature","id":231,"properties":{"cell_id":231,"site":[3.0551010174118995,2.4913758328421354],"area":0.1549005785280676},"geometry":{"type":"Polygon","coordinates":[[[3.202950598676671,2.7367330951453765],[3.1749773154269407,2.7506186926138225],[2.7682739130104306,2.4600863314920716],[2.7320384863642198,2.344730033060502],[2.886930402855416,2.2287038952836764],[3.2991776010051774,2.446669142391884],[3.202950598676671,2.7367330951453765]]]}},{"type":"Feature","id":232,"properties":{"cell_id":232,"site":[3.0574044989638374,4.848366482021872],"area":0.030500224093069583},"geometry":{"type":"Polygon","coordinates":[[[3.115359970119032,4.939160935257612],[3.010447273402398,4.945343729665264],[2.9689147445397426,4.730128224312564],[3.157674368754688,4.73895141335366],[3.115359970119032,4.939160935257612]]]}},{"type":"Feature","id":233,"properties":{"cell_id":233,"site":[3.060004950665816,0.1694314468199643],"area":0.12297238320725928},"geometry":{"type":"Polygon","coordinates":[[[3.247530219467504,0.29865848881018237],[3.23850268975752,0.3131288961658877],[2.864015327580833,0.342834198111337],[2.8353421712553097,0.0],[3.197110792727439,0.0],[3.247530219467504,0.29865848881018237]]]}},{"type":"Feature","id":234,"properties":{"cell_id":234,"site":[3.068048178903604,4.620660035255674],"area":0.08166293815055234},"geometry":{"type":"Polygon","coordinates":[[[3.272496979998021,4.5107790254083495],[3.1919684826394588,4.720799297971105],[3.157674368754688,4.738951413353661],[2.96891474453974,4.730128224312564],[2.9099348728524093,4.698018405592901],[2.8945586556237917,4.677497700864125],[2.8952325915294392,4.568457452906196],[3.0113563555127554,4.446267739146176],[3.272496979998021,4.5107790254083495]]]}},{"type":"Feature","id":235,"properties":{"cell_id":235,"site":[3.068470168717468,5.03613420940941],"area":0.033076803637166786},"geometry":{"type":"Polygon","coordinates":[[[3.192166108517058,5.0061912520994625],[3.1351031863946677,5.13041177334468],[2.9784467379601316,5.105460310454049],[2.959978967644253,4.987890331904782],[3.010447273402396,4.945343729665264],[3.115359970119031,4.939160935257612],[3.192166108517058,5.0061912520994625]]]}},{"type":"Feature","id":236,"properties":{"cell_id":236,"site":[3.084891507022078,0.48317008043603205],"area":0.13940918554089252},"geometry":{"type":"Polygon","coordinates":[[[3.303108827443058,0.6331854302753581],[3.182300120895041,0.7055281568483507],[2.9659351715598588,0.6642992390085221],[2.81261304882693,0.42450782382997954],[2.8640153275808333,0.34283419811133753],[3.2385026897575186,0.31312889616588835],[3.303108827443058,0.6331854302753581]]]}},{"type":"Feature","id":237,"properties":{"cell_id":237,"site":[3.091690785102594,5.351478905743593],"area":0.028148960470196747},"geometry":{"type":"Polygon","coordinates":[[[3.2131656268380517,5.264389383940648],[3.209792830694591,5.350160323936309],[3.041011571458032,5.437388820714709],[2.998467072035554,5.426907738308697],[2.996244641880693,5.42496120545575],[3.010899109995788,5.2935736051519],[3.177150971884444,5.2398016951382385],[3.2131656268380517,5.264389383940648]]]}},{"type":"Feature","id":238,"properties":{"cell_id":238,"site":[3.091853136253896,1.6745196547304384],"area":0.22035922094692267},"geometry":{"type":"Polygon","coordinates":[[[3.3272292582315464,1.80122070379669],[3.2016620061508707,1.9361042091378153],[2.997605487685223,1.9760886234867323],[2.763119501836759,1.6748687954607382],[2.8002468184438953,1.5440716424065448],[3.2179587534628356,1.3694306525159252],[3.3272292582315464,1.80122070379669]]]}},{"type":"Feature","id":239,"properties":{"cell_id":239,"site":[3.111929684067895,6.346337903702786],"area":0.10448371473553097},"geometry":{"type":"Polygon","coordinates":[[[3.1380340658363486,6.665827955086394],[2.901252550943493,6.22573511732465],[2.9454725586669293,6.191227479937967],[3.134314364062145,6.154814356768552],[3.301069792752821,6.293190495983375],[3.1380340658363486,6.665827955086394]]]}},{"type":"Feature","id":240,"properties":{"cell_id":240,"site":[3.1282416733616545,5.78168983587353],"area":0.03341981809567718},"geometry":{"type":"Polygon","coordinates":[[[3.170062565585387,5.919285601652037],[3.002902272843692,5.848762715887112],[3.0694756006473574,5.687714745428507],[3.240350429929482,5.730918786968474],[3.170062565585387,5.919285601652037]]]}},{"type":"Feature","id":241,"properties":{"cell_id":241,"site":[3.1404056057506984,5.445738798738862],"area":0.013354939267812452},"geometry":{"type":"Polygon","coordinates":[[[3.2106363225029826,5.352016433523127],[3.142275089582535,5.540825879132923],[3.1411450912009693,5.540979421403161],[3.041011571458033,5.437388820714709],[3.2097928306945915,5.350160323936309],[3.2106363225029826,5.352016433523127]]]}},{"type":"Feature","id":242,"properties":{"cell_id":242,"site":[3.142733436670487,4.318335341653607],"area":0.1202022301011537},"geometry":{"type":"Polygon","coordinates":[[[3.3713331904401764,4.265529113872504],[3.3963938368833215,4.36578232092363],[3.3467472848023387,4.473126899655307],[3.27249697999802,4.5107790254083495],[3.0113563555127545,4.446267739146176],[2.926515617456374,4.119936362818948],[2.940582487671891,4.090769152873349],[3.3713331904401764,4.265529113872504]]]}},{"type":"Feature","id":243,"properties":{"cell_id":243,"site":[3.165845487170613,5.632964276043243],"area":0.027726877754271576},"geometry":{"type":"Polygon","coordinates":[[[3.2609993076825736,5.608582565737526],[3.2741478207393957,5.710624540621829],[3.2403504299294843,5.730918786968474],[3.0694756006473556,5.687714745428506],[3.054458608417926,5.6492624674625835],[3.1411450912009675,5.540979421403161],[3.14227508958254,5.540825879132922],[3.2041191812766128,5.555436087113894],[3.2609993076825736,5.608582565737526]]]}},{"type":"Feature","id":244,"properties":{"cell_id":244,"site":[3.187101038647385,3.484544808276561],"area":0.16323711450123568},"geometry":{"type":"Polygon","coordinates":[[[3.4374506932886812,3.505490057026888],[3.43425365681186,3.541624989760059],[3.133501038181714,3.7553278517410886],[2.8961095905640697,3.462185263750915],[2.9906147648386994,3.3003329077836567],[3.2101986251186263,3.2341186585294874],[3.2173706055490188,3.2359334259932853],[3.4374506932886812,3.505490057026888]]]}},{"type":"Feature","id":245,"properties":{"cell_id":245,"site":[3.198696955728535,2.219786558762443],"area":0.1698499789688816},"geometry":{"type":"Polygon","coordinates":[[[3.4697102007860305,2.3137976884871887],[3.462162737071942,2.33919652264851],[3.2991776010051765,2.446669142391884],[2.8869304028554166,2.228703895283677],[2.9976054876852234,1.9760886234867325],[3.201662006150869,1.9361042091378158],[3.4697102007860305,2.3137976884871887]]]}},{"type":"Feature","id":246,"properties":{"cell_id":246,"site":[3.2045864065531946,5.468976400324472],"area":0.013415495378259278},"geometry":{"type":"Polygon","coordinates":[[[3.2777821821203674,5.428228186198127],[3.2041191812766137,5.555436087113895],[3.1422750895825353,5.540825879132922],[3.210636322502982,5.3520164335231275],[3.2777821821203674,5.428228186198127]]]}},{"type":"Feature","id":247,"properties":{"cell_id":247,"site":[3.2050970724549983,4.879581393134986],"area":0.04568726405018422},"geometry":{"type":"Polygon","coordinates":[[[3.365852328106985,4.889565760393322],[3.356005444953813,4.975506421639509],[3.1921661085170583,5.0061912520994625],[3.115359970119032,4.939160935257613],[3.1576743687546887,4.738951413353659],[3.191968482639458,4.720799297971103],[3.365852328106985,4.889565760393322]]]}},{"type":"Feature","id":248,"properties":{"cell_id":248,"site":[3.2078912120090664,7.840546320760681],"area":0.12424915835664344},"geometry":{"type":"Polygon","coordinates":[[[3.0142806594197724,7.713723489691552],[3.2711019317240764,7.590376528387283],[3.3811501242698045,7.719376981285815],[3.355797265582109,8.0],[3.0110299036200185,8.0],[3.0142806594197724,7.713723489691552]]]}},{"type":"Feature","id":249,"properties":{"cell_id":249,"site":[3.24414453807651,4.068375894710486],"area":0.13235147753430798},"geometry":{"type":"Polygon","coordinates":[[[3.4676547297744262,4.015323385655848],[3.3713331904401764,4.265529113872504],[2.9405824876718913,4.090769152873349],[2.940139042247765,4.044959177192657],[3.1289326800178108,3.8146154311432676],[3.4676547297744262,4.015323385655848]]]}},{"type":"Feature","id":250,"properties":{"cell_id":250,"site":[3.2500381151343847,5.1195406987917735],"area":0.04386395482377655},"geometry":{"type":"Polygon","coordinates":[[[3.37586438195905,5.002330903000204],[3.284471360621628,5.241511852449096],[3.2131656268380517,5.264389383940648],[3.177150971884445,5.239801695138239],[3.135103186394667,5.130411773344681],[3.1921661085170574,5.006191252099463],[3.3560054449538135,4.97550642163951],[3.37586438195905,5.002330903000204]]]}},{"type":"Feature","id":251,"properties":{"cell_id":251,"site":[3.2788744503193774,5.51199479927009],"area":0.018729742253279263},"geometry":{"type":"Polygon","coordinates":[[[3.4075824330766515,5.485959584238386],[3.260999307682575,5.608582565737526],[3.204119181276615,5.555436087113895],[3.2777821821203688,5.428228186198127],[3.3979303437956965,5.466797525743848],[3.4075824330766515,5.485959584238386]]]}},{"type":"Feature","id":252,"properties":{"cell_id":252,"site":[3.2917966467036948,5.84271932133985],"area":0.046696375368051254},"geometry":{"type":"Polygon","coordinates":[[[3.3870310216315955,5.743059526180208],[3.3975766632258386,5.960442033977368],[3.2050933173131653,5.980559727906496],[3.1700625655853862,5.919285601652038],[3.2403504299294816,5.730918786968475],[3.2741478207393935,5.71062454062183],[3.3870310216315955,5.743059526180208]]]}},{"type":"Feature","id":253,"properties":{"cell_id":253,"site":[3.3089882367914725,3.0028452973235997],"area":0.11164186984187806},"geometry":{"type":"Polygon","coordinates":[[[3.4435956513260093,2.8390118421398123],[3.5031457659886844,3.0575553019404182],[3.217370605549016,3.2359334259932844],[3.2101986251186267,3.2341186585294874],[3.1488789436387923,2.7893731188882613],[3.1749773154269407,2.750618692613822],[3.2029505986766713,2.736733095145376],[3.4435956513260093,2.8390118421398123]]]}},{"type":"Feature","id":254,"properties":{"cell_id":254,"site":[3.318424731221591,6.097493194593232],"area":0.07685922308900779},"geometry":{"type":"Polygon","coordinates":[[[3.408537829589476,5.967614084970271],[3.459974916988392,6.262336274923479],[3.30106979275282,6.293190495983374],[3.1343143640621447,6.154814356768552],[3.2050933173131657,5.9805597279064955],[3.397576663225838,5.960442033977367],[3.408537829589476,5.967614084970271]]]}},{"type":"Feature","id":255,"properties":{"cell_id":255,"site":[3.3274266508379338,5.360748817194579],"area":0.03410023591951278},"geometry":{"type":"Polygon","coordinates":[[[3.424720901805916,5.339125308288141],[3.3979303437956965,5.466797525743848],[3.277782182120367,5.428228186198126],[3.2106363225029826,5.3520164335231275],[3.2097928306945906,5.350160323936308],[3.2131656268380517,5.264389383940648],[3.2844713606216285,5.241511852449096],[3.3987601743218434,5.2806167326014135],[3.424720901805916,5.339125308288141]]]}},{"type":"Feature","id":256,"properties":{"cell_id":256,"site":[3.332328083630062,0.89637668998397],"area":0.15346654154670344},"geometry":{"type":"Polygon","coordinates":[[[3.521717426566477,0.7526222536568172],[3.5047017679887835,1.0111002027699507],[3.2329831835122915,1.2040772617732163],[3.157173328015104,1.1126951061800234],[3.1823001208950394,0.7055281568483515],[3.303108827443058,0.6331854302753577],[3.4458246182934507,0.66657180012964],[3.521717426566477,0.7526222536568172]]]}},{"type":"Feature","id":257,"properties":{"cell_id":257,"site":[3.3510718182349506,4.729180361004203],"area":0.0805260121125545},"geometry":{"type":"Polygon","coordinates":[[[3.548502589150354,4.719994957902454],[3.365852328106985,4.889565760393324],[3.1919684826394588,4.720799297971105],[3.272496979998021,4.51077902540835],[3.3467472848023387,4.473126899655308],[3.548502589150354,4.719994957902454]]]}},{"type":"Feature","id":258,"properties":{"cell_id":258,"site":[3.3592257295431187,5.608046465067424],"area":0.028962834623581055},"geometry":{"type":"Polygon","coordinates":[[[3.424820420525294,5.497934441149614],[3.418383465602863,5.724631669335008],[3.3870310216315955,5.743059526180208],[3.274147820739396,5.71062454062183],[3.260999307682574,5.608582565737526],[3.407582433076652,5.485959584238386],[3.424820420525294,5.497934441149614]]]}},{"type":"Feature","id":259,"properties":{"cell_id":259,"site":[3.3822396412880513,0.11503189353198986],"area":0.09923249293092083},"geometry":{"type":"Polygon","coordinates":[[[3.5852275649625276,0.2256748550443255],[3.247530219467505,0.2986584888101804],[3.1971107927274396,0.0],[3.613324703607137,0.0],[3.5852275649625276,0.2256748550443255]]]}},{"type":"Feature","id":260,"properties":{"cell_id":260,"site":[3.390398773197776,6.468173240599248],"area":0.13164435494716156},"geometry":{"type":"Polygon","coordinates":[[[3.484153032588995,6.271023942590253],[3.630373622778075,6.467261376615099],[3.6142522696716366,6.570183452864027],[3.1786116072014385,6.705724784246044],[3.1380293569086968,6.67938818671028],[3.1380340658363486,6.665827955086392],[3.3010697927528208,6.293190495983374],[3.4599749169883918,6.262336274923479],[3.484153032588995,6.271023942590253]]]}},{"type":"Feature","id":261,"properties":{"cell_id":261,"site":[3.3914673591293893,5.173581984036077],"area":0.03175411467092374},"geometry":{"type":"Polygon","coordinates":[[[3.429901649518407,5.030303091697554],[3.4825399677110687,5.191668592404075],[3.3987601743218425,5.280616732601413],[3.284471360621629,5.241511852449095],[3.3758643819590506,5.002330903000204],[3.429901649518407,5.030303091697554]]]}},{"type":"Feature","id":262,"properties":{"cell_id":262,"site":[3.4068441483896263,3.7937981101194573],"area":0.13558582020697502},"geometry":{"type":"Polygon","coordinates":[[[3.630478908233611,3.749530231279331],[3.544268868360014,3.979689513392083],[3.4676547297744262,4.015323385655849],[3.1289326800178103,3.8146154311432676],[3.133501038181715,3.7553278517410886],[3.4342536568118587,3.5416249897600593],[3.630478908233611,3.749530231279331]]]}},{"type":"Feature","id":263,"properties":{"cell_id":263,"site":[3.4460464644700393,0.4102678759188847],"area":0.12166731580942497},"geometry":{"type":"Polygon","coordinates":[[[3.669703284715757,0.35237981236818355],[3.44582461829345,0.6665718001296397],[3.303108827443058,0.6331854302753577],[3.238502689757519,0.3131288961658889],[3.2475302194675044,0.2986584888101814],[3.585227564962527,0.22567485504432627],[3.669703284715757,0.35237981236818355]]]}},{"type":"Feature","id":264,"properties":{"cell_id":264,"site":[3.467011860831266,3.256011019034217],"area":0.10796653257055064},"geometry":{"type":"Polygon","coordinates":[[[3.6479646957927088,3.3352844280363274],[3.437450693288681,3.505490057026887],[3.217370605549017,3.2359334259932835],[3.5031457659886827,3.0575553019404187],[3.5842516849741326,3.0989679855244896],[3.6479646957927088,3.3352844280363274]]]}},{"type":"Feature","id":265,"properties":{"cell_id":265,"site":[3.4681356515948445,2.6283976320970504],"area":0.15168843464960882},"geometry":{"type":"Polygon","coordinates":[[[3.7257094097813113,2.639898854116055],[3.717506747999178,2.6703505716548444],[3.443595651326012,2.839011842139812],[3.2029505986766713,2.736733095145375],[3.2991776010051774,2.446669142391885],[3.462162737071942,2.3391965226485114],[3.7257094097813113,2.639898854116055]]]}},{"type":"Feature","id":266,"properties":{"cell_id":266,"site":[3.4704236638374417,2.0269427382437053],"area":0.15760000380759676},"geometry":{"type":"Polygon","coordinates":[[[3.7275515357654254,2.112751666695611],[3.4697102007860314,2.313797688487189],[3.2016620061508685,1.9361042091378153],[3.327229258231546,1.8012207037966885],[3.55687927317855,1.8030518679101664],[3.7275515357654254,2.112751666695611]]]}},{"type":"Feature","id":267,"properties":{"cell_id":267,"site":[3.4740049145171157,1.57781080841677],"area":0.16321735683499095},"geometry":{"type":"Polygon","coordinates":[[[3.629108184606509,1.4203267150153815],[3.7256177135711805,1.6053731890856326],[3.5568792731785503,1.8030518679101661],[3.327229258231545,1.8012207037966883],[3.2179587534628347,1.369430652515926],[3.2396306947244904,1.3328612914790783],[3.629108184606509,1.4203267150153815]]]}},{"type":"Feature","id":268,"properties":{"cell_id":268,"site":[3.484061310911536,5.611591109245106],"area":0.024063399874521465},"geometry":{"type":"Polygon","coordinates":[[[3.4778810957318265,5.5031657871675215],[3.56859291202458,5.59458540370974],[3.5026518760651504,5.721814288436847],[3.4183834656028638,5.724631669335006],[3.424820420525294,5.497934441149615],[3.4778810957318265,5.5031657871675215]]]}},{"type":"Feature","id":269,"properties":{"cell_id":269,"site":[3.487787546936199,6.781188536199303],"area":0.15746196949019706},"geometry":{"type":"Polygon","coordinates":[[[3.722299044380948,6.7373322797249005],[3.5715493814958066,7.0060390365005265],[3.3304054566518095,7.016692237048669],[3.1786116072014376,6.705724784246044],[3.6142522696716366,6.570183452864027],[3.722299044380948,6.7373322797249005]]]}},{"type":"Feature","id":270,"properties":{"cell_id":270,"site":[3.4914648710849336,5.833033033545028],"area":0.044400427351762695},"geometry":{"type":"Polygon","coordinates":[[[3.600893383235855,5.7907464103318285],[3.6154239946320255,5.880230285030717],[3.588736582146888,5.93109482459601],[3.408537829589477,5.967614084970271],[3.3975766632258386,5.960442033977367],[3.3870310216315955,5.7430595261802075],[3.4183834656028633,5.724631669335007],[3.5026518760651495,5.721814288436848],[3.600893383235855,5.7907464103318285]]]}},{"type":"Feature","id":271,"properties":{"cell_id":271,"site":[3.505116192173454,5.39803493989085],"area":0.02600296575488361},"geometry":{"type":"Polygon","coordinates":[[[3.6154681123959964,5.355653391039855],[3.604590260794502,5.411496457704089],[3.4778810957318242,5.503165787167522],[3.4248204205252977,5.497934441149616],[3.4075824330766515,5.485959584238385],[3.397930343795697,5.466797525743847],[3.4247209018059155,5.339125308288142],[3.5983667255800427,5.340501029111958],[3.6154681123959964,5.355653391039855]]]}},{"type":"Feature","id":272,"properties":{"cell_id":272,"site":[3.5060394729751905,5.281496865728628],"area":0.021121488888574763},"geometry":{"type":"Polygon","coordinates":[[[3.5604452454572413,5.211073738396897],[3.5983667255800422,5.340501029111956],[3.4247209018059164,5.339125308288141],[3.3987601743218434,5.280616732601413],[3.4825399677110687,5.191668592404076],[3.5604452454572413,5.211073738396897]]]}},{"type":"Feature","id":273,"properties":{"cell_id":273,"site":[3.507941950697281,7.237399982128159],"area":0.17835997998012004},"geometry":{"type":"Polygon","coordinates":[[[3.7770326147305884,7.227903420769658],[3.778567693752103,7.386466013154284],[3.30096382819436,7.415652373660807],[3.2112668096687504,7.24363814286714],[3.3304054566518095,7.016692237048669],[3.571549381495806,7.0060390365005265],[3.7770326147305884,7.227903420769658]]]}},{"type":"Feature","id":274,"properties":{"cell_id":274,"site":[3.5246997952114163,4.91620073746843],"area":0.0651319029270449},"geometry":{"type":"Polygon","coordinates":[[[3.6024646493450905,4.730028055451619],[3.6674081819224433,4.938834876561645],[3.6137210285063133,5.011908765459283],[3.4299016495184054,5.030303091697554],[3.3758643819590497,5.002330903000204],[3.356005444953813,4.97550642163951],[3.365852328106985,4.889565760393323],[3.5485025891503534,4.719994957902454],[3.6024646493450905,4.730028055451619]]]}},{"type":"Feature","id":275,"properties":{"cell_id":275,"site":[3.5281067549638427,7.5673756385233055],"area":0.1436547050037899},"geometry":{"type":"Polygon","coordinates":[[[3.782844219403649,7.393076890730419],[3.7452161160998187,7.659781179606814],[3.6931033386620378,7.7175398803911115],[3.3811501242698037,7.719376981285814],[3.2711019317240773,7.590376528387285],[3.3009638281943636,7.415652373660807],[3.778567693752104,7.386466013154285],[3.782844219403649,7.393076890730419]]]}},{"type":"Feature","id":276,"properties":{"cell_id":276,"site":[3.5298867801475318,7.869636978307178],"area":0.09179209996369515},"geometry":{"type":"Polygon","coordinates":[[[3.3811501242698054,7.719376981285815],[3.6931033386620404,7.717539880391112],[3.6959851940566786,8.0],[3.35579726558211,8.0],[3.3811501242698054,7.719376981285815]]]}},{"type":"Feature","id":277,"properties":{"cell_id":277,"site":[3.537318388345568,6.0592902612669635],"area":0.055858669589402415},"geometry":{"type":"Polygon","coordinates":[[[3.678795092299107,6.093542755706471],[3.4841530325889947,6.2710239425902525],[3.4599749169883927,6.262336274923479],[3.4085378295894766,5.967614084970271],[3.5887365821468875,5.931094824596009],[3.678795092299107,6.093542755706471]]]}},{"type":"Feature","id":278,"properties":{"cell_id":278,"site":[3.545429549348594,5.1233586666422495],"area":0.030528487707149526},"geometry":{"type":"Polygon","coordinates":[[[3.6503141720824748,5.135580782608304],[3.56044524545724,5.211073738396896],[3.4825399677110687,5.191668592404076],[3.429901649518407,5.0303030916975535],[3.613721028506314,5.011908765459282],[3.6503141720824748,5.135580782608304]]]}},{"type":"Feature","id":279,"properties":{"cell_id":279,"site":[3.556235051200073,1.2116456892981204],"area":0.14301109577497018},"geometry":{"type":"Polygon","coordinates":[[[3.792400739303036,1.1436572025343528],[3.629108184606509,1.4203267150153813],[3.2396306947244913,1.3328612914790785],[3.232983183512292,1.2040772617732163],[3.5047017679887835,1.0111002027699512],[3.792400739303036,1.1436572025343528]]]}},{"type":"Feature","id":280,"properties":{"cell_id":280,"site":[3.586255108399145,5.510188529201754],"area":0.02249329108373352},"geometry":{"type":"Polygon","coordinates":[[[3.6994315680514513,5.559976179364364],[3.6826800653480833,5.582583203975829],[3.568592912024582,5.59458540370974],[3.477881095731828,5.5031657871675215],[3.6045902607945033,5.411496457704089],[3.6994315680514513,5.559976179364364]]]}},{"type":"Feature","id":281,"properties":{"cell_id":281,"site":[3.5968131583094873,4.528345877962287],"area":0.12689451977161062},"geometry":{"type":"Polygon","coordinates":[[[3.8312866892294424,4.395550740361328],[3.7887944824443194,4.624973950433265],[3.6024646493450927,4.730028055451618],[3.5485025891503525,4.719994957902452],[3.346747284802338,4.473126899655307],[3.3963938368833206,4.36578232092363],[3.8105870380166786,4.36716223990191],[3.8312866892294424,4.395550740361328]]]}},{"type":"Feature","id":282,"properties":{"cell_id":282,"site":[3.597891885177327,4.204557784913469],"area":0.13002460781052516},"geometry":{"type":"Polygon","coordinates":[[[3.814806840110189,4.149169537318911],[3.8105870380166786,4.36716223990191],[3.3963938368833215,4.36578232092363],[3.3713331904401764,4.265529113872503],[3.4676547297744262,4.015323385655849],[3.544268868360014,3.979689513392083],[3.814806840110189,4.149169537318911]]]}},{"type":"Feature","id":283,"properties":{"cell_id":283,"site":[3.60343150217559,5.673459089079326],"area":0.02617274916300822},"geometry":{"type":"Polygon","coordinates":[[[3.6959969563810264,5.701938469067409],[3.600893383235855,5.790746410331828],[3.5026518760651495,5.721814288436848],[3.5685929120245796,5.594585403709741],[3.6826800653480847,5.58258320397583],[3.6959969563810264,5.701938469067409]]]}},{"type":"Feature","id":284,"properties":{"cell_id":284,"site":[3.6427094279783314,2.9119108204068636],"area":0.10646862984738913},"geometry":{"type":"Polygon","coordinates":[[[3.8641536076181673,2.969736766218603],[3.584251684974131,3.0989679855244887],[3.503145765988685,3.057555301940419],[3.4435956513260098,2.8390118421398123],[3.717506747999178,2.6703505716548435],[3.8641536076181673,2.969736766218603]]]}},{"type":"Feature","id":285,"properties":{"cell_id":285,"site":[3.6442531347634946,5.24100102749198],"area":0.025390724634194305},"geometry":{"type":"Polygon","coordinates":[[[3.742618834277169,5.182286232326493],[3.6894610144984545,5.333840209104138],[3.6154681123959973,5.355653391039856],[3.5983667255800422,5.340501029111957],[3.560445245457241,5.2110737383968955],[3.6503141720824748,5.135580782608304],[3.742618834277169,5.182286232326493]]]}},{"type":"Feature","id":286,"properties":{"cell_id":286,"site":[3.6875888803356456,3.5288254465691087],"area":0.1249671709847046},"geometry":{"type":"Polygon","coordinates":[[[3.9058433536787063,3.5171697966925346],[3.774024212754407,3.7200295082827877],[3.630478908233611,3.749530231279331],[3.434253656811859,3.5416249897600593],[3.437450693288681,3.5054900570268877],[3.647964695792708,3.3352844280363274],[3.828708316575413,3.374683839797819],[3.9058433536787063,3.5171697966925346]]]}},{"type":"Feature","id":287,"properties":{"cell_id":287,"site":[3.6880103815940037,0.5826801626674519],"area":0.13361682212769677},"geometry":{"type":"Polygon","coordinates":[[[3.8711848935281234,0.4112635893248697],[3.9368897395033597,0.6076238738789952],[3.8300742819048157,0.7502298007716681],[3.521717426566477,0.7526222536568161],[3.445824618293451,0.6665718001296401],[3.6697032847157574,0.3523798123681834],[3.8711848935281234,0.4112635893248697]]]}},{"type":"Feature","id":288,"properties":{"cell_id":288,"site":[3.690627267591544,0.9199636017645427],"area":0.12197767150208834},"geometry":{"type":"Polygon","coordinates":[[[3.9135165412100448,1.1027738372000608],[3.7924007393030372,1.1436572025343534],[3.5047017679887835,1.0111002027699518],[3.5217174265664775,0.7526222536568168],[3.830074281904815,0.7502298007716688],[3.9135165412100448,1.1027738372000608]]]}},{"type":"Feature","id":289,"properties":{"cell_id":289,"site":[3.6998811908131053,6.237571459742659],"area":0.09645959583194662},"geometry":{"type":"Polygon","coordinates":[[[3.922378142890736,6.257631125017111],[3.8980677861006137,6.327489267127456],[3.630373622778074,6.467261376615099],[3.4841530325889942,6.271023942590253],[3.678795092299107,6.093542755706471],[3.7803794691734796,6.102478985438777],[3.922378142890736,6.257631125017111]]]}},{"type":"Feature","id":290,"properties":{"cell_id":290,"site":[3.701844033845421,5.436356192562321],"area":0.029776273371444242},"geometry":{"type":"Polygon","coordinates":[[[3.795180699348163,5.3921200467946155],[3.7921038932689326,5.526656517690317],[3.699431568051452,5.559976179364365],[3.604590260794503,5.411496457704089],[3.615468112395997,5.355653391039856],[3.689461014498455,5.333840209104138],[3.795180699348163,5.3921200467946155]]]}},{"type":"Feature","id":291,"properties":{"cell_id":291,"site":[3.7180797126629344,5.796234758876491],"area":0.03403134370474721},"geometry":{"type":"Polygon","coordinates":[[[3.8234273349051433,5.757327688178864],[3.876340094733352,5.841407968036324],[3.868849665489569,5.869685455088072],[3.6154239946320255,5.880230285030718],[3.6008933832358547,5.790746410331828],[3.695996956381025,5.70193846906741],[3.8234273349051433,5.757327688178864]]]}},{"type":"Feature","id":292,"properties":{"cell_id":292,"site":[3.724702752763442,5.955407395108334],"area":0.04454997887297915},"geometry":{"type":"Polygon","coordinates":[[[3.8705442680313165,5.87673298651323],[3.7803794691734804,6.1024789854387755],[3.678795092299107,6.093542755706469],[3.588736582146888,5.93109482459601],[3.615423994632026,5.880230285030718],[3.8688496654895688,5.869685455088071],[3.8705442680313165,5.87673298651323]]]}},{"type":"Feature","id":293,"properties":{"cell_id":293,"site":[3.731661410116392,5.068254776719279],"area":0.041648562082512636},"geometry":{"type":"Polygon","coordinates":[[[3.792236547587804,5.170831607502606],[3.7426188342771702,5.1822862323264935],[3.650314172082474,5.1355807826083035],[3.6137210285063137,5.011908765459281],[3.667408181922441,4.938834876561647],[3.8678525514786632,4.974234469785868],[3.792236547587804,5.170831607502606]]]}},{"type":"Feature","id":294,"properties":{"cell_id":294,"site":[3.748083379270422,2.3830410636881005],"area":0.15436579355600089},"geometry":{"type":"Polygon","coordinates":[[[4.008458778903598,2.485011575475201],[3.7257094097813113,2.639898854116055],[3.4621627370719414,2.3391965226485105],[3.46971020078603,2.313797688487189],[3.7275515357654254,2.11275166669561],[3.771834944529505,2.1164249931087853],[4.008458778903598,2.485011575475201]]]}},{"type":"Feature","id":295,"properties":{"cell_id":295,"site":[3.764544562374595,3.1757935613287054],"area":0.10663590218544333},"geometry":{"type":"Polygon","coordinates":[[[3.9629748882524227,3.0147419675851848],[3.9908830843752248,3.1089322368627754],[3.8287083165754137,3.374683839797819],[3.6479646957927097,3.335284428036328],[3.5842516849741326,3.098967985524488],[3.8641536076181664,2.9697367662186034],[3.9629748882524227,3.0147419675851848]]]}},{"type":"Feature","id":296,"properties":{"cell_id":296,"site":[3.7700001930438267,3.9298243298859883],"area":0.11635775720390124},"geometry":{"type":"Polygon","coordinates":[[[4.014230558807757,3.9664212365559557],[3.81480684011019,4.149169537318912],[3.5442688683600143,3.979689513392083],[3.630478908233611,3.7495302312793304],[3.774024212754407,3.7200295082827872],[4.014230558807757,3.9664212365559557]]]}},{"type":"Feature","id":297,"properties":{"cell_id":297,"site":[3.772104505016756,4.839252409125424],"area":0.06985724311475533},"geometry":{"type":"Polygon","coordinates":[[[3.8778332665541395,4.712049667711227],[3.877797675055925,4.969738410489041],[3.867852551478661,4.974234469785868],[3.6674081819224438,4.938834876561648],[3.6024646493450905,4.73002805545162],[3.78879448244432,4.624973950433265],[3.8778332665541395,4.712049667711227]]]}},{"type":"Feature","id":298,"properties":{"cell_id":298,"site":[3.780009164450977,5.653757691863471],"area":0.029166851981310457},"geometry":{"type":"Polygon","coordinates":[[[3.863403469855174,5.5622387230228085],[3.823427334905142,5.757327688178863],[3.6959969563810264,5.701938469067411],[3.6826800653480842,5.582583203975826],[3.6994315680514496,5.559976179364365],[3.792103893268932,5.526656517690317],[3.863403469855174,5.5622387230228085]]]}},{"type":"Feature","id":299,"properties":{"cell_id":299,"site":[3.7827563032030307,5.289581253647918],"area":0.03025707550467243},"geometry":{"type":"Polygon","coordinates":[[[3.898858870864264,5.255952676367335],[3.9034299680987385,5.317819318047498],[3.7951806993481627,5.3921200467946155],[3.6894610144984554,5.333840209104138],[3.74261883427717,5.182286232326493],[3.7922365475878026,5.170831607502605],[3.898858870864264,5.255952676367335]]]}},{"type":"Feature","id":300,"properties":{"cell_id":300,"site":[3.792337553301924,1.8495394202935134],"area":0.15757973386680685},"geometry":{"type":"Polygon","coordinates":[[[4.007963171048664,1.7190756108140541],[3.99055349723776,1.974124576488276],[3.7718349445295054,2.1164249931087853],[3.727551535765425,2.11275166669561],[3.5568792731785495,1.8030518679101668],[3.72561771357118,1.6053731890856326],[3.903763323441236,1.6262648800029902],[4.007963171048664,1.7190756108140541]]]}},{"type":"Feature","id":301,"properties":{"cell_id":301,"site":[3.807100686610745,6.96032935401256],"area":0.14389448401395027},"geometry":{"type":"Polygon","coordinates":[[[4.0412211015015655,6.995495276479744],[3.777032614730588,7.227903420769659],[3.571549381495807,7.006039036500528],[3.7222990443809483,6.737332279724901],[3.981720662642218,6.7692165077640425],[4.0412211015015655,6.995495276479744]]]}},{"type":"Feature","id":302,"properties":{"cell_id":302,"site":[3.8091487043355743,0.16818324320597444],"area":0.1607958436045414},"geometry":{"type":"Polygon","coordinates":[[[4.084895219894666,0.16447196130602218],[3.871184893528124,0.4112635893248693],[3.669703284715757,0.3523798123681825],[3.585227564962527,0.22567485504432572],[3.613324703607137,0.0],[4.09827249853715,0.0],[4.084895219894666,0.16447196130602218]]]}},{"type":"Feature","id":303,"properties":{"cell_id":303,"site":[3.847018601864875,1.383268461991727],"area":0.1481865561909763},"geometry":{"type":"Polygon","coordinates":[[[4.080167922160281,1.1590961824317687],[4.0865326146728895,1.1706591618197544],[3.9037633234412366,1.6262648800029902],[3.725617713571181,1.6053731890856326],[3.629108184606509,1.4203267150153813],[3.792400739303036,1.1436572025343532],[3.9135165412100457,1.1027738372000597],[4.080167922160281,1.1590961824317687]]]}},{"type":"Feature","id":304,"properties":{"cell_id":304,"site":[3.858576083885463,6.541506892786405],"area":0.1361678233686665},"geometry":{"type":"Polygon","coordinates":[[[4.0951101458826775,6.633393840680124],[3.981720662642218,6.769216507764042],[3.7222990443809483,6.7373322797249005],[3.614252269671636,6.5701834528640255],[3.6303736227780745,6.467261376615099],[3.8980677861006123,6.327489267127457],[4.0951101458826775,6.633393840680124]]]}},{"type":"Feature","id":305,"properties":{"cell_id":305,"site":[3.8593891992227394,7.866275164521666],"area":0.11124016071659493},"geometry":{"type":"Polygon","coordinates":[[[3.69310333866204,7.717539880391111],[3.7452161160998174,7.659781179606816],[4.142982250922498,7.8627461682723],[4.149702284220423,8.0],[3.6959851940566804,8.0],[3.69310333866204,7.717539880391111]]]}},{"type":"Feature","id":306,"properties":{"cell_id":306,"site":[3.886397506249881,5.4405768714760505],"area":0.03414639171840199},"geometry":{"type":"Polygon","coordinates":[[[4.00584872770376,5.398237744702372],[4.007740966839603,5.416485665793815],[3.89261384708497,5.560073836095632],[3.8634034698551742,5.5622387230228085],[3.792103893268933,5.526656517690318],[3.7951806993481636,5.3921200467946155],[3.9034299680987385,5.317819318047499],[4.00584872770376,5.398237744702372]]]}},{"type":"Feature","id":307,"properties":{"cell_id":307,"site":[3.9040813687202927,5.679181616673624],"area":0.028736895648798763},"geometry":{"type":"Polygon","coordinates":[[[3.93883539243644,5.800392103134715],[3.8763400947333513,5.8414079680363225],[3.8234273349051424,5.757327688178862],[3.863403469855174,5.5622387230228085],[3.8926138470849696,5.560073836095632],[3.9838418082265488,5.62997798939039],[3.93883539243644,5.800392103134715]]]}},{"type":"Feature","id":308,"properties":{"cell_id":308,"site":[3.90593712966744,5.135285424472867],"area":0.04090424815786032},"geometry":{"type":"Polygon","coordinates":[[[4.030487264601036,5.147560595437151],[3.898858870864263,5.255952676367333],[3.7922365475878035,5.170831607502606],[3.8678525514786632,4.974234469785868],[3.877797675055925,4.969738410489042],[3.9613429515705336,4.991637647399017],[4.030487264601036,5.147560595437151]]]}},{"type":"Feature","id":309,"properties":{"cell_id":309,"site":[3.922056196287688,6.034231975051981],"area":0.06507982410283414},"geometry":{"type":"Polygon","coordinates":[[[4.012744498784607,6.208710203347017],[3.922378142890736,6.257631125017112],[3.7803794691734787,6.102478985438776],[3.8705442680313165,5.876732986513229],[4.078857544105771,6.031420815608808],[4.012744498784607,6.208710203347017]]]}},{"type":"Feature","id":310,"properties":{"cell_id":310,"site":[3.9542105655178696,2.759329758162233],"area":0.14694343060717463},"geometry":{"type":"Polygon","coordinates":[[[4.202529924903492,2.7917038470245545],[3.962974888252422,3.0147419675851843],[3.864153607618168,2.9697367662186043],[3.7175067479991784,2.6703505716548426],[3.7257094097813113,2.6398988541160544],[4.008458778903598,2.4850115754752014],[4.0123930569258865,2.48550860920765],[4.202529924903492,2.7917038470245545]]]}},{"type":"Feature","id":311,"properties":{"cell_id":311,"site":[3.979416270859719,7.631048859369041],"area":0.1354403143058075},"geometry":{"type":"Polygon","coordinates":[[[4.206531624669771,7.7261121397894374],[4.142982250922498,7.8627461682723],[3.7452161160998174,7.659781179606815],[3.782844219403647,7.39307689073042],[4.08090899030806,7.44302613760254],[4.206531624669771,7.7261121397894374]]]}},{"type":"Feature","id":312,"properties":{"cell_id":312,"site":[3.983526886037943,4.839281610398308],"area":0.06015750155899222},"geometry":{"type":"Polygon","coordinates":[[[4.135627301972565,4.8897175623173625],[3.9613429515705345,4.991637647399017],[3.877797675055923,4.969738410489041],[3.877833266554138,4.712049667711226],[4.142863696072856,4.733543476173533],[4.135627301972565,4.8897175623173625]]]}},{"type":"Feature","id":313,"properties":{"cell_id":313,"site":[3.9838535332546705,3.721339532919106],"area":0.11328936764386596},"geometry":{"type":"Polygon","coordinates":[[[4.169306763138064,3.552528921301685],[4.091429830536511,3.9592658807622128],[4.014230558807755,3.966421236555955],[3.774024212754407,3.7200295082827877],[3.9058433536787067,3.5171697966925337],[4.169306763138064,3.552528921301685]]]}},{"type":"Feature","id":314,"properties":{"cell_id":314,"site":[4.002647676888158,4.603511787630182],"area":0.09967069877207549},"geometry":{"type":"Polygon","coordinates":[[[4.159809916601892,4.713951388875294],[4.142863696072857,4.733543476173533],[3.877833266554138,4.712049667711226],[3.7887944824443194,4.624973950433265],[3.8312866892294424,4.395550740361328],[4.10335110629126,4.414195446817735],[4.159809916601892,4.713951388875294]]]}},{"type":"Feature","id":315,"properties":{"cell_id":315,"site":[4.010604442671602,5.540164371015341],"area":0.027080301411749816},"geometry":{"type":"Polygon","coordinates":[[[4.097814053568149,5.503563434405727],[4.086238337132185,5.619081243102076],[3.9838418082265505,5.62997798939039],[3.8926138470849696,5.560073836095631],[4.007740966839602,5.416485665793815],[4.097814053568149,5.503563434405727]]]}},{"type":"Feature","id":316,"properties":{"cell_id":316,"site":[4.018643071234863,5.272152453187504],"area":0.034051070395975803},"geometry":{"type":"Polygon","coordinates":[[[4.110075129590605,5.316028783749416],[4.005848727703759,5.398237744702372],[3.903429968098739,5.3178193180474995],[3.898858870864264,5.255952676367333],[4.030487264601037,5.147560595437151],[4.086353400978543,5.168989832799995],[4.110075129590605,5.316028783749416]]]}},{"type":"Feature","id":317,"properties":{"cell_id":317,"site":[4.024137662041526,2.205820768621167],"area":0.14269559937974227},"geometry":{"type":"Polygon","coordinates":[[[4.218709934333362,2.0990668322344543],[4.249084904674946,2.3095038101986023],[4.012393056925886,2.4855086092076504],[4.008458778903599,2.485011575475202],[3.771834944529505,2.1164249931087857],[3.9905534972377605,1.9741245764882762],[4.218709934333362,2.0990668322344543]]]}},{"type":"Feature","id":318,"properties":{"cell_id":318,"site":[4.028906444669352,5.71214795464739],"area":0.02246472331792044},"geometry":{"type":"Polygon","coordinates":[[[4.094749335887816,5.627138438015367],[4.090431915945927,5.79381547728012],[3.9388353924364394,5.800392103134715],[3.9838418082265483,5.62997798939039],[4.086238337132184,5.619081243102076],[4.094749335887816,5.627138438015367]]]}},{"type":"Feature","id":319,"properties":{"cell_id":319,"site":[4.029415736639065,4.212911024403697],"area":0.1570551111512562},"geometry":{"type":"Polygon","coordinates":[[[4.272573200241373,4.063315853726567],[4.192436335321298,4.352380499166058],[4.103351106291258,4.414195446817736],[3.8312866892294424,4.395550740361329],[3.8105870380166786,4.36716223990191],[3.814806840110189,4.149169537318912],[4.014230558807758,3.9664212365559544],[4.09142983053651,3.9592658807622128],[4.272573200241373,4.063315853726567]]]}},{"type":"Feature","id":320,"properties":{"cell_id":320,"site":[4.03081133514763,0.8394467748055697],"area":0.18113662165175348},"geometry":{"type":"Polygon","coordinates":[[[4.350833916338416,0.7535393933561257],[4.080167922160281,1.1590961824317687],[3.9135165412100448,1.1027738372000595],[3.8300742819048152,0.7502298007716695],[3.93688973950336,0.6076238738789954],[4.340367701885123,0.697884994673332],[4.350833916338416,0.7535393933561257]]]}},{"type":"Feature","id":321,"properties":{"cell_id":321,"site":[4.034926147004967,3.3407937728814963],"area":0.13374621271638204},"geometry":{"type":"Polygon","coordinates":[[[4.256485833856133,3.2707173813836574],[4.273861921212469,3.494079117181111],[4.169306763138065,3.5525289213016844],[3.9058433536787054,3.5171697966925333],[3.828708316575413,3.374683839797819],[3.9908830843752243,3.108932236862775],[4.256485833856133,3.2707173813836574]]]}},{"type":"Feature","id":322,"properties":{"cell_id":322,"site":[4.03621015652956,5.880504396263838],"area":0.0401248719243589},"geometry":{"type":"Polygon","coordinates":[[[4.093003927414254,6.022606794341741],[4.078857544105771,6.031420815608806],[3.8705442680313156,5.876732986513227],[3.868849665489569,5.8696854550880735],[3.876340094733353,5.841407968036322],[3.938835392436438,5.800392103134716],[4.090431915945925,5.793815477280121],[4.1455572843333615,5.833855850563319],[4.093003927414254,6.022606794341741]]]}},{"type":"Feature","id":323,"properties":{"cell_id":323,"site":[4.046256701246711,7.232188439682286],"area":0.16160508800368378},"geometry":{"type":"Polygon","coordinates":[[[4.347133269063136,7.140667859844917],[4.352833340646201,7.154253558119034],[4.3407526395293825,7.202607288412145],[4.080908990308063,7.44302613760254],[3.7828442194036485,7.39307689073042],[3.7785676937521018,7.3864660131542825],[3.7770326147305875,7.227903420769659],[4.0412211015015655,6.995495276479745],[4.347133269063136,7.140667859844917]]]}},{"type":"Feature","id":324,"properties":{"cell_id":324,"site":[4.105004087363389,5.047008822406619],"area":0.045249262478996854},"geometry":{"type":"Polygon","coordinates":[[[4.20413285101865,4.955846818631206],[4.189610931852171,5.128404383423237],[4.086353400978544,5.168989832799996],[4.030487264601036,5.147560595437151],[3.9613429515705327,4.991637647399016],[4.135627301972565,4.889717562317361],[4.20413285101865,4.955846818631206]]]}},{"type":"Feature","id":325,"properties":{"cell_id":325,"site":[4.109260160750316,6.380033719987519],"area":0.11665672166833357},"geometry":{"type":"Polygon","coordinates":[[[4.3281725696721525,6.476104519906635],[4.278044794496834,6.587239185534184],[4.0951101458826775,6.633393840680123],[3.8980677861006128,6.327489267127457],[3.9223781428907345,6.257631125017113],[4.01274449878461,6.2087102033470165],[4.267939331031504,6.299007076101015],[4.3281725696721525,6.476104519906635]]]}},{"type":"Feature","id":326,"properties":{"cell_id":326,"site":[4.112710422810424,1.489852518912486],"area":0.1490968994837721},"geometry":{"type":"Polygon","coordinates":[[[4.33498919186957,1.3422050697422363],[4.288032076627371,1.6532433593283413],[4.007963171048664,1.7190756108140537],[3.903763323441237,1.6262648800029904],[4.08653261467289,1.1706591618197542],[4.33498919186957,1.3422050697422363]]]}},{"type":"Feature","id":327,"properties":{"cell_id":327,"site":[4.120636514784775,0.4379175213283049],"area":0.1707413771157971},"geometry":{"type":"Polygon","coordinates":[[[4.4275811162811625,0.5232235818204386],[4.340367701885123,0.6978849946733328],[3.93688973950336,0.6076238738789961],[3.8711848935281234,0.4112635893248697],[4.084895219894666,0.16447196130602257],[4.4275811162811625,0.5232235818204386]]]}},{"type":"Feature","id":328,"properties":{"cell_id":328,"site":[4.131445780478296,5.415166309234888],"area":0.027861909667139917},"geometry":{"type":"Polygon","coordinates":[[[4.191342883877079,5.340774588664011],[4.2331479438449255,5.406998109679235],[4.230600714460895,5.461749297015948],[4.097814053568149,5.503563434405728],[4.007740966839603,5.416485665793816],[4.00584872770376,5.398237744702373],[4.110075129590607,5.316028783749417],[4.191342883877079,5.340774588664011]]]}},{"type":"Feature","id":329,"properties":{"cell_id":329,"site":[4.156102895992824,5.715442712569081],"area":0.02302435303707252},"geometry":{"type":"Polygon","coordinates":[[[4.243507746950778,5.6539651779825375],[4.185656581131748,5.82285208489959],[4.145557284333361,5.833855850563319],[4.090431915945927,5.793815477280122],[4.094749335887816,5.627138438015364],[4.237569563256414,5.645068900219177],[4.243507746950778,5.6539651779825375]]]}},{"type":"Feature","id":330,"properties":{"cell_id":330,"site":[4.1760272194704315,5.556740924690336],"area":0.02530279027407549},"geometry":{"type":"Polygon","coordinates":[[[4.271692363567019,5.510755998737447],[4.237569563256414,5.6450689002191785],[4.0947493358878155,5.627138438015365],[4.086238337132186,5.619081243102077],[4.0978140535681495,5.503563434405727],[4.230600714460895,5.461749297015947],[4.271692363567019,5.510755998737447]]]}},{"type":"Feature","id":331,"properties":{"cell_id":331,"site":[4.1830705003474415,5.245625449120878],"area":0.0274770545632403},"geometry":{"type":"Polygon","coordinates":[[[4.266487601971556,5.17183075805518],[4.273672010987466,5.226759683121269],[4.191342883877079,5.3407745886640114],[4.110075129590605,5.316028783749417],[4.086353400978543,5.168989832799996],[4.1896109318521715,5.128404383423237],[4.266487601971556,5.17183075805518]]]}},{"type":"Feature","id":332,"properties":{"cell_id":332,"site":[4.195532128369726,6.136213977035569],"area":0.06372408716033078},"geometry":{"type":"Polygon","coordinates":[[[4.358380005591857,6.127122223740783],[4.267939331031505,6.299007076101015],[4.012744498784609,6.208710203347016],[4.078857544105772,6.031420815608806],[4.093003927414254,6.022606794341741],[4.291083783631213,6.041394796635084],[4.358380005591857,6.127122223740783]]]}},{"type":"Feature","id":333,"properties":{"cell_id":333,"site":[4.20386036969873,1.8776300184273802],"area":0.14557825162691462},"geometry":{"type":"Polygon","coordinates":[[[4.493152341909005,1.8403781351011825],[4.492677679131685,1.8629524667231132],[4.218709934333363,2.0990668322344552],[3.99055349723776,1.9741245764882764],[4.007963171048664,1.7190756108140541],[4.288032076627371,1.653243359328342],[4.493152341909005,1.8403781351011825]]]}},{"type":"Feature","id":334,"properties":{"cell_id":334,"site":[4.215063025469556,5.930301862010255],"area":0.0370724413840295},"geometry":{"type":"Polygon","coordinates":[[[4.327397482262784,5.871513110649882],[4.291083783631215,6.0413947966350845],[4.093003927414253,6.022606794341742],[4.1455572843333615,5.833855850563318],[4.185656581131749,5.822852084899589],[4.327397482262784,5.871513110649882]]]}},{"type":"Feature","id":335,"properties":{"cell_id":335,"site":[4.217111637220293,3.04169976607377],"area":0.14549606685032962},"geometry":{"type":"Polygon","coordinates":[[[4.464509989721788,3.058659218768328],[4.256485833856131,3.2707173813836565],[3.990883084375224,3.108932236862775],[3.9629748882524223,3.014741967585185],[4.202529924903492,2.7917038470245554],[4.343627269367424,2.810976800680035],[4.464509989721788,3.058659218768328]]]}},{"type":"Feature","id":336,"properties":{"cell_id":336,"site":[4.2277615651971985,6.849715764284663],"area":0.17285945530717167},"geometry":{"type":"Polygon","coordinates":[[[4.466049832411894,6.8056850407317695],[4.3471332690631375,7.140667859844917],[4.0412211015015655,6.995495276479745],[3.9817206626422186,6.7692165077640425],[4.095110145882679,6.633393840680124],[4.278044794496834,6.587239185534185],[4.466049832411894,6.8056850407317695]]]}},{"type":"Feature","id":337,"properties":{"cell_id":337,"site":[4.266026249758761,4.553904627940479],"area":0.08774638081333533},"geometry":{"type":"Polygon","coordinates":[[[4.491427427849461,4.5263316608203175],[4.490789421915852,4.529682535832319],[4.355652893507256,4.697146090421272],[4.159809916601892,4.713951388875294],[4.10335110629126,4.414195446817736],[4.192436335321297,4.35238049916606],[4.491427427849461,4.5263316608203175]]]}},{"type":"Feature","id":338,"properties":{"cell_id":338,"site":[4.274860522566773,5.7561224033314815],"area":0.024935486279299056},"geometry":{"type":"Polygon","coordinates":[[[4.351985666576085,5.85652705615383],[4.327397482262785,5.871513110649882],[4.185656581131749,5.822852084899589],[4.243507746950778,5.653965177982538],[4.34516677812018,5.691584225231536],[4.351985666576085,5.85652705615383]]]}},{"type":"Feature","id":339,"properties":{"cell_id":339,"site":[4.27928597962049,3.7779052621423816],"area":0.15363017171138674},"geometry":{"type":"Polygon","coordinates":[[[4.372574079500918,3.5373358323613284],[4.48212303674121,3.8671167850023984],[4.402518129290724,4.033241294105396],[4.272573200241372,4.063315853726566],[4.091429830536512,3.9592658807622136],[4.1693067631380645,3.5525289213016844],[4.273861921212468,3.494079117181111],[4.372574079500918,3.5373358323613284]]]}},{"type":"Feature","id":340,"properties":{"cell_id":340,"site":[4.283622120348231,2.554776343949661],"area":0.1655222878449858},"geometry":{"type":"Polygon","coordinates":[[[4.447940865947021,2.383481052098526],[4.544571047199905,2.5956811875211288],[4.343627269367424,2.8109768006800344],[4.202529924903493,2.7917038470245554],[4.0123930569258865,2.48550860920765],[4.249084904674947,2.3095038101986027],[4.447940865947021,2.383481052098526]]]}},{"type":"Feature","id":341,"properties":{"cell_id":341,"site":[4.284264057720922,5.318696397240291],"area":0.01829815273181272},"geometry":{"type":"Polygon","coordinates":[[[4.391804435952594,5.326389908731596],[4.391988190816699,5.3329042612477195],[4.2331479438449255,5.406998109679236],[4.191342883877079,5.3407745886640114],[4.273672010987466,5.226759683121269],[4.391804435952594,5.326389908731596]]]}},{"type":"Feature","id":342,"properties":{"cell_id":342,"site":[4.286631425235087,5.062294026055468],"area":0.03167467522887728},"geometry":{"type":"Polygon","coordinates":[[[4.360012527294102,5.125215623928202],[4.266487601971558,5.171830758055181],[4.189610931852171,5.128404383423236],[4.20413285101865,4.955846818631207],[4.363274532201771,4.959741669733884],[4.360012527294102,5.125215623928202]]]}},{"type":"Feature","id":343,"properties":{"cell_id":343,"site":[4.288424890838364,7.493922768420307],"area":0.12357434006851278},"geometry":{"type":"Polygon","coordinates":[[[4.511552242764504,7.604735898819014],[4.206531624669771,7.7261121397894374],[4.080908990308061,7.44302613760254],[4.340752639529384,7.202607288412143],[4.511552242764504,7.604735898819014]]]}},{"type":"Feature","id":344,"properties":{"cell_id":344,"site":[4.291739936442022,4.853562795930734],"area":0.06319879616053797},"geometry":{"type":"Polygon","coordinates":[[[4.432425632862763,4.869839816194991],[4.398996539357349,4.93542717440372],[4.363274532201774,4.959741669733884],[4.204132851018651,4.955846818631207],[4.135627301972565,4.889717562317361],[4.142863696072856,4.7335434761735335],[4.159809916601891,4.713951388875296],[4.355652893507257,4.697146090421274],[4.432425632862763,4.869839816194991]]]}},{"type":"Feature","id":345,"properties":{"cell_id":345,"site":[4.333652409391847,5.424573715573803],"area":0.024606055767352388},"geometry":{"type":"Polygon","coordinates":[[[4.443337171710272,5.408641763987776],[4.362486070709276,5.510673791699416],[4.271692363567018,5.510755998737448],[4.230600714460894,5.461749297015947],[4.2331479438449255,5.406998109679235],[4.391988190816699,5.332904261247719],[4.443337171710272,5.408641763987776]]]}},{"type":"Feature","id":346,"properties":{"cell_id":346,"site":[4.333808371138776,5.59682594014128],"area":0.02503311317563976},"geometry":{"type":"Polygon","coordinates":[[[4.444064639209244,5.6356085464296894],[4.345166778120179,5.691584225231535],[4.243507746950779,5.653965177982538],[4.237569563256414,5.645068900219178],[4.271692363567019,5.510755998737447],[4.3624860707092745,5.510673791699416],[4.444064639209244,5.6356085464296894]]]}},{"type":"Feature","id":347,"properties":{"cell_id":347,"site":[4.35641765627116,0.21269520259582086],"area":0.1779699764267259},"geometry":{"type":"Polygon","coordinates":[[[4.55397794389849,0.4421239111085672],[4.4275811162811625,0.5232235818204396],[4.0848952198946655,0.16447196130602215],[4.098272498537149,0.0],[4.555017733435564,0.0],[4.55397794389849,0.4421239111085672]]]}},{"type":"Feature","id":348,"properties":{"cell_id":348,"site":[4.366077853447003,5.221689068133914],"area":0.022667043156581718},"geometry":{"type":"Polygon","coordinates":[[[4.452976956057799,5.23716923056575],[4.391804435952594,5.326389908731596],[4.2736720109874655,5.226759683121269],[4.266487601971556,5.171830758055181],[4.360012527294101,5.125215623928201],[4.418458847800841,5.151267745195732],[4.452976956057799,5.23716923056575]]]}},{"type":"Feature","id":349,"properties":{"cell_id":349,"site":[4.394289915354406,1.0820300428562848],"area":0.21759542974473442},"geometry":{"type":"Polygon","coordinates":[[[4.7235490264332585,1.045729861536722],[4.609977411614675,1.2777169160216162],[4.33498919186957,1.3422050697422359],[4.08653261467289,1.1706591618197537],[4.080167922160282,1.1590961824317692],[4.350833916338416,0.7535393933561255],[4.7235490264332585,1.045729861536722]]]}},{"type":"Feature","id":350,"properties":{"cell_id":350,"site":[4.403997979177892,4.316755776937008],"area":0.12018156526655487},"geometry":{"type":"Polygon","coordinates":[[[4.507803349486192,4.116495849536891],[4.564160131688296,4.460716088186864],[4.491427427849461,4.526331660820316],[4.192436335321297,4.35238049916606],[4.272573200241373,4.063315853726566],[4.402518129290722,4.033241294105396],[4.507803349486192,4.116495849536891]]]}},{"type":"Feature","id":351,"properties":{"cell_id":351,"site":[4.405879765214101,5.971090611784882],"area":0.0472005072899523},"geometry":{"type":"Polygon","coordinates":[[[4.529459723836452,5.9984186098429335],[4.484303013012668,6.111249061930049],[4.358380005591856,6.1271222237407805],[4.291083783631215,6.041394796635085],[4.327397482262785,5.871513110649882],[4.351985666576084,5.85652705615383],[4.448054737240225,5.8629088910518155],[4.529459723836452,5.9984186098429335]]]}},{"type":"Feature","id":352,"properties":{"cell_id":352,"site":[4.420560157925997,5.7500990462930135],"area":0.028425445583326204},"geometry":{"type":"Polygon","coordinates":[[[4.467902433894354,5.63894504871391],[4.512264654244983,5.790351940207655],[4.448054737240226,5.8629088910518155],[4.351985666576084,5.85652705615383],[4.345166778120179,5.6915842252315345],[4.444064639209242,5.6356085464296894],[4.467902433894354,5.63894504871391]]]}},{"type":"Feature","id":353,"properties":{"cell_id":353,"site":[4.4255636653317465,7.838554909161249],"area":0.17172296799738096},"geometry":{"type":"Polygon","coordinates":[[[4.142982250922498,7.862746168272301],[4.206531624669771,7.7261121397894374],[4.5115522427645045,7.604735898819013],[4.60492111677987,7.636662311642096],[4.6833317506086924,7.770676051471263],[4.669528460011747,8.0],[4.149702284220423,8.0],[4.142982250922498,7.862746168272301]]]}},{"type":"Feature","id":354,"properties":{"cell_id":354,"site":[4.435529210555525,2.1464395410166723],"area":0.14162854380147116},"geometry":{"type":"Polygon","coordinates":[[[4.6848894185897585,2.1213694740478792],[4.447940865947022,2.3834810520985266],[4.249084904674946,2.3095038101986027],[4.218709934333362,2.0990668322344552],[4.492677679131686,1.8629524667231125],[4.6848894185897585,2.1213694740478792]]]}},{"type":"Feature","id":355,"properties":{"cell_id":355,"site":[4.435816414844994,5.0652349249457345],"area":0.0221743265409331},"geometry":{"type":"Polygon","coordinates":[[[4.533669841039471,5.072055866894991],[4.418458847800842,5.151267745195732],[4.360012527294104,5.125215623928202],[4.363274532201773,4.959741669733885],[4.398996539357354,4.935427174403718],[4.533669841039471,5.072055866894991]]]}},{"type":"Feature","id":356,"properties":{"cell_id":356,"site":[4.44311555475682,6.266484979889761],"area":0.09071688428770794},"geometry":{"type":"Polygon","coordinates":[[[4.628309539940642,6.249617244567545],[4.621223251037375,6.37975204072378],[4.328172569672153,6.476104519906636],[4.267939331031504,6.299007076101016],[4.358380005591858,6.1271222237407805],[4.484303013012668,6.111249061930049],[4.628309539940642,6.249617244567545]]]}},{"type":"Feature","id":357,"properties":{"cell_id":357,"site":[4.452897349937546,5.5190644842877745],"area":0.024314900608230525},"geometry":{"type":"Polygon","coordinates":[[[4.4722395952558225,5.415060621109359],[4.543767383133779,5.566367357021639],[4.530026161277809,5.600975777131696],[4.467902433894355,5.638945048713909],[4.444064639209242,5.635608546429689],[4.3624860707092745,5.510673791699416],[4.443337171710271,5.4086417639877755],[4.4722395952558225,5.415060621109359]]]}},{"type":"Feature","id":358,"properties":{"cell_id":358,"site":[4.486217357953308,3.3056862578159083],"area":0.16474805243140675},"geometry":{"type":"Polygon","coordinates":[[[4.688842477925797,3.116731176005396],[4.73914342942448,3.2703748387458185],[4.653502429755751,3.4572710504112734],[4.372574079500918,3.537335832361329],[4.273861921212468,3.494079117181111],[4.256485833856132,3.2707173813836556],[4.464509989721787,3.0586592187683284],[4.688842477925797,3.116731176005396]]]}},{"type":"Feature","id":359,"properties":{"cell_id":359,"site":[4.498740128707661,5.312646521802894],"area":0.025213398281215084},"geometry":{"type":"Polygon","coordinates":[[[4.593905052227533,5.275062178920424],[4.559977087756751,5.377246681166792],[4.472239595255826,5.41506062110936],[4.443337171710271,5.4086417639877755],[4.391988190816698,5.332904261247717],[4.391804435952594,5.326389908731596],[4.452976956057798,5.23716923056575],[4.560774523174815,5.241768634126407],[4.593905052227533,5.275062178920424]]]}},{"type":"Feature","id":360,"properties":{"cell_id":360,"site":[4.503774623637957,1.5488910596972632],"area":0.17942361942586293},"geometry":{"type":"Polygon","coordinates":[[[4.790448422144995,1.5989173274368977],[4.4931523419090045,1.840378135101182],[4.288032076627372,1.6532433593283429],[4.33498919186957,1.3422050697422359],[4.6099774116146754,1.277716916021616],[4.790448422144995,1.5989173274368977]]]}},{"type":"Feature","id":361,"properties":{"cell_id":361,"site":[4.505002891760616,5.165864311536807],"area":0.01918619588027741},"geometry":{"type":"Polygon","coordinates":[[[4.579164099862429,5.077573824345273],[4.560774523174814,5.241768634126407],[4.4529769560578,5.237169230565751],[4.418458847800842,5.151267745195732],[4.533669841039471,5.07205586689499],[4.579164099862429,5.077573824345273]]]}},{"type":"Feature","id":362,"properties":{"cell_id":362,"site":[4.514595363845326,4.754490165669619],"area":0.0619056053984012},"geometry":{"type":"Polygon","coordinates":[[[4.676779435501332,4.8036990189798425],[4.596525903536681,4.859629720324958],[4.432425632862763,4.869839816194991],[4.355652893507257,4.697146090421274],[4.490789421915852,4.52968253583232],[4.676779435501332,4.8036990189798425]]]}},{"type":"Feature","id":363,"properties":{"cell_id":363,"site":[4.52826007836733,4.97411428872257],"area":0.030822887621339785},"geometry":{"type":"Polygon","coordinates":[[[4.598366036907769,5.067906508778174],[4.579164099862433,5.077573824345273],[4.5336698410394725,5.07205586689499],[4.398996539357352,4.935427174403715],[4.432425632862764,4.869839816194993],[4.596525903536681,4.85962972032496],[4.598366036907769,5.067906508778174]]]}},{"type":"Feature","id":364,"properties":{"cell_id":364,"site":[4.545083094140478,6.576613553092397],"area":0.14969631773985492},"geometry":{"type":"Polygon","coordinates":[[[4.820345806813013,6.561973142622598],[4.718340525131755,6.757998805945327],[4.466049832411892,6.805685040731768],[4.278044794496833,6.587239185534184],[4.328172569672152,6.476104519906636],[4.621223251037375,6.379752040723779],[4.820345806813013,6.561973142622598]]]}},{"type":"Feature","id":365,"properties":{"cell_id":365,"site":[4.563370908444404,5.876480686252901],"area":0.030816241787018403},"geometry":{"type":"Polygon","coordinates":[[[4.669822012287127,5.942698057610478],[4.529459723836452,5.998418609842933],[4.448054737240226,5.862908891051816],[4.512264654244984,5.790351940207655],[4.625982415481502,5.793286578851711],[4.669822012287127,5.942698057610478]]]}},{"type":"Feature","id":366,"properties":{"cell_id":366,"site":[4.564886976465814,5.466123217644566],"area":0.02026919275776465},"geometry":{"type":"Polygon","coordinates":[[[4.657054795986907,5.454524001444651],[4.657788316254899,5.497461523060652],[4.543767383133778,5.5663673570216385],[4.4722395952558225,5.41506062110936],[4.55997708775675,5.37724668116679],[4.657054795986907,5.454524001444651]]]}},{"type":"Feature","id":367,"properties":{"cell_id":367,"site":[4.567745259671413,5.706973810370514],"area":0.02664891842344455},"geometry":{"type":"Polygon","coordinates":[[[4.680429812930353,5.700526884098008],[4.679161728577911,5.725612562728176],[4.625982415481504,5.793286578851711],[4.512264654244983,5.790351940207655],[4.467902433894353,5.638945048713909],[4.530026161277808,5.600975777131695],[4.680429812930353,5.700526884098008]]]}},{"type":"Feature","id":368,"properties":{"cell_id":368,"site":[4.586731012783694,7.367220599133425],"area":0.14295551828070854},"geometry":{"type":"Polygon","coordinates":[[[4.821659284371121,7.3482943176881905],[4.604921116779871,7.636662311642096],[4.511552242764505,7.604735898819013],[4.3407526395293825,7.202607288412139],[4.3528333406462,7.154253558119034],[4.746700767442492,7.192383339843877],[4.821659284371121,7.3482943176881905]]]}},{"type":"Feature","id":369,"properties":{"cell_id":369,"site":[4.591264044771046,3.674270193332677],"area":0.11683937034485993},"geometry":{"type":"Polygon","coordinates":[[[4.837332331442288,3.7353216101049345],[4.832064583164311,3.763370242431144],[4.48212303674121,3.8671167850023993],[4.372574079500918,3.5373358323613298],[4.6535024297557515,3.4572710504112742],[4.837332331442288,3.7353216101049345]]]}},{"type":"Feature","id":370,"properties":{"cell_id":370,"site":[4.603352292586124,2.853192961705323],"area":0.1759145471972159},"geometry":{"type":"Polygon","coordinates":[[[4.8766464683712325,2.887982211036447],[4.688842477925797,3.116731176005396],[4.464509989721788,3.0586592187683284],[4.343627269367424,2.8109768006800344],[4.544571047199906,2.595681187521128],[4.699976114614931,2.622058477305596],[4.8766464683712325,2.887982211036447]]]}},{"type":"Feature","id":371,"properties":{"cell_id":371,"site":[4.623238836522336,6.990107436051698],"area":0.15347125341230194},"geometry":{"type":"Polygon","coordinates":[[[4.850700599310631,6.991703655534613],[4.746700767442494,7.192383339843877],[4.352833340646201,7.154253558119034],[4.347133269063137,7.140667859844918],[4.466049832411894,6.805685040731767],[4.7183405251317545,6.757998805945327],[4.850700599310631,6.991703655534613]]]}},{"type":"Feature","id":372,"properties":{"cell_id":372,"site":[4.6319560407107945,5.180082877102098],"area":0.024599991008437044},"geometry":{"type":"Polygon","coordinates":[[[4.683080727693875,5.082154712081155],[4.720505073013279,5.189931375201056],[4.65820281644092,5.269503729807844],[4.593905052227533,5.2750621789204235],[4.560774523174814,5.241768634126406],[4.579164099862429,5.077573824345274],[4.598366036907769,5.067906508778173],[4.683080727693875,5.082154712081155]]]}},{"type":"Feature","id":373,"properties":{"cell_id":373,"site":[4.63777102009769,6.063897528230255],"area":0.05885452252314901},"geometry":{"type":"Polygon","coordinates":[[[4.79517411043874,6.120077385716479],[4.628309539940643,6.249617244567546],[4.484303013012667,6.111249061930049],[4.529459723836451,5.998418609842933],[4.669822012287127,5.942698057610478],[4.735303256126677,5.966676496337148],[4.79517411043874,6.120077385716479]]]}},{"type":"Feature","id":374,"properties":{"cell_id":374,"site":[4.642335959412038,5.594280803108377],"area":0.025111365547910804},"geometry":{"type":"Polygon","coordinates":[[[4.740592577366083,5.565079018292072],[4.73848963466661,5.630515415354253],[4.6804298129303525,5.700526884098007],[4.530026161277808,5.600975777131694],[4.543767383133777,5.5663673570216385],[4.6577883162549,5.497461523060651],[4.740592577366083,5.565079018292072]]]}},{"type":"Feature","id":375,"properties":{"cell_id":375,"site":[4.647691355863603,5.3621022791019985],"area":0.020075210288913826},"geometry":{"type":"Polygon","coordinates":[[[4.742547266567776,5.368177447054631],[4.657054795986907,5.45452400144465],[4.559977087756752,5.377246681166791],[4.593905052227534,5.2750621789204235],[4.6582028164409195,5.269503729807845],[4.742547266567776,5.368177447054631]]]}},{"type":"Feature","id":376,"properties":{"cell_id":376,"site":[4.66680386532713,4.9728902490797715],"area":0.03061039382903392},"geometry":{"type":"Polygon","coordinates":[[[4.751847181618769,5.030016393095499],[4.683080727693875,5.082154712081156],[4.598366036907769,5.067906508778173],[4.596525903536681,4.859629720324959],[4.676779435501333,4.8036990189798425],[4.683235151515929,4.804159617684735],[4.751847181618769,5.030016393095499]]]}},{"type":"Feature","id":377,"properties":{"cell_id":377,"site":[4.670051421717957,4.2731966998352195],"area":0.09468694938286483},"geometry":{"type":"Polygon","coordinates":[[[4.863445827500869,4.315951578485143],[4.851134728808711,4.345924028734073],[4.723063609548468,4.451543352830223],[4.564160131688295,4.4607160881868655],[4.507803349486192,4.116495849536891],[4.800465913996843,4.124859903455335],[4.863445827500869,4.315951578485143]]]}},{"type":"Feature","id":378,"properties":{"cell_id":378,"site":[4.678736051222969,3.9693170300549094],"area":0.12829893620811622},"geometry":{"type":"Polygon","coordinates":[[[4.917767869507162,3.9376804450949017],[4.800465913996843,4.124859903455336],[4.507803349486193,4.116495849536892],[4.402518129290723,4.033241294105396],[4.482123036741209,3.8671167850024],[4.832064583164312,3.763370242431144],[4.917767869507162,3.9376804450949017]]]}},{"type":"Feature","id":379,"properties":{"cell_id":379,"site":[4.680201481443556,0.7173242347036318],"area":0.2791222107556587},"geometry":{"type":"Polygon","coordinates":[[[4.995371997524219,0.5358794006641767],[4.941567408936351,0.9683995149755446],[4.723549026433259,1.0457298615367216],[4.350833916338416,0.7535393933561254],[4.340367701885123,0.6978849946733332],[4.427581116281163,0.5232235818204378],[4.553977943898491,0.44212391110856575],[4.969278111099771,0.5018292648421062],[4.995371997524219,0.5358794006641767]]]}},{"type":"Feature","id":380,"properties":{"cell_id":380,"site":[4.6850286290545995,2.3719867165296016],"area":0.13804406996697344},"geometry":{"type":"Polygon","coordinates":[[[4.883543950622944,2.42758450776796],[4.699976114614931,2.622058477305595],[4.544571047199906,2.5956811875211274],[4.447940865947022,2.383481052098526],[4.6848894185897585,2.121369474047879],[4.790661550337664,2.1423370795904044],[4.883543950622944,2.42758450776796]]]}},{"type":"Feature","id":381,"properties":{"cell_id":381,"site":[4.690925353075944,4.634805332422292],"area":0.07094403306164809},"geometry":{"type":"Polygon","coordinates":[[[4.825335315528194,4.65882298081233],[4.750569615804449,4.781787751315325],[4.683235151515931,4.804159617684735],[4.676779435501333,4.8036990189798425],[4.490789421915853,4.52968253583232],[4.491427427849462,4.526331660820314],[4.564160131688293,4.460716088186866],[4.723063609548469,4.451543352830224],[4.825335315528194,4.65882298081233]]]}},{"type":"Feature","id":382,"properties":{"cell_id":382,"site":[4.723618629189742,5.829461571491053],"area":0.03132420484736846},"geometry":{"type":"Polygon","coordinates":[[[4.859704657385988,5.836499469626439],[4.7353032561266755,5.966676496337148],[4.669822012287126,5.942698057610478],[4.625982415481503,5.793286578851713],[4.6791617285779115,5.725612562728175],[4.859704657385988,5.836499469626439]]]}},{"type":"Feature","id":383,"properties":{"cell_id":383,"site":[4.749565027248836,5.4629682825620485],"area":0.02249477935882245},"geometry":{"type":"Polygon","coordinates":[[[4.812098781431894,5.39178249204595],[4.820047346951252,5.514708928549499],[4.740592577366085,5.565079018292072],[4.657788316254899,5.49746152306065],[4.657054795986906,5.4545240014446525],[4.742547266567777,5.368177447054631],[4.782195931510645,5.3685424512004865],[4.812098781431894,5.39178249204595]]]}},{"type":"Feature","id":384,"properties":{"cell_id":384,"site":[4.7513089718080055,5.273531876727995],"area":0.019393079800581452},"geometry":{"type":"Polygon","coordinates":[[[4.824758123581345,5.213166332666402],[4.83168641565442,5.227358467625894],[4.782195931510646,5.3685424512004865],[4.742547266567776,5.368177447054631],[4.6582028164409195,5.269503729807845],[4.720505073013279,5.189931375201056],[4.824758123581345,5.213166332666402]]]}},{"type":"Feature","id":385,"properties":{"cell_id":385,"site":[4.752615183653005,0.21362698220157333],"area":0.21217999624577405},"geometry":{"type":"Polygon","coordinates":[[[4.969278111099771,0.5018292648421065],[4.55397794389849,0.44212391110856597],[4.555017733435564,0.0],[5.034630610054237,0.0],[4.969278111099771,0.5018292648421065]]]}},{"type":"Feature","id":386,"properties":{"cell_id":386,"site":[4.780622750397552,1.8897574044364813],"area":0.17848019527318298},"geometry":{"type":"Polygon","coordinates":[[[5.003484891481684,1.8444667901711191],[4.949393654736722,2.044970894571098],[4.790661550337665,2.142337079590405],[4.6848894185897585,2.121369474047879],[4.492677679131685,1.8629524667231108],[4.493152341909005,1.8403781351011832],[4.790448422144995,1.5989173274368988],[4.904178794695569,1.6224449263674285],[5.003484891481684,1.8444667901711191]]]}},{"type":"Feature","id":387,"properties":{"cell_id":387,"site":[4.783894476550729,5.127323807322419],"area":0.023948960225998694},"geometry":{"type":"Polygon","coordinates":[[[4.870265877683023,5.119693128114164],[4.824758123581346,5.213166332666403],[4.720505073013278,5.189931375201056],[4.683080727693875,5.082154712081158],[4.751847181618771,5.030016393095499],[4.821890146309103,5.0325141777971965],[4.870265877683023,5.119693128114164]]]}},{"type":"Feature","id":388,"properties":{"cell_id":388,"site":[4.790744368103032,4.935238912333484],"area":0.03282802065467874},"geometry":{"type":"Polygon","coordinates":[[[4.8750189561575645,4.868955680070941],[4.885531813913876,4.959759437669925],[4.821890146309102,5.0325141777971965],[4.7518471816187695,5.030016393095499],[4.68323515151593,4.804159617684734],[4.75056961580445,4.781787751315324],[4.8750189561575645,4.868955680070941]]]}},{"type":"Feature","id":389,"properties":{"cell_id":389,"site":[4.791889820113544,5.7183043473662325],"area":0.030554057422432664},"geometry":{"type":"Polygon","coordinates":[[[4.940658610269887,5.712079849931295],[4.8936076182138795,5.82567802921037],[4.859704657385988,5.836499469626441],[4.679161728577911,5.725612562728175],[4.680429812930353,5.700526884098007],[4.738489634666609,5.630515415354254],[4.936129053378952,5.705831784758827],[4.940658610269887,5.712079849931295]]]}},{"type":"Feature","id":390,"properties":{"cell_id":390,"site":[4.810576923750658,6.28649451998505],"area":0.11226167404606649},"geometry":{"type":"Polygon","coordinates":[[[5.009563735786563,6.3387292949018645],[4.840693371659161,6.555751402108136],[4.8203458068130125,6.561973142622598],[4.621223251037375,6.37975204072378],[4.628309539940643,6.249617244567546],[4.79517411043874,6.12007738571648],[4.952559392563907,6.1512822664357065],[5.009563735786563,6.3387292949018645]]]}},{"type":"Feature","id":391,"properties":{"cell_id":391,"site":[4.836771455085527,5.600529415875924],"area":0.02375784788737618},"geometry":{"type":"Polygon","coordinates":[[[4.936129053378953,5.705831784758827],[4.738489634666611,5.630515415354254],[4.740592577366084,5.565079018292071],[4.820047346951252,5.5147089285494975],[4.90689576170841,5.542335049577286],[4.936129053378953,5.705831784758827]]]}},{"type":"Feature","id":392,"properties":{"cell_id":392,"site":[4.865643550732918,5.313610598988858],"area":0.017915862555794266},"geometry":{"type":"Polygon","coordinates":[[[4.955607651637665,5.2804006681367035],[4.95420408836657,5.305466734374628],[4.893906964389175,5.3815292121141285],[4.812098781431894,5.39178249204595],[4.782195931510646,5.368542451200487],[4.83168641565442,5.227358467625893],[4.955607651637665,5.2804006681367035]]]}},{"type":"Feature","id":393,"properties":{"cell_id":393,"site":[4.8687966912401395,7.579221929276898],"area":0.1333741212731469},"geometry":{"type":"Polygon","coordinates":[[[5.056553061181296,7.415016470598414],[5.063371556520068,7.425723898087289],[5.064067666234009,7.6888159531399225],[4.683331750608692,7.770676051471261],[4.604921116779871,7.636662311642097],[4.821659284371123,7.348294317688191],[5.056553061181296,7.415016470598414]]]}},{"type":"Feature","id":394,"properties":{"cell_id":394,"site":[4.872906910320641,5.972126309145183],"area":0.0642579550399595},"geometry":{"type":"Polygon","coordinates":[[[5.060493751837736,6.012637062080863],[4.952559392563906,6.151282266435705],[4.795174110438738,6.1200773857164785],[4.7353032561266755,5.966676496337147],[4.859704657385985,5.836499469626442],[4.893607618213882,5.825678029210369],[5.060493751837736,6.012637062080863]]]}},{"type":"Feature","id":395,"properties":{"cell_id":395,"site":[4.877540964725531,3.4850015289993346],"area":0.13828411403469243},"geometry":{"type":"Polygon","coordinates":[[[5.150663473058612,3.50119544269444],[4.837332331442289,3.7353216101049327],[4.653502429755752,3.457271050411273],[4.739143429424482,3.270374838745818],[5.137395324891018,3.3729143133054347],[5.150663473058612,3.50119544269444]]]}},{"type":"Feature","id":396,"properties":{"cell_id":396,"site":[4.883279378252965,5.454322158017439],"area":0.017257394920959727},"geometry":{"type":"Polygon","coordinates":[[[4.969209534082085,5.484625146517133],[4.906895761708408,5.542335049577286],[4.820047346951252,5.5147089285494975],[4.812098781431894,5.39178249204595],[4.893906964389176,5.3815292121141285],[4.969209534082085,5.484625146517133]]]}},{"type":"Feature","id":397,"properties":{"cell_id":397,"site":[4.888054833221294,4.537541706326333],"area":0.053522265390204465},"geometry":{"type":"Polygon","coordinates":[[[5.00510438734609,4.535630810466608],[4.980457590548948,4.644999747423434],[4.825335315528195,4.65882298081233],[4.723063609548469,4.451543352830223],[4.85113472880871,4.345924028734075],[5.00510438734609,4.535630810466608]]]}},{"type":"Feature","id":398,"properties":{"cell_id":398,"site":[4.896823989304828,1.3280506943389192],"area":0.2343499126475409},"geometry":{"type":"Polygon","coordinates":[[[5.083748429008295,1.0632657408356259],[5.123602634105433,1.455789526708641],[4.904178794695569,1.6224449263674285],[4.790448422144995,1.598917327436899],[4.609977411614675,1.2777169160216157],[4.723549026433258,1.0457298615367232],[4.941567408936351,0.9683995149755453],[5.083748429008295,1.0632657408356259]]]}},{"type":"Feature","id":399,"properties":{"cell_id":399,"site":[4.908511485133501,4.767103220239439],"area":0.04179620801189968},"geometry":{"type":"Polygon","coordinates":[[[5.016743845353379,4.685725903744935],[5.00686915264198,4.811871811006184],[4.8750189561575645,4.86895568007094],[4.75056961580445,4.781787751315324],[4.825335315528195,4.658822980812329],[4.980457590548948,4.644999747423433],[5.016743845353379,4.685725903744935]]]}},{"type":"Feature","id":400,"properties":{"cell_id":400,"site":[4.917531697213726,5.192385552085481],"area":0.01835354038509058},"geometry":{"type":"Polygon","coordinates":[[[4.989944233137242,5.13572608892337],[4.962865548053079,5.273546522241317],[4.955607651637666,5.280400668136704],[4.831686415654419,5.227358467625892],[4.824758123581345,5.213166332666404],[4.870265877683022,5.119693128114164],[4.983430193491996,5.123609622256724],[4.989944233137242,5.13572608892337]]]}},{"type":"Feature","id":401,"properties":{"cell_id":401,"site":[4.922444197102066,5.050442357856072],"area":0.022170445500028908},"geometry":{"type":"Polygon","coordinates":[[[5.000376707831169,5.001717740238379],[5.015414949666799,5.035458662211189],[4.983430193491995,5.1236096222567244],[4.870265877683023,5.119693128114165],[4.821890146309102,5.0325141777971965],[4.885531813913876,4.959759437669926],[5.000376707831169,5.001717740238379]]]}},{"type":"Feature","id":402,"properties":{"cell_id":402,"site":[4.931096873149091,7.868983574892315],"area":0.1262987663199814},"geometry":{"type":"Polygon","coordinates":[[[4.6833317506086924,7.77067605147126],[5.06406766623401,7.688815953139922],[5.140877568777075,7.7753635169961814],[5.151939789382412,8.0],[4.669528460011746,8.0],[4.6833317506086924,7.77067605147126]]]}},{"type":"Feature","id":403,"properties":{"cell_id":403,"site":[4.950493692541101,2.6225644537753885],"area":0.1389945867010149},"geometry":{"type":"Polygon","coordinates":[[[5.1905577656468385,2.479872333617817],[5.203070675975632,2.5171016515501154],[4.976816930890612,2.885416872593009],[4.876646468371233,2.887982211036448],[4.699976114614932,2.622058477305597],[4.883543950622946,2.4275845077679605],[5.1905577656468385,2.479872333617817]]]}},{"type":"Feature","id":404,"properties":{"cell_id":404,"site":[4.963982533058972,3.1492721078789083],"area":0.16984161389151828},"geometry":{"type":"Polygon","coordinates":[[[5.156031317116765,3.0147366187402858],[5.1894631897089765,3.289153748350301],[5.13739532489102,3.3729143133054342],[4.739143429424479,3.2703748387458162],[4.688842477925796,3.1167311760053966],[4.8766464683712325,2.887982211036447],[4.976816930890611,2.8854168725930083],[5.156031317116765,3.0147366187402858]]]}},{"type":"Feature","id":405,"properties":{"cell_id":405,"site":[4.966310922031367,6.795806604184155],"area":0.14247094746336258},"geometry":{"type":"Polygon","coordinates":[[[5.233221189353961,6.758065414021114],[5.114290489275668,6.980045466890715],[4.85070059931063,6.991703655534613],[4.7183405251317545,6.757998805945328],[4.8203458068130125,6.561973142622599],[4.840693371659162,6.555751402108137],[5.233221189353961,6.758065414021114]]]}},{"type":"Feature","id":406,"properties":{"cell_id":406,"site":[4.966482983440864,5.393549196264443],"area":0.014628016065419453},"geometry":{"type":"Polygon","coordinates":[[[5.041487178352367,5.398621811288381],[5.009974939748228,5.4786249032741345],[4.969209534082086,5.484625146517133],[4.893906964389176,5.381529212114128],[4.95420408836657,5.305466734374627],[5.041487178352367,5.398621811288381]]]}},{"type":"Feature","id":407,"properties":{"cell_id":407,"site":[4.972209152352616,4.9142297215792805],"area":0.02328164668533084},"geometry":{"type":"Polygon","coordinates":[[[5.06744284623541,4.875910673378747],[5.000376707831169,5.00171774023838],[4.885531813913875,4.959759437669927],[4.8750189561575645,4.8689556800709415],[5.006869152641981,4.811871811006185],[5.06744284623541,4.875910673378747]]]}},{"type":"Feature","id":408,"properties":{"cell_id":408,"site":[4.9831541393281045,7.1766292113246],"area":0.13549591094981345},"geometry":{"type":"Polygon","coordinates":[[[5.186385514229652,7.130653801604796],[5.056553061181296,7.415016470598414],[4.82165928437112,7.3482943176881905],[4.746700767442493,7.192383339843879],[4.850700599310631,6.991703655534612],[5.114290489275668,6.980045466890714],[5.186385514229652,7.130653801604796]]]}},{"type":"Feature","id":409,"properties":{"cell_id":409,"site":[4.992840947393874,5.5726241186572505],"area":0.03073250709136827},"geometry":{"type":"Polygon","coordinates":[[[5.099441268815363,5.554236349145385],[5.044348130808603,5.691838695603394],[4.940658610269888,5.712079849931296],[4.936129053378953,5.7058317847588285],[4.906895761708409,5.542335049577285],[4.969209534082085,5.484625146517133],[5.009974939748227,5.4786249032741345],[5.099441268815363,5.554236349145385]]]}},{"type":"Feature","id":410,"properties":{"cell_id":410,"site":[4.993521744475712,4.166587487554125],"area":0.10254339927106593},"geometry":{"type":"Polygon","coordinates":[[[5.155817308015449,3.9945326056979535],[5.203682040881684,4.065752114312311],[5.203004408368998,4.072830562257315],[5.0669550179405025,4.285983024232573],[4.863445827500869,4.315951578485143],[4.800465913996843,4.124859903455334],[4.917767869507161,3.937680445094902],[5.155817308015449,3.9945326056979535]]]}},{"type":"Feature","id":411,"properties":{"cell_id":411,"site":[5.011261655321109,2.2657585667245046],"area":0.12087924628916125},"geometry":{"type":"Polygon","coordinates":[[[5.154947435795324,2.1683282028534645],[5.207735537647173,2.4369565144772007],[5.190557765646838,2.4798723336178172],[4.883543950622944,2.4275845077679605],[4.790661550337665,2.1423370795904066],[4.949393654736722,2.044970894571099],[5.154947435795324,2.1683282028534645]]]}},{"type":"Feature","id":412,"properties":{"cell_id":412,"site":[5.031056749444358,4.421478611428128],"area":0.047190209392193136},"geometry":{"type":"Polygon","coordinates":[[[5.1744425090975925,4.443939192781544],[5.172739199004714,4.455930015870414],[5.0051043873460905,4.535630810466609],[4.851134728808711,4.345924028734075],[4.86344582750087,4.3159515784851425],[5.0669550179405025,4.285983024232572],[5.1744425090975925,4.443939192781544]]]}},{"type":"Feature","id":413,"properties":{"cell_id":413,"site":[5.03553667332742,5.215570935483422],"area":0.015311341618666593},"geometry":{"type":"Polygon","coordinates":[[[5.122008888168406,5.186140825547307],[5.102995101390502,5.266057608424994],[4.962865548053079,5.273546522241317],[4.989944233137242,5.13572608892337],[5.122008888168406,5.186140825547307]]]}},{"type":"Feature","id":414,"properties":{"cell_id":414,"site":[5.041301844492417,5.323446507305862],"area":0.016259394698894113},"geometry":{"type":"Polygon","coordinates":[[[5.1445504079498345,5.349449270480627],[5.041487178352367,5.39862181128838],[4.954204088366569,5.305466734374626],[4.955607651637664,5.280400668136706],[4.962865548053079,5.273546522241318],[5.102995101390501,5.266057608424995],[5.1445504079498345,5.349449270480627]]]}},{"type":"Feature","id":415,"properties":{"cell_id":415,"site":[5.041457446268243,5.821672239969459],"area":0.06816463081175916},"geometry":{"type":"Polygon","coordinates":[[[5.2007382670903715,5.797887488785984],[5.212560998036197,5.968782502133771],[5.212459460707236,5.968949661246092],[5.060493751837735,6.012637062080863],[4.893607618213881,5.825678029210368],[4.940658610269888,5.712079849931297],[5.044348130808605,5.691838695603395],[5.2007382670903715,5.797887488785984]]]}},{"type":"Feature","id":416,"properties":{"cell_id":416,"site":[5.077145380150535,5.106574243625701],"area":0.018880994042794266},"geometry":{"type":"Polygon","coordinates":[[[5.150048486548288,5.165067100923647],[5.122008888168404,5.186140825547307],[4.989944233137242,5.13572608892337],[4.983430193491995,5.123609622256723],[5.015414949666799,5.035458662211189],[5.149736621366708,5.047389392257982],[5.150048486548288,5.165067100923647]]]}},{"type":"Feature","id":417,"properties":{"cell_id":417,"site":[5.088713356315341,4.9763366227469055],"area":0.018352955955052576},"geometry":{"type":"Polygon","coordinates":[[[5.130367404853509,4.8831608638690405],[5.151398139466008,5.045675730708425],[5.149736621366709,5.0473893922579816],[5.015414949666798,5.035458662211189],[5.000376707831169,5.00171774023838],[5.0674428462354095,4.875910673378747],[5.130367404853509,4.8831608638690405]]]}},{"type":"Feature","id":418,"properties":{"cell_id":418,"site":[5.088784079000646,3.767708271635069],"area":0.14241878789582574},"geometry":{"type":"Polygon","coordinates":[[[5.318839658188477,3.663227315972054],[5.1558173080154495,3.994532605697953],[4.917767869507162,3.9376804450949017],[4.832064583164312,3.7633702424311437],[4.837332331442288,3.7353216101049336],[5.150663473058612,3.5011954426944394],[5.318839658188477,3.663227315972054]]]}},{"type":"Feature","id":419,"properties":{"cell_id":419,"site":[5.099803154997533,5.446062379849729],"area":0.024602639868857565},"geometry":{"type":"Polygon","coordinates":[[[5.150959851137638,5.352285555463597],[5.203609822782547,5.518791244046994],[5.202945282981254,5.520224735344231],[5.099441268815363,5.554236349145386],[5.009974939748228,5.478624903274135],[5.041487178352367,5.398621811288381],[5.144550407949835,5.349449270480628],[5.150959851137638,5.352285555463597]]]}},{"type":"Feature","id":420,"properties":{"cell_id":420,"site":[5.109094734203529,6.518778742079425],"area":0.1407064775547858},"geometry":{"type":"Polygon","coordinates":[[[5.384967567711069,6.460939544708091],[5.252596279260264,6.748403923059843],[5.23322118935396,6.758065414021113],[4.840693371659161,6.555751402108136],[5.0095637357865614,6.338729294901865],[5.351309153988374,6.3762403389916],[5.384967567711069,6.460939544708091]]]}},{"type":"Feature","id":421,"properties":{"cell_id":421,"site":[5.110020234204942,4.587562638103329],"area":0.03472777606149546},"geometry":{"type":"Polygon","coordinates":[[[5.212311605647677,4.521762623690964],[5.133508543140567,4.685143378604396],[5.01674384535338,4.685725903744935],[4.980457590548948,4.644999747423433],[5.00510438734609,4.535630810466609],[5.172739199004715,4.455930015870413],[5.212311605647677,4.521762623690964]]]}},{"type":"Feature","id":422,"properties":{"cell_id":422,"site":[5.1109950164761795,4.782953616772615],"area":0.03115186542638245},"geometry":{"type":"Polygon","coordinates":[[[5.208138649947138,4.745572164863999],[5.214370752429857,4.768868071874216],[5.152589590328954,4.872851399610316],[5.130367404853505,4.8831608638690405],[5.06744284623541,4.875910673378748],[5.006869152641979,4.811871811006183],[5.016743845353379,4.685725903744935],[5.133508543140567,4.685143378604396],[5.208138649947138,4.745572164863999]]]}},{"type":"Feature","id":423,"properties":{"cell_id":423,"site":[5.145780043040052,6.184556208038283],"area":0.1139513626457074},"geometry":{"type":"Polygon","coordinates":[[[5.371303963773172,6.301969317086355],[5.351309153988373,6.3762403389916],[5.009563735786564,6.338729294901865],[4.952559392563907,6.151282266435705],[5.060493751837737,6.012637062080862],[5.212459460707235,5.968949661246092],[5.371303963773172,6.301969317086355]]]}},{"type":"Feature","id":424,"properties":{"cell_id":424,"site":[5.163896585226062,5.641111263713304],"area":0.04070318359466783},"geometry":{"type":"Polygon","coordinates":[[[5.293060886962726,5.682554582761199],[5.200738267090371,5.797887488785984],[5.044348130808603,5.691838695603394],[5.099441268815363,5.554236349145385],[5.202945282981254,5.520224735344231],[5.293060886962726,5.682554582761199]]]}},{"type":"Feature","id":425,"properties":{"cell_id":425,"site":[5.173329489324205,1.995700338872619],"area":0.09669548927011876},"geometry":{"type":"Polygon","coordinates":[[[5.368436332783767,2.0131724767377013],[5.154947435795324,2.1683282028534645],[4.949393654736722,2.044970894571099],[5.003484891481685,1.8444667901711171],[5.349322307683369,1.8594873724645522],[5.368436332783767,2.0131724767377013]]]}},{"type":"Feature","id":426,"properties":{"cell_id":426,"site":[5.1858020788488695,1.7085285068964786],"area":0.1599048939166099},"geometry":{"type":"Polygon","coordinates":[[[5.394033591121068,1.5415429957482065],[5.463586714465495,1.6844475860671073],[5.3493223076833685,1.8594873724645529],[5.003484891481683,1.8444667901711176],[4.90417879469557,1.6224449263674288],[5.123602634105434,1.4557895267086418],[5.394033591121068,1.5415429957482065]]]}},{"type":"Feature","id":427,"properties":{"cell_id":427,"site":[5.185962130333496,5.251360133477786],"area":0.02560243934869097},"geometry":{"type":"Polygon","coordinates":[[[5.298910886733765,5.209379831805768],[5.2877892230758325,5.296195116857849],[5.150959851137637,5.352285555463597],[5.1445504079498345,5.349449270480627],[5.102995101390501,5.266057608424996],[5.122008888168405,5.186140825547308],[5.150048486548288,5.165067100923649],[5.293642622308763,5.2013469863331485],[5.298910886733765,5.209379831805768]]]}},{"type":"Feature","id":428,"properties":{"cell_id":428,"site":[5.194367511137478,4.96266412290744],"area":0.01549024948866454},"geometry":{"type":"Polygon","coordinates":[[[5.268312243841505,4.941447776856275],[5.238480591408144,5.028521279283985],[5.151398139466008,5.0456757307084255],[5.130367404853509,4.883160863869039],[5.152589590328949,4.872851399610318],[5.268312243841505,4.941447776856275]]]}},{"type":"Feature","id":429,"properties":{"cell_id":429,"site":[5.206170645929163,4.302315469065261],"area":0.0509841475364583},"geometry":{"type":"Polygon","coordinates":[[[5.338418938079746,4.328896537149051],[5.174442509097593,4.443939192781546],[5.0669550179405025,4.285983024232573],[5.203004408368997,4.072830562257314],[5.338418938079746,4.328896537149051]]]}},{"type":"Feature","id":430,"properties":{"cell_id":430,"site":[5.222640539796038,5.106188657647725],"area":0.02082819375083337},"geometry":{"type":"Polygon","coordinates":[[[5.305247658085547,5.087764251485078],[5.293642622308763,5.2013469863331485],[5.150048486548287,5.165067100923649],[5.149736621366707,5.047389392257982],[5.151398139466006,5.045675730708425],[5.238480591408143,5.028521279283983],[5.305247658085547,5.087764251485078]]]}},{"type":"Feature","id":431,"properties":{"cell_id":431,"site":[5.223178063961075,2.7900727638724585],"area":0.1407480469416099},"geometry":{"type":"Polygon","coordinates":[[[5.484609344367226,2.719015289340806],[5.42813420972811,2.881318164528185],[5.156031317116764,3.014736618740285],[4.976816930890613,2.8854168725930087],[5.203070675975632,2.517101651550116],[5.484609344367226,2.719015289340806]]]}},{"type":"Feature","id":432,"properties":{"cell_id":432,"site":[5.2244968083264585,4.6427778599382235],"area":0.021684633779785554},"geometry":{"type":"Polygon","coordinates":[[[5.278470376484504,4.556188808888725],[5.304295577591936,4.649641435849546],[5.208138649947138,4.745572164863997],[5.133508543140568,4.685143378604396],[5.2123116056476775,4.521762623690964],[5.278470376484504,4.556188808888725]]]}},{"type":"Feature","id":433,"properties":{"cell_id":433,"site":[5.246731275189868,5.399602937966507],"area":0.0293666746459451},"geometry":{"type":"Polygon","coordinates":[[[5.388554806838921,5.421728106642885],[5.203609822782548,5.518791244046994],[5.150959851137639,5.352285555463596],[5.287789223075832,5.296195116857849],[5.388554806838921,5.421728106642885]]]}},{"type":"Feature","id":434,"properties":{"cell_id":434,"site":[5.251433020610163,4.866394138319963],"area":0.018848781144640253},"geometry":{"type":"Polygon","coordinates":[[[5.3386462011335825,4.884747870320284],[5.317342169880015,4.919185086440311],[5.268312243841504,4.941447776856274],[5.152589590328951,4.872851399610319],[5.214370752429857,4.768868071874215],[5.2954661331272765,4.804126884966183],[5.3386462011335825,4.884747870320284]]]}},{"type":"Feature","id":435,"properties":{"cell_id":435,"site":[5.252527126370384,0.27872979107032697],"area":0.30800861309172806},"geometry":{"type":"Polygon","coordinates":[[[5.571036336539351,0.5314178389660132],[4.9953719975242175,0.5358794006641752],[4.969278111099771,0.5018292648421072],[5.034630610054238,0.0],[5.58483002223846,0.0],[5.571036336539351,0.5314178389660132]]]}},{"type":"Feature","id":436,"properties":{"cell_id":436,"site":[5.256481960434048,0.7890123089858413],"area":0.26879596811150497},"geometry":{"type":"Polygon","coordinates":[[[5.5721184066397225,0.5328339584740974],[5.438016311489408,1.017847801803459],[5.0837484290082955,1.063265740835626],[4.94156740893635,0.9683995149755447],[4.995371997524218,0.535879400664176],[5.571036336539352,0.531417838966014],[5.5721184066397225,0.5328339584740974]]]}},{"type":"Feature","id":437,"properties":{"cell_id":437,"site":[5.258755966221819,7.5781901442642265],"area":0.10470420746488629},"geometry":{"type":"Polygon","coordinates":[[[5.452428500875227,7.659759512097661],[5.140877568777074,7.7753635169961814],[5.064067666234009,7.688815953139922],[5.063371556520068,7.425723898087289],[5.428081366545628,7.4616699278311005],[5.452428500875227,7.659759512097661]]]}},{"type":"Feature","id":438,"properties":{"cell_id":438,"site":[5.2847616752466005,7.314335213257812],"area":0.10235621412771181},"geometry":{"type":"Polygon","coordinates":[[[5.447887292334864,7.184842098623572],[5.492510014825766,7.363045259206156],[5.428081366545625,7.461669927831101],[5.063371556520067,7.4257238980872895],[5.056553061181296,7.415016470598415],[5.186385514229652,7.130653801604797],[5.447887292334864,7.184842098623572]]]}},{"type":"Feature","id":439,"properties":{"cell_id":439,"site":[5.310971195819536,4.7294561486026145],"area":0.016809540950608236},"geometry":{"type":"Polygon","coordinates":[[[5.4123967133378805,4.699370650291229],[5.41274451878675,4.705923497698864],[5.295466133127277,4.804126884966183],[5.214370752429856,4.7688680718742145],[5.208138649947137,4.745572164863997],[5.304295577591935,4.649641435849547],[5.4123967133378805,4.699370650291229]]]}},{"type":"Feature","id":440,"properties":{"cell_id":440,"site":[5.313711212110726,5.003551645612761],"area":0.0146532277118279},"geometry":{"type":"Polygon","coordinates":[[[5.3902097590779,5.038691552033925],[5.3052476580855465,5.087764251485076],[5.238480591408145,5.028521279283984],[5.268312243841505,4.941447776856274],[5.317342169880015,4.919185086440311],[5.3902097590779,5.038691552033925]]]}},{"type":"Feature","id":441,"properties":{"cell_id":441,"site":[5.31841098606974,4.462297608410065],"area":0.036178248921232704},"geometry":{"type":"Polygon","coordinates":[[[5.374979116334993,4.339181060970059],[5.432024371081622,4.486032174720441],[5.420549341228481,4.5047740794463635],[5.278470376484501,4.556188808888723],[5.212311605647678,4.5217626236909645],[5.172739199004715,4.455930015870411],[5.174442509097593,4.443939192781546],[5.338418938079747,4.328896537149051],[5.374979116334993,4.339181060970059]]]}},{"type":"Feature","id":442,"properties":{"cell_id":442,"site":[5.320078479606943,1.2850763017749927],"area":0.18941807549084805},"geometry":{"type":"Polygon","coordinates":[[[5.6003771208362725,1.1893889376006164],[5.394033591121069,1.5415429957482072],[5.123602634105434,1.4557895267086423],[5.083748429008295,1.063265740835626],[5.438016311489409,1.0178478018034587],[5.6003771208362725,1.1893889376006164]]]}},{"type":"Feature","id":443,"properties":{"cell_id":443,"site":[5.3248169764178295,2.2041418662129564],"area":0.09596794175528711},"geometry":{"type":"Polygon","coordinates":[[[5.591203938150574,2.212244236040217],[5.207735537647173,2.4369565144772],[5.154947435795325,2.1683282028534654],[5.368436332783768,2.013172476737702],[5.591203938150574,2.212244236040217]]]}},{"type":"Feature","id":444,"properties":{"cell_id":444,"site":[5.3261947024559735,5.551013274391222],"area":0.042740915157243035},"geometry":{"type":"Polygon","coordinates":[[[5.4259521528869525,5.4315303990838775],[5.446446906695112,5.660591431530157],[5.293060886962725,5.682554582761197],[5.202945282981254,5.520224735344231],[5.203609822782546,5.518791244046995],[5.388554806838922,5.421728106642884],[5.4259521528869525,5.4315303990838775]]]}},{"type":"Feature","id":445,"properties":{"cell_id":445,"site":[5.349651549544955,7.0011897843810935],"area":0.13025776562971364},"geometry":{"type":"Polygon","coordinates":[[[5.61299151662075,6.958365573027808],[5.447887292334864,7.184842098623573],[5.186385514229653,7.130653801604798],[5.114290489275668,6.980045466890715],[5.233221189353963,6.758065414021112],[5.252596279260265,6.748403923059843],[5.61299151662075,6.958365573027808]]]}},{"type":"Feature","id":446,"properties":{"cell_id":446,"site":[5.3588415910753815,7.84791929197088],"area":0.11001719651835073},"geometry":{"type":"Polygon","coordinates":[[[5.140877568777074,7.7753635169961814],[5.452428500875225,7.659759512097662],[5.547855017259778,7.739253560670318],[5.506363887696833,8.0],[5.151939789382412,8.0],[5.140877568777074,7.7753635169961814]]]}},{"type":"Feature","id":447,"properties":{"cell_id":447,"site":[5.361776941920715,5.799512136291685],"area":0.07907643429267072},"geometry":{"type":"Polygon","coordinates":[[[5.549596382564404,5.731212900556752],[5.5337100573920885,5.892452668962276],[5.2125609980361975,5.96878250213377],[5.200738267090372,5.7978874887859835],[5.293060886962727,5.682554582761198],[5.446446906695113,5.6605914315301575],[5.549596382564404,5.731212900556752]]]}},{"type":"Feature","id":448,"properties":{"cell_id":448,"site":[5.369246821638314,4.602776863437084],"area":0.021419015058887783},"geometry":{"type":"Polygon","coordinates":[[[5.449258177079654,4.65250641853847],[5.412396713337881,4.699370650291229],[5.304295577591936,4.649641435849547],[5.278470376484504,4.556188808888722],[5.420549341228481,4.504774079446364],[5.449258177079654,4.65250641853847]]]}},{"type":"Feature","id":449,"properties":{"cell_id":449,"site":[5.371699444299093,4.8019802350297205],"area":0.014705133930951766},"geometry":{"type":"Polygon","coordinates":[[[5.450988776136952,4.772271460808083],[5.37986610606483,4.878723397660974],[5.3386462011335825,4.884747870320284],[5.295466133127277,4.804126884966184],[5.412744518786749,4.705923497698864],[5.450988776136952,4.772271460808083]]]}},{"type":"Feature","id":450,"properties":{"cell_id":450,"site":[5.374763752555258,3.0992271802426865],"area":0.12491695052278268},"geometry":{"type":"Polygon","coordinates":[[[5.639894807412765,3.2346927407122],[5.1894631897089765,3.2891537483503006],[5.156031317116765,3.014736618740285],[5.4281342097281104,2.8813181645281856],[5.639894807412765,3.2346927407122]]]}},{"type":"Feature","id":451,"properties":{"cell_id":451,"site":[5.376427853232944,3.9092465010028663],"area":0.12383926174842079},"geometry":{"type":"Polygon","coordinates":[[[5.498419821561744,3.6775479683218966],[5.597709464116294,3.7744062754643233],[5.49474535308711,4.051497200774605],[5.2036820408816835,4.0657521143123105],[5.155817308015449,3.9945326056979535],[5.318839658188477,3.6632273159720534],[5.498419821561744,3.6775479683218966]]]}},{"type":"Feature","id":452,"properties":{"cell_id":452,"site":[5.382421846597634,5.122513918563253],"area":0.026159837152247185},"geometry":{"type":"Polygon","coordinates":[[[5.520535404725917,5.187768983856071],[5.298910886733765,5.209379831805767],[5.293642622308763,5.201346986333148],[5.305247658085547,5.087764251485076],[5.3902097590779,5.038691552033925],[5.431260097481847,5.041523108964293],[5.520535404725917,5.187768983856071]]]}},{"type":"Feature","id":453,"properties":{"cell_id":453,"site":[5.390894284243497,4.204628673233172],"area":0.06738024747658147},"geometry":{"type":"Polygon","coordinates":[[[5.564326432520931,4.160017516849772],[5.525045280218686,4.251858885389228],[5.374979116334995,4.33918106097006],[5.338418938079746,4.328896537149051],[5.203004408368998,4.072830562257316],[5.203682040881684,4.0657521143123105],[5.494745353087108,4.051497200774605],[5.564326432520931,4.160017516849772]]]}},{"type":"Feature","id":454,"properties":{"cell_id":454,"site":[5.394004589394153,4.954593751977991],"area":0.016333071523954162},"geometry":{"type":"Polygon","coordinates":[[[5.489671881615014,4.946030435110897],[5.431260097481847,5.041523108964294],[5.3902097590779,5.038691552033926],[5.317342169880014,4.91918508644031],[5.338646201133581,4.884747870320285],[5.379866106064828,4.878723397660975],[5.489671881615014,4.946030435110897]]]}},{"type":"Feature","id":455,"properties":{"cell_id":455,"site":[5.3976299082703445,5.27847630123584],"area":0.04472896967151245},"geometry":{"type":"Polygon","coordinates":[[[5.539197791816372,5.197583281939928],[5.514111471037048,5.380046972401032],[5.4259521528869525,5.4315303990838775],[5.38855480683892,5.421728106642883],[5.2877892230758325,5.29619511685785],[5.298910886733765,5.209379831805767],[5.520535404725917,5.187768983856071],[5.539197791816372,5.197583281939928]]]}},{"type":"Feature","id":456,"properties":{"cell_id":456,"site":[5.414689782013169,3.429444097210536],"area":0.15972275265847002},"geometry":{"type":"Polygon","coordinates":[[[5.664667433247451,3.2463020658099273],[5.498419821561745,3.677547968321897],[5.318839658188477,3.663227315972054],[5.150663473058612,3.5011954426944394],[5.137395324891019,3.3729143133054356],[5.189463189708977,3.289153748350301],[5.639894807412766,3.234692740712201],[5.664667433247451,3.2463020658099273]]]}},{"type":"Feature","id":457,"properties":{"cell_id":457,"site":[5.421980868605884,6.052813285018598],"area":0.10118904852990046},"geometry":{"type":"Polygon","coordinates":[[[5.665367385926319,6.072756289281274],[5.3713039637731725,6.301969317086357],[5.212459460707235,5.968949661246091],[5.212560998036196,5.968782502133771],[5.533710057392088,5.892452668962276],[5.665367385926319,6.072756289281274]]]}},{"type":"Feature","id":458,"properties":{"cell_id":458,"site":[5.453891020333022,4.856894072370672],"area":0.015246142620739164},"geometry":{"type":"Polygon","coordinates":[[[5.5115502066198765,4.937224520155037],[5.489671881615014,4.946030435110897],[5.379866106064828,4.878723397660975],[5.450988776136952,4.772271460808082],[5.522761658463806,4.80472050326342],[5.5115502066198765,4.937224520155037]]]}},{"type":"Feature","id":459,"properties":{"cell_id":459,"site":[5.468071951020111,2.4486045024204275],"area":0.14692111394231017},"geometry":{"type":"Polygon","coordinates":[[[5.7018040254076094,2.469546960785243],[5.5436222550987555,2.6975817913649136],[5.484609344367226,2.719015289340806],[5.203070675975632,2.5171016515501154],[5.1905577656468385,2.4798723336178172],[5.2077355376471735,2.4369565144771994],[5.591203938150574,2.2122442360402164],[5.613177616054057,2.2159894047056445],[5.7018040254076094,2.469546960785243]]]}},{"type":"Feature","id":460,"properties":{"cell_id":460,"site":[5.4998232519554175,4.391826852980845],"area":0.03584125817779792},"geometry":{"type":"Polygon","coordinates":[[[5.610827226163129,4.424411740014563],[5.582167101146625,4.48196676507864],[5.432024371081622,4.486032174720441],[5.374979116334993,4.339181060970061],[5.525045280218687,4.251858885389227],[5.610827226163129,4.424411740014563]]]}},{"type":"Feature","id":461,"properties":{"cell_id":461,"site":[5.504821760741511,4.576430575981228],"area":0.024536487059303357},"geometry":{"type":"Polygon","coordinates":[[[5.5950198663154715,4.512741356603154],[5.570434120295417,4.642602826828686],[5.449258177079654,4.652506418538469],[5.420549341228481,4.504774079446365],[5.4320243710816225,4.486032174720441],[5.5821671011466245,4.48196676507864],[5.5950198663154715,4.512741356603154]]]}},{"type":"Feature","id":462,"properties":{"cell_id":462,"site":[5.516437094710012,4.71855063612151],"area":0.022402443787572557},"geometry":{"type":"Polygon","coordinates":[[[5.591599072646927,4.668558017481671],[5.595436349219914,4.772834499873715],[5.522761658463808,4.804720503263421],[5.450988776136952,4.772271460808082],[5.412744518786749,4.705923497698864],[5.4123967133378805,4.699370650291229],[5.449258177079655,4.652506418538469],[5.570434120295415,4.642602826828686],[5.591599072646927,4.668558017481671]]]}},{"type":"Feature","id":463,"properties":{"cell_id":463,"site":[5.520366521952922,6.708160733545643],"area":0.16809245839259884},"geometry":{"type":"Polygon","coordinates":[[[5.800154515113861,6.715469198525329],[5.643016197468709,6.950630624124335],[5.612991516620749,6.958365573027807],[5.252596279260264,6.7484039230598425],[5.384967567711068,6.4609395447080935],[5.735130904364038,6.554070724980177],[5.800154515113861,6.715469198525329]]]}},{"type":"Feature","id":464,"properties":{"cell_id":464,"site":[5.52561810069893,5.035100242173725],"area":0.03480779265338654},"geometry":{"type":"Polygon","coordinates":[[[5.591745034694376,5.173427133650911],[5.539197791816374,5.197583281939928],[5.520535404725916,5.18776898385607],[5.431260097481847,5.041523108964293],[5.489671881615014,4.946030435110898],[5.511550206619877,4.937224520155038],[5.645608870589696,4.982292594373545],[5.591745034694376,5.173427133650911]]]}},{"type":"Feature","id":465,"properties":{"cell_id":465,"site":[5.545336245445645,5.53140604602615],"area":0.07910982351957885},"geometry":{"type":"Polygon","coordinates":[[[5.744179846749505,5.618906191332101],[5.549596382564405,5.731212900556753],[5.446446906695112,5.6605914315301575],[5.4259521528869525,5.4315303990838775],[5.514111471037048,5.380046972401033],[5.762864720310411,5.503832892947889],[5.744179846749505,5.618906191332101]]]}},{"type":"Feature","id":466,"properties":{"cell_id":466,"site":[5.553319337089984,1.9484404855352235],"area":0.1405898408440211},"geometry":{"type":"Polygon","coordinates":[[[5.777459413545649,2.070391224573548],[5.613177616054057,2.215989404705645],[5.591203938150574,2.212244236040217],[5.368436332783766,2.013172476737701],[5.3493223076833685,1.8594873724645522],[5.463586714465495,1.6844475860671069],[5.613945131179356,1.7167860134301287],[5.777459413545649,2.070391224573548]]]}},{"type":"Feature","id":467,"properties":{"cell_id":467,"site":[5.581886908692734,4.867724081695896],"area":0.02240437201711772},"geometry":{"type":"Polygon","coordinates":[[[5.622128500693151,4.788064619738119],[5.669028135867117,4.967700811850196],[5.645608870589696,4.982292594373546],[5.511550206619876,4.937224520155038],[5.522761658463805,4.804720503263422],[5.595436349219914,4.772834499873714],[5.622128500693151,4.788064619738119]]]}},{"type":"Feature","id":468,"properties":{"cell_id":468,"site":[5.620583642414066,7.53371800773551],"area":0.10311104065806963},"geometry":{"type":"Polygon","coordinates":[[[5.812693334438626,7.5284678732647485],[5.618688489013055,7.725140796014727],[5.547855017259777,7.739253560670318],[5.452428500875228,7.659759512097665],[5.428081366545628,7.461669927831096],[5.492510014825764,7.3630452592061575],[5.772610520658622,7.3919998816787],[5.812693334438626,7.5284678732647485]]]}},{"type":"Feature","id":469,"properties":{"cell_id":469,"site":[5.625293112109567,6.313647909746684],"area":0.16929580098426886},"geometry":{"type":"Polygon","coordinates":[[[5.907214345109231,6.238570214008161],[5.735130904364036,6.554070724980176],[5.3849675677110715,6.4609395447080935],[5.351309153988374,6.3762403389915985],[5.371303963773172,6.301969317086358],[5.66536738592632,6.072756289281274],[5.815201323888796,6.10254258761739],[5.907214345109231,6.238570214008161]]]}},{"type":"Feature","id":470,"properties":{"cell_id":470,"site":[5.645461269817457,2.9370110166855623],"area":0.14039854792518092},"geometry":{"type":"Polygon","coordinates":[[[5.852846244565949,2.8883166920216365],[5.771548508147332,3.2163775166803874],[5.747617806551887,3.235262296791831],[5.664667433247452,3.2463020658099273],[5.639894807412765,3.2346927407122],[5.4281342097281104,2.881318164528186],[5.484609344367227,2.7190152893408053],[5.543622255098755,2.697581791364913],[5.852846244565949,2.8883166920216365]]]}},{"type":"Feature","id":471,"properties":{"cell_id":471,"site":[5.651858654763284,4.316244836481473],"area":0.045552840581433995},"geometry":{"type":"Polygon","coordinates":[[[5.731468685503211,4.389084551717169],[5.610827226163128,4.424411740014561],[5.525045280218687,4.251858885389227],[5.564326432520932,4.160017516849771],[5.7641899991002985,4.177203637361733],[5.731468685503211,4.389084551717169]]]}},{"type":"Feature","id":472,"properties":{"cell_id":472,"site":[5.652788023172852,7.222180071120236],"area":0.12318142900040766},"geometry":{"type":"Polygon","coordinates":[[[5.890109845825725,7.207730108167296],[5.772610520658621,7.391999881678699],[5.492510014825767,7.3630452592061575],[5.4478872923348645,7.184842098623574],[5.612991516620752,6.958365573027806],[5.6430161974687065,6.950630624124335],[5.890109845825725,7.207730108167296]]]}},{"type":"Feature","id":473,"properties":{"cell_id":473,"site":[5.653682207089799,5.31368007294645],"area":0.07419377739902304},"geometry":{"type":"Polygon","coordinates":[[[5.827531417971737,5.434250601854018],[5.762864720310411,5.503832892947887],[5.514111471037048,5.380046972401032],[5.539197791816372,5.197583281939929],[5.591745034694377,5.17342713365091],[5.828582378701676,5.244031741615925],[5.827531417971737,5.434250601854018]]]}},{"type":"Feature","id":474,"properties":{"cell_id":474,"site":[5.653921002453469,1.480690246693128],"area":0.184374302040561},"geometry":{"type":"Polygon","coordinates":[[[5.9083518248853455,1.5645410434838167],[5.613945131179353,1.716786013430129],[5.463586714465494,1.6844475860671073],[5.394033591121069,1.541542995748208],[5.600377120836273,1.1893889376006161],[5.828843811218899,1.2125620097527607],[5.9083518248853455,1.5645410434838167]]]}},{"type":"Feature","id":475,"properties":{"cell_id":475,"site":[5.65569456421745,4.604994247878298],"area":0.019234138513165844},"geometry":{"type":"Polygon","coordinates":[[[5.754840091587397,4.581501739650561],[5.744434699542571,4.647965569127568],[5.591599072646926,4.66855801748167],[5.570434120295417,4.642602826828687],[5.595019866315472,4.512741356603156],[5.754840091587397,4.581501739650561]]]}},{"type":"Feature","id":476,"properties":{"cell_id":476,"site":[5.670232148590601,4.712891122645801],"area":0.018731287405638793},"geometry":{"type":"Polygon","coordinates":[[[5.760248292019509,4.682483542084434],[5.7444323118737195,4.762680217379456],[5.622128500693153,4.788064619738121],[5.595436349219914,4.772834499873715],[5.591599072646926,4.668558017481669],[5.74443469954257,4.647965569127568],[5.760248292019509,4.682483542084434]]]}},{"type":"Feature","id":477,"properties":{"cell_id":477,"site":[5.677244240265781,4.02102674728543],"area":0.09965302111522271},"geometry":{"type":"Polygon","coordinates":[[[5.854381603134116,4.003834689292444],[5.828121648672277,4.129588136585613],[5.797884292194152,4.1613188315761995],[5.764189999100299,4.177203637361732],[5.5643264325209305,4.16001751684977],[5.49474535308711,4.051497200774607],[5.597709464116294,3.774406275464323],[5.689840356765719,3.784139771906136],[5.854381603134116,4.003834689292444]]]}},{"type":"Feature","id":478,"properties":{"cell_id":478,"site":[5.6938042469182335,7.90122003497643],"area":0.07638732692884093},"geometry":{"type":"Polygon","coordinates":[[[5.547855017259778,7.739253560670318],[5.618688489013059,7.725140796014726],[5.89576213160348,7.903521263617516],[5.907466540537004,8.0],[5.506363887696833,8.0],[5.547855017259778,7.739253560670318]]]}},{"type":"Feature","id":479,"properties":{"cell_id":479,"site":[5.69617500550255,4.8378856065974984],"area":0.021854898491531702},"geometry":{"type":"Polygon","coordinates":[[[5.787679962126689,4.825768582732072],[5.722077315287196,4.962609557679863],[5.6690281358671175,4.967700811850196],[5.622128500693152,4.78806461973812],[5.744432311873719,4.762680217379455],[5.787679962126689,4.825768582732072]]]}},{"type":"Feature","id":480,"properties":{"cell_id":480,"site":[5.703723201709435,4.493360959591047],"area":0.028253468617326243},"geometry":{"type":"Polygon","coordinates":[[[5.803326547030555,4.449381141173152],[5.793010121539488,4.544001738104434],[5.754840091587399,4.581501739650561],[5.595019866315472,4.512741356603156],[5.582167101146625,4.48196676507864],[5.61082722616313,4.424411740014561],[5.73146868550321,4.38908455171717],[5.803326547030555,4.449381141173152]]]}},{"type":"Feature","id":481,"properties":{"cell_id":481,"site":[5.7113213930773465,0.9147714429019971],"area":0.24060937579850628},"geometry":{"type":"Polygon","coordinates":[[[5.9377960842001745,0.645579261548764],[5.943116349892702,0.6626591020749346],[5.8412433747802,1.202136493905614],[5.828843811218897,1.2125620097527605],[5.6003771208362725,1.189388937600616],[5.438016311489409,1.017847801803459],[5.5721184066397225,0.5328339584740976],[5.9377960842001745,0.645579261548764]]]}},{"type":"Feature","id":482,"properties":{"cell_id":482,"site":[5.7203694148447495,5.089983325394627],"area":0.05516132149028254},"geometry":{"type":"Polygon","coordinates":[[[5.865127457919937,5.051524586867396],[5.870776465289812,5.191232748380906],[5.828582378701676,5.244031741615925],[5.591745034694377,5.17342713365091],[5.645608870589696,4.982292594373546],[5.669028135867117,4.967700811850197],[5.722077315287199,4.962609557679864],[5.865127457919937,5.051524586867396]]]}},{"type":"Feature","id":483,"properties":{"cell_id":483,"site":[5.720475283480456,5.834853284130951],"area":0.1284919901411289},"geometry":{"type":"Polygon","coordinates":[[[5.94611847743384,5.824250913433456],[5.815201323888796,6.102542587617391],[5.665367385926318,6.072756289281274],[5.533710057392088,5.892452668962276],[5.5495963825644035,5.731212900556754],[5.744179846749506,5.6189061913321],[5.94611847743384,5.824250913433456]]]}},{"type":"Feature","id":484,"properties":{"cell_id":484,"site":[5.727023348153368,3.549850364534193],"area":0.14059978867999978},"geometry":{"type":"Polygon","coordinates":[[[5.937300259768916,3.608304980952844],[5.933834272234747,3.6205260909620836],[5.689840356765719,3.7841397719061356],[5.597709464116292,3.7744062754643224],[5.498419821561744,3.677547968321897],[5.664667433247451,3.2463020658099278],[5.747617806551888,3.2352622967918316],[5.937300259768916,3.608304980952844]]]}},{"type":"Feature","id":485,"properties":{"cell_id":485,"site":[5.80328950058063,2.681136108637281],"area":0.11652961139979803},"geometry":{"type":"Polygon","coordinates":[[[5.956413426297261,2.8255918445808073],[5.852846244565948,2.8883166920216365],[5.5436222550987555,2.6975817913649145],[5.7018040254076094,2.469546960785244],[5.958773724863875,2.5165328507317186],[5.956413426297261,2.8255918445808073]]]}},{"type":"Feature","id":486,"properties":{"cell_id":486,"site":[5.810067538025951,7.720631352820392],"area":0.07802703844629691},"geometry":{"type":"Polygon","coordinates":[[[5.8957621316034805,7.903521263617515],[5.618688489013057,7.725140796014724],[5.812693334438625,7.528467873264749],[6.017154419805809,7.645591328173176],[5.8957621316034805,7.903521263617515]]]}},{"type":"Feature","id":487,"properties":{"cell_id":487,"site":[5.829343455532753,4.343654269947255],"area":0.03340510404306681},"geometry":{"type":"Polygon","coordinates":[[[5.940616807274309,4.399537725736312],[5.803326547030554,4.449381141173152],[5.73146868550321,4.38908455171717],[5.764189999100298,4.177203637361734],[5.79788429219415,4.161318831576202],[5.940616807274309,4.399537725736312]]]}},{"type":"Feature","id":488,"properties":{"cell_id":488,"site":[5.829712555952665,1.8206306077138505],"area":0.12047266411335472},"geometry":{"type":"Polygon","coordinates":[[[5.925429969528548,1.575083080855109],[6.0099786006802365,1.8281903505067396],[5.879162440586881,2.061643102952609],[5.777459413545648,2.070391224573548],[5.613945131179355,1.716786013430128],[5.908351824885345,1.5645410434838172],[5.925429969528548,1.575083080855109]]]}},{"type":"Feature","id":489,"properties":{"cell_id":489,"site":[5.831979810461801,4.744790173315568],"area":0.024638215521065585},"geometry":{"type":"Polygon","coordinates":[[[5.9229065436145145,4.6973086220617875],[5.958492770511898,4.802611288473722],[5.947792545843225,4.822206744050534],[5.787679962126688,4.825768582732072],[5.744432311873719,4.762680217379456],[5.760248292019509,4.682483542084432],[5.9229065436145145,4.6973086220617875]]]}},{"type":"Feature","id":490,"properties":{"cell_id":490,"site":[5.835537069311723,4.904696883398063],"area":0.03796526597869415},"geometry":{"type":"Polygon","coordinates":[[[5.962382097995448,4.952303653878126],[5.865127457919937,5.051524586867396],[5.722077315287197,4.962609557679864],[5.787679962126688,4.825768582732072],[5.947792545843226,4.822206744050533],[5.962382097995448,4.952303653878126]]]}},{"type":"Feature","id":491,"properties":{"cell_id":491,"site":[5.842061882545214,4.634171396213006],"area":0.02190725580952572},"geometry":{"type":"Polygon","coordinates":[[[5.945792471901899,4.606254955464532],[5.922906543614516,4.6973086220617875],[5.760248292019508,4.682483542084432],[5.74443469954257,4.647965569127569],[5.754840091587396,4.581501739650563],[5.7930101215394885,4.544001738104433],[5.945792471901899,4.606254955464532]]]}},{"type":"Feature","id":492,"properties":{"cell_id":492,"site":[5.871596428677101,2.3075598966356177],"area":0.15471320620301104},"geometry":{"type":"Polygon","coordinates":[[[6.046009975878293,2.182610488995819],[6.087065051385155,2.263955301849985],[6.044981137227182,2.461467188129686],[5.9587737248638755,2.5165328507317186],[5.701804025407608,2.4695469607852436],[5.613177616054056,2.2159894047056463],[5.77745941354565,2.0703912245735476],[5.87916244058688,2.061643102952609],[6.046009975878293,2.182610488995819]]]}},{"type":"Feature","id":493,"properties":{"cell_id":493,"site":[5.8911121387207235,4.513791860147839],"area":0.030790381861187262},"geometry":{"type":"Polygon","coordinates":[[[5.989372662324775,4.571391416888974],[5.945792471901897,4.606254955464532],[5.793010121539488,4.544001738104434],[5.803326547030555,4.44938114117315],[5.9406168072743055,4.399537725736312],[5.994343400467764,4.411400727375878],[5.989372662324775,4.571391416888974]]]}},{"type":"Feature","id":494,"properties":{"cell_id":494,"site":[5.902225559058719,0.2955936133257923],"area":0.3448165013551643},"geometry":{"type":"Polygon","coordinates":[[[6.171089262035512,0.44814985775599014],[5.937796084200175,0.6455792615487639],[5.572118406639721,0.5328339584740966],[5.571036336539351,0.5314178389660142],[5.58483002223846,0.0],[6.192806700298772,0.0],[6.171089262035512,0.44814985775599014]]]}},{"type":"Feature","id":495,"properties":{"cell_id":495,"site":[5.9139641421776785,6.971168442882796],"area":0.18073803042060838},"geometry":{"type":"Polygon","coordinates":[[[6.142539298893878,6.777763814096928],[6.143450960833462,7.163345200655899],[6.134579837183178,7.174001722223961],[5.890109845825725,7.207730108167296],[5.643016197468709,6.950630624124337],[5.800154515113864,6.715469198525328],[6.142539298893878,6.777763814096928]]]}},{"type":"Feature","id":496,"properties":{"cell_id":496,"site":[5.920705861716033,3.8386853480720133],"area":0.08501193645406865},"geometry":{"type":"Polygon","coordinates":[[[6.082103386543631,3.818159228505172],[6.015833199862254,3.9466840062814432],[5.854381603134115,4.003834689292441],[5.68984035676572,3.784139771906136],[5.933834272234746,3.620526090962085],[6.082103386543631,3.818159228505172]]]}},{"type":"Feature","id":497,"properties":{"cell_id":497,"site":[5.943824644328301,4.2750611045572215],"area":0.03856114416799291},"geometry":{"type":"Polygon","coordinates":[[[6.03901239778535,4.205007840400594],[6.024006302548211,4.393575169754187],[5.994343400467764,4.411400727375877],[5.94061680727431,4.399537725736313],[5.7978842921941505,4.161318831576203],[5.828121648672277,4.129588136585615],[6.03901239778535,4.205007840400594]]]}},{"type":"Feature","id":498,"properties":{"cell_id":498,"site":[5.960493187978431,5.598816601629218],"area":0.12135160483583386},"geometry":{"type":"Polygon","coordinates":[[[6.171211913458768,5.756989834393341],[5.946118477433841,5.824250913433456],[5.744179846749506,5.6189061913320995],[5.762864720310412,5.503832892947888],[5.827531417971737,5.4342506018540195],[6.145721815306399,5.481673411540435],[6.171211913458768,5.756989834393341]]]}},{"type":"Feature","id":499,"properties":{"cell_id":499,"site":[5.977128362821416,7.428995167850234],"area":0.12365356921598007},"geometry":{"type":"Polygon","coordinates":[[[6.165908752465198,7.340209977134611],[6.030798627006467,7.641916958601063],[6.017154419805809,7.645591328173176],[5.812693334438626,7.52846787326475],[5.772610520658621,7.391999881678697],[5.890109845825725,7.207730108167295],[6.134579837183177,7.17400172222396],[6.165908752465198,7.340209977134611]]]}},{"type":"Feature","id":500,"properties":{"cell_id":500,"site":[5.996734720917825,6.5162433029608815],"area":0.19371870818506742},"geometry":{"type":"Polygon","coordinates":[[[6.189617298061743,6.738834010156762],[6.14253929889388,6.777763814096928],[5.800154515113861,6.715469198525327],[5.735130904364037,6.554070724980173],[5.90721434510923,6.238570214008162],[6.204273853503466,6.287993227229771],[6.189617298061743,6.738834010156762]]]}},{"type":"Feature","id":501,"properties":{"cell_id":501,"site":[6.002702281047185,5.3156084116570845],"area":0.10067579545128405},"geometry":{"type":"Polygon","coordinates":[[[6.258422532229414,5.32365858433109],[6.145721815306401,5.481673411540435],[5.827531417971737,5.4342506018540195],[5.828582378701676,5.244031741615925],[5.870776465289811,5.191232748380907],[6.195739776672218,5.20466673117362],[6.258422532229414,5.32365858433109]]]}},{"type":"Feature","id":502,"properties":{"cell_id":502,"site":[6.009835791940071,4.090478831417947],"area":0.05354488293061367},"geometry":{"type":"Polygon","coordinates":[[[6.156262232447517,4.109131107879809],[6.141408627268364,4.1472620718203075],[6.039012397785349,4.205007840400594],[5.828121648672276,4.129588136585615],[5.854381603134116,4.003834689292441],[6.0158331998622545,3.946684006281443],[6.156262232447517,4.109131107879809]]]}},{"type":"Feature","id":503,"properties":{"cell_id":503,"site":[6.012517964302245,5.078170491476374],"area":0.06861750803083676},"geometry":{"type":"Polygon","coordinates":[[[6.209409345815328,5.029983229072703],[6.195739776672217,5.20466673117362],[5.870776465289811,5.191232748380907],[5.865127457919937,5.051524586867396],[5.962382097995445,4.952303653878128],[6.209409345815328,5.029983229072703]]]}},{"type":"Feature","id":504,"properties":{"cell_id":504,"site":[6.013495586981157,3.028214704114268],"area":0.12444781739809824},"geometry":{"type":"Polygon","coordinates":[[[6.211656995079289,2.8983245159584285],[6.220219034015006,3.0121077539488046],[6.036740678193977,3.216057786312452],[5.77154850814733,3.2163775166803896],[5.8528462445659475,2.888316692021637],[5.95641342629726,2.8255918445808077],[6.211656995079289,2.8983245159584285]]]}},{"type":"Feature","id":505,"properties":{"cell_id":505,"site":[6.01394860194827,3.403956373469501],"area":0.10820009435333834},"geometry":{"type":"Polygon","coordinates":[[[6.194803837479731,3.3976361334856042],[6.181051298600406,3.4859571875144657],[5.937300259768916,3.608304980952843],[5.747617806551888,3.2352622967918307],[5.771548508147332,3.2163775166803883],[6.036740678193978,3.216057786312451],[6.194803837479731,3.3976361334856042]]]}},{"type":"Feature","id":506,"properties":{"cell_id":506,"site":[6.023996104956544,4.679899742173453],"area":0.039543179508267995},"geometry":{"type":"Polygon","coordinates":[[[6.162772825273106,4.644074706021098],[6.180893520728468,4.671112681979519],[6.144716260029064,4.754112676668882],[5.958492770511898,4.802611288473723],[5.922906543614515,4.69730862206179],[5.9457924719019,4.6062549554645305],[5.989372662324775,4.571391416888973],[6.162772825273106,4.644074706021098]]]}},{"type":"Feature","id":507,"properties":{"cell_id":507,"site":[6.067011698523287,0.9819387240210276],"area":0.15201237168246515},"geometry":{"type":"Polygon","coordinates":[[[6.282256388351273,0.9553590319045221],[6.280100009721929,1.1634714687395746],[5.841243374780199,1.2021364939056136],[5.943116349892701,0.6626591020749352],[6.282256388351273,0.9553590319045221]]]}},{"type":"Feature","id":508,"properties":{"cell_id":508,"site":[6.075531306304806,4.877783035548155],"area":0.052255738477341475},"geometry":{"type":"Polygon","coordinates":[[[6.241233955811091,4.985666659861708],[6.209409345815328,5.029983229072703],[5.962382097995448,4.952303653878129],[5.947792545843226,4.82220674405053],[5.9584927705118975,4.802611288473724],[6.144716260029065,4.754112676668883],[6.241233955811091,4.985666659861708]]]}},{"type":"Feature","id":509,"properties":{"cell_id":509,"site":[6.081818881438245,6.004840673926495],"area":0.18384596412153761},"geometry":{"type":"Polygon","coordinates":[[[6.32149138397882,5.847931491164392],[6.206263279615673,6.286799227116426],[6.204273853503464,6.287993227229769],[5.90721434510923,6.238570214008161],[5.815201323888795,6.102542587617391],[5.94611847743384,5.824250913433456],[6.171211913458767,5.756989834393341],[6.32149138397882,5.847931491164392]]]}},{"type":"Feature","id":510,"properties":{"cell_id":510,"site":[6.091019332130575,4.52000276100941],"area":0.03666901147391006},"geometry":{"type":"Polygon","coordinates":[[[6.176201764194178,4.417155685936881],[6.162772825273106,4.644074706021097],[5.989372662324774,4.571391416888973],[5.994343400467764,4.411400727375877],[6.024006302548211,4.393575169754186],[6.17325199612264,4.413561369953825],[6.176201764194178,4.417155685936881]]]}},{"type":"Feature","id":511,"properties":{"cell_id":511,"site":[6.091311331212388,7.8529960879907765],"area":0.10907742310029986},"geometry":{"type":"Polygon","coordinates":[[[5.89576213160348,7.903521263617515],[6.017154419805809,7.645591328173176],[6.030798627006466,7.641916958601063],[6.2694967798521235,7.744219151440244],[6.3019474399832776,8.0],[5.907466540537004,8.0],[5.89576213160348,7.903521263617515]]]}},{"type":"Feature","id":512,"properties":{"cell_id":512,"site":[6.102035472155925,1.3794663442249513],"area":0.17052863406151672},"geometry":{"type":"Polygon","coordinates":[[[6.340331882456029,1.2239784547916113],[6.326554524057785,1.5181255971048313],[5.92542996952855,1.5750830808551095],[5.908351824885347,1.5645410434838185],[5.828843811218899,1.2125620097527587],[5.8412433747802,1.2021364939056134],[6.280100009721929,1.1634714687395746],[6.340331882456029,1.2239784547916113]]]}},{"type":"Feature","id":513,"properties":{"cell_id":513,"site":[6.110538535572609,1.9779925403680996],"area":0.08642676016832393},"geometry":{"type":"Polygon","coordinates":[[[6.046009975878291,2.1826104889958184],[5.87916244058688,2.06164310295261],[6.009978600680236,1.8281903505067394],[6.3482092225969895,1.8780837782692466],[6.046009975878291,2.1826104889958184]]]}},{"type":"Feature","id":514,"properties":{"cell_id":514,"site":[6.111725793579221,2.6834916516072154],"area":0.10809315159812859},"geometry":{"type":"Polygon","coordinates":[[[6.243767377976578,2.566564263400356],[6.281668425146944,2.8279349778684795],[6.211656995079287,2.898324515958428],[5.956413426297262,2.825591844580808],[5.9587737248638755,2.5165328507317195],[6.044981137227184,2.461467188129686],[6.243767377976578,2.566564263400356]]]}},{"type":"Feature","id":515,"properties":{"cell_id":515,"site":[6.121922666080764,4.2892340574495655],"area":0.0375285078837339},"geometry":{"type":"Polygon","coordinates":[[[6.223105205402366,4.280676541846018],[6.173251996122642,4.413561369953825],[6.024006302548211,4.393575169754186],[6.039012397785351,4.205007840400594],[6.141408627268364,4.147262071820309],[6.223105205402366,4.280676541846018]]]}},{"type":"Feature","id":516,"properties":{"cell_id":516,"site":[6.146957001597768,3.668946322832246],"area":0.07164607414502738},"geometry":{"type":"Polygon","coordinates":[[[6.274424662606123,3.5828460657193086],[6.266120859030296,3.7301860231079074],[6.1435166423372465,3.8156349989316833],[6.08210338654363,3.8181592285051718],[5.933834272234746,3.6205260909620858],[5.937300259768916,3.6083049809528425],[6.181051298600405,3.485957187514466],[6.274424662606123,3.5828460657193086]]]}},{"type":"Feature","id":517,"properties":{"cell_id":517,"site":[6.149509684905059,1.7138047171087352],"area":0.11927342586179189},"geometry":{"type":"Polygon","coordinates":[[[6.357251232483117,1.5587157274296057],[6.352512529807459,1.8770085944099237],[6.348209222596988,1.878083778269247],[6.0099786006802365,1.8281903505067403],[5.925429969528549,1.5750830808551104],[6.326554524057786,1.518125597104832],[6.357251232483117,1.5587157274296057]]]}},{"type":"Feature","id":518,"properties":{"cell_id":518,"site":[6.158983560282847,3.9615465413706277],"area":0.0400722294392437},"geometry":{"type":"Polygon","coordinates":[[[6.261672424329703,3.963795883892547],[6.161518959852401,4.106473608736303],[6.156262232447517,4.10913110787981],[6.015833199862254,3.9466840062814423],[6.082103386543631,3.8181592285051726],[6.143516642337244,3.8156349989316847],[6.261672424329703,3.963795883892547]]]}},{"type":"Feature","id":519,"properties":{"cell_id":519,"site":[6.225384080064683,7.54016880042431],"area":0.08955138057956918},"geometry":{"type":"Polygon","coordinates":[[[6.2694967798521235,7.744219151440244],[6.030798627006467,7.641916958601064],[6.165908752465198,7.340209977134612],[6.456264161286205,7.572306771582605],[6.2694967798521235,7.744219151440244]]]}},{"type":"Feature","id":520,"properties":{"cell_id":520,"site":[6.22598744136943,3.2193774885310207],"area":0.08137204396724776},"geometry":{"type":"Polygon","coordinates":[[[6.429178543756581,3.201097513689483],[6.391295205209462,3.2833329699027183],[6.194803837479731,3.3976361334856042],[6.03674067819398,3.2160577863124518],[6.220219034015007,3.0121077539488055],[6.429178543756581,3.201097513689483]]]}},{"type":"Feature","id":521,"properties":{"cell_id":521,"site":[6.2486592457654515,4.529331801699521],"area":0.038132867588570776},"geometry":{"type":"Polygon","coordinates":[[[6.317645474353963,4.45341660581088],[6.359278881302478,4.642583888102424],[6.354143975552658,4.649615232927949],[6.1808935207284685,4.671112681979521],[6.162772825273106,4.644074706021097],[6.176201764194178,4.41715568593688],[6.317645474353963,4.45341660581088]]]}},{"type":"Feature","id":522,"properties":{"cell_id":522,"site":[6.250126833128258,2.1165139799863737],"area":0.07936677893474901},"geometry":{"type":"Polygon","coordinates":[[[6.40204306542152,1.915744062009301],[6.4231426223626364,1.98964313360299],[6.323258134030426,2.2502884323478667],[6.0870650513851565,2.263955301849988],[6.046009975878292,2.1826104889958176],[6.348209222596989,1.8780837782692468],[6.35251252980746,1.8770085944099237],[6.40204306542152,1.915744062009301]]]}},{"type":"Feature","id":523,"properties":{"cell_id":523,"site":[6.266044461790664,2.3916050519830026],"area":0.09211578463605034},"geometry":{"type":"Polygon","coordinates":[[[6.462730155727298,2.3963425898210184],[6.469984062695093,2.441893239268082],[6.243767377976578,2.566564263400356],[6.0449811372271816,2.461467188129684],[6.087065051385154,2.263955301849988],[6.323258134030426,2.2502884323478667],[6.462730155727298,2.3963425898210184]]]}},{"type":"Feature","id":524,"properties":{"cell_id":524,"site":[6.276722249735215,4.1944422685326685],"area":0.03012393006872654},"geometry":{"type":"Polygon","coordinates":[[[6.364423187313656,4.139521828798682],[6.387348786630755,4.204417374195883],[6.365276316657494,4.265525824909366],[6.223105205402366,4.2806765418460175],[6.141408627268364,4.147262071820308],[6.156262232447517,4.10913110787981],[6.161518959852399,4.106473608736304],[6.364423187313656,4.139521828798682]]]}},{"type":"Feature","id":525,"properties":{"cell_id":525,"site":[6.277079575917368,0.7385412347909577],"area":0.1754496310849524},"geometry":{"type":"Polygon","coordinates":[[[6.568963568259027,0.7010729821174312],[6.282256388351272,0.9553590319045213],[5.943116349892702,0.6626591020749357],[5.9377960842001745,0.6455792615487637],[6.171089262035511,0.4481498577559899],[6.558803961141613,0.6124299510900141],[6.568963568259027,0.7010729821174312]]]}},{"type":"Feature","id":526,"properties":{"cell_id":526,"site":[6.281255858657525,4.792031715337272],"area":0.06650586034538564},"geometry":{"type":"Polygon","coordinates":[[[6.4474864667812835,4.910549569581136],[6.241233955811092,4.9856666598617085],[6.144716260029064,4.75411267666888],[6.180893520728466,4.671112681979521],[6.354143975552659,4.649615232927949],[6.4474864667812835,4.910549569581136]]]}},{"type":"Feature","id":527,"properties":{"cell_id":527,"site":[6.282328721432029,3.863180876408398],"area":0.03359873680416434},"geometry":{"type":"Polygon","coordinates":[[[6.357802919315759,3.7856056182892828],[6.372328056242762,3.9019178009731266],[6.328173646837254,3.958259031976203],[6.261672424329703,3.963795883892547],[6.143516642337244,3.815634998931685],[6.266120859030296,3.730186023107907],[6.357802919315759,3.7856056182892828]]]}},{"type":"Feature","id":528,"properties":{"cell_id":528,"site":[6.293691158107693,4.3536749022218055],"area":0.03092906387715915},"geometry":{"type":"Polygon","coordinates":[[[6.414532130350722,4.37126337798733],[6.317645474353963,4.45341660581088],[6.176201764194176,4.417155685936879],[6.173251996122641,4.413561369953827],[6.223105205402366,4.280676541846017],[6.365276316657494,4.265525824909365],[6.414532130350722,4.37126337798733]]]}},{"type":"Feature","id":529,"properties":{"cell_id":529,"site":[6.298683255930304,4.059609560814197],"area":0.026198166626321746},"geometry":{"type":"Polygon","coordinates":[[[6.393435502912271,4.067168729708898],[6.364423187313656,4.139521828798682],[6.161518959852401,4.106473608736304],[6.261672424329705,3.963795883892545],[6.328173646837254,3.958259031976201],[6.393435502912271,4.067168729708898]]]}},{"type":"Feature","id":530,"properties":{"cell_id":530,"site":[6.34930888296989,5.562818203401413],"area":0.16870703890883493},"geometry":{"type":"Polygon","coordinates":[[[6.563357239270019,5.501012710981834],[6.5213675597212655,5.751462858885595],[6.450883346733365,5.823023116502513],[6.321491383978821,5.847931491164392],[6.171211913458768,5.756989834393341],[6.145721815306399,5.481673411540437],[6.258422532229414,5.323658584331089],[6.444415101363001,5.342928291375496],[6.563357239270019,5.501012710981834]]]}},{"type":"Feature","id":531,"properties":{"cell_id":531,"site":[6.3651750335332755,3.4586461097835723],"area":0.06244357948442997},"geometry":{"type":"Polygon","coordinates":[[[6.505761093807051,3.511874006041099],[6.4754229507029555,3.559312296510382],[6.274424662606121,3.582846065719308],[6.181051298600405,3.485957187514467],[6.194803837479729,3.3976361334856056],[6.391295205209464,3.2833329699027174],[6.505761093807051,3.511874006041099]]]}},{"type":"Feature","id":532,"properties":{"cell_id":532,"site":[6.372026459998373,6.970085408287061],"area":0.20200066963778618},"geometry":{"type":"Polygon","coordinates":[[[6.69678272730513,6.993290813251898],[6.5012078140093745,7.161453733989975],[6.143450960833461,7.163345200655899],[6.142539298893878,6.77776381409693],[6.189617298061745,6.7388340101567605],[6.6270971042044104,6.7631702849961],[6.69678272730513,6.993290813251898]]]}},{"type":"Feature","id":533,"properties":{"cell_id":533,"site":[6.374057160422977,7.354177291447293],"area":0.11604717610218224},"geometry":{"type":"Polygon","coordinates":[[[6.5490573041237905,7.552725650653201],[6.456264161286205,7.572306771582605],[6.165908752465198,7.340209977134612],[6.1345798371831775,7.174001722223963],[6.143450960833463,7.163345200655899],[6.501207814009375,7.161453733989975],[6.5490573041237905,7.552725650653201]]]}},{"type":"Feature","id":534,"properties":{"cell_id":534,"site":[6.391410981643181,3.6827232905306446],"area":0.043479648373763405},"geometry":{"type":"Polygon","coordinates":[[[6.520931747927142,3.713175897564764],[6.508370874534517,3.7302675848101714],[6.357802919315758,3.7856056182892823],[6.266120859030296,3.7301860231079074],[6.274424662606123,3.582846065719308],[6.475422950702952,3.5593122965103827],[6.520931747927142,3.713175897564764]]]}},{"type":"Feature","id":535,"properties":{"cell_id":535,"site":[6.396408312123346,5.108211197037006],"area":0.13885732580981736},"geometry":{"type":"Polygon","coordinates":[[[6.577161305554889,4.944852829847569],[6.660783363686316,5.040351607483042],[6.444415101362999,5.342928291375497],[6.258422532229414,5.32365858433109],[6.195739776672217,5.204666731173617],[6.209409345815328,5.029983229072705],[6.241233955811093,4.985666659861708],[6.447486466781284,4.910549569581135],[6.577161305554889,4.944852829847569]]]}},{"type":"Feature","id":536,"properties":{"cell_id":536,"site":[6.396549899422386,6.529241047513071],"area":0.17519502458497588},"geometry":{"type":"Polygon","coordinates":[[[6.650576418480436,6.713691132880495],[6.6270971042044104,6.7631702849961],[6.189617298061744,6.738834010156761],[6.204273853503466,6.287993227229769],[6.206263279615673,6.286799227116427],[6.530594658876123,6.329814752171751],[6.650576418480436,6.713691132880495]]]}},{"type":"Feature","id":537,"properties":{"cell_id":537,"site":[6.403582918282203,2.6411698074293586],"area":0.09222155516244544},"geometry":{"type":"Polygon","coordinates":[[[6.598733473615984,2.5433548527201952],[6.601902532579368,2.5533161356302436],[6.469899803501731,2.8155376961291627],[6.281668425146944,2.8279349778684804],[6.243767377976578,2.5665642634003563],[6.469984062695094,2.441893239268082],[6.598733473615984,2.5433548527201952]]]}},{"type":"Feature","id":538,"properties":{"cell_id":538,"site":[6.412129444094732,4.493354008877461],"area":0.03678668159692622},"geometry":{"type":"Polygon","coordinates":[[[6.544736096135241,4.567858648197273],[6.359278881302477,4.642583888102425],[6.317645474353962,4.453416605810881],[6.414532130350722,4.37126337798733],[6.450164796390231,4.3817814019188575],[6.544736096135241,4.567858648197273]]]}},{"type":"Feature","id":539,"properties":{"cell_id":539,"site":[6.427024980516732,2.997097161398402],"area":0.10022712451226179},"geometry":{"type":"Polygon","coordinates":[[[6.625052217463467,2.964197585341944],[6.625267859147748,2.968771936659791],[6.446356981460143,3.1955165715947507],[6.429178543756581,3.201097513689483],[6.220219034015006,3.012107753948805],[6.211656995079289,2.898324515958426],[6.281668425146942,2.8279349778684804],[6.469899803501731,2.8155376961291627],[6.625052217463467,2.964197585341944]]]}},{"type":"Feature","id":540,"properties":{"cell_id":540,"site":[6.431453768418514,3.9800496110815424],"area":0.02340722422707934},"geometry":{"type":"Polygon","coordinates":[[[6.53401193910461,3.9285843896102564],[6.502687903095993,4.040651693224419],[6.393435502912271,4.067168729708898],[6.328173646837254,3.958259031976203],[6.372328056242761,3.901917800973127],[6.528589356238031,3.9229887542830157],[6.53401193910461,3.9285843896102564]]]}},{"type":"Feature","id":541,"properties":{"cell_id":541,"site":[6.4500369707817145,3.842237367058105],"area":0.02400275891087806},"geometry":{"type":"Polygon","coordinates":[[[6.52858935623803,3.9229887542830157],[6.372328056242762,3.901917800973127],[6.357802919315759,3.7856056182892823],[6.508370874534519,3.730267584810171],[6.52858935623803,3.9229887542830157]]]}},{"type":"Feature","id":542,"properties":{"cell_id":542,"site":[6.453168871474798,6.102341474057909],"area":0.15548341346697955},"geometry":{"type":"Polygon","coordinates":[[[6.695454323222063,6.1722222041694925],[6.530594658876124,6.329814752171752],[6.206263279615671,6.286799227116427],[6.321491383978819,5.847931491164392],[6.450883346733365,5.823023116502513],[6.695454323222063,6.1722222041694925]]]}},{"type":"Feature","id":543,"properties":{"cell_id":543,"site":[6.453444303779989,0.32230579196616604],"area":0.24614917886657195},"geometry":{"type":"Polygon","coordinates":[[[6.70941331584566,0.43633806252250085],[6.558803961141613,0.6124299510900135],[6.171089262035512,0.4481498577559897],[6.192806700298772,0.0],[6.555574729682779,0.0],[6.70941331584566,0.43633806252250085]]]}},{"type":"Feature","id":544,"properties":{"cell_id":544,"site":[6.467061087861487,2.199647522544406],"area":0.06344015692801609},"geometry":{"type":"Polygon","coordinates":[[[6.462730155727298,2.3963425898210184],[6.323258134030425,2.2502884323478662],[6.423142622362636,1.9896431336029916],[6.627313170378401,2.168916959079129],[6.462730155727298,2.3963425898210184]]]}},{"type":"Feature","id":545,"properties":{"cell_id":545,"site":[6.467160941210821,4.12716613873793],"area":0.026424426515785863},"geometry":{"type":"Polygon","coordinates":[[[6.596115290237734,4.158461396674756],[6.582577187737025,4.1881974535484465],[6.387348786630754,4.2044173741958835],[6.364423187313655,4.139521828798682],[6.39343550291227,4.067168729708898],[6.502687903095993,4.040651693224418],[6.596115290237734,4.158461396674756]]]}},{"type":"Feature","id":546,"properties":{"cell_id":546,"site":[6.469200661057842,7.80505364711198],"area":0.15757272447318119},"geometry":{"type":"Polygon","coordinates":[[[6.2694967798521235,7.7442191514402445],[6.4562641612862075,7.572306771582604],[6.54905730412379,7.552725650653201],[6.6788503784651265,7.6065009631903],[6.6927703328949715,8.0],[6.3019474399832776,8.0],[6.2694967798521235,7.7442191514402445]]]}},{"type":"Feature","id":547,"properties":{"cell_id":547,"site":[6.478815016820104,4.2674384986974445],"area":0.03215795730935959},"geometry":{"type":"Polygon","coordinates":[[[6.598361635481631,4.298548488001599],[6.450164796390231,4.381781401918857],[6.414532130350722,4.371263377987329],[6.365276316657495,4.265525824909366],[6.387348786630755,4.2044173741958835],[6.582577187737026,4.188197453548447],[6.598361635481631,4.298548488001599]]]}},{"type":"Feature","id":548,"properties":{"cell_id":548,"site":[6.496904107230689,0.9863930988635496],"area":0.14567000226302546},"geometry":{"type":"Polygon","coordinates":[[[6.695473846212367,0.8476684278944957],[6.6131932276730865,1.18045186325659],[6.340331882456027,1.2239784547916113],[6.280100009721929,1.1634714687395764],[6.282256388351273,0.9553590319045205],[6.568963568259027,0.7010729821174311],[6.695473846212367,0.8476684278944957]]]}},{"type":"Feature","id":549,"properties":{"cell_id":549,"site":[6.500826065893166,4.71348616856931],"area":0.07597166739238907},"geometry":{"type":"Polygon","coordinates":[[[6.663987639836371,4.636307530618342],[6.577161305554891,4.94485282984757],[6.447486466781283,4.910549569581134],[6.354143975552658,4.649615232927947],[6.359278881302476,4.6425838881024255],[6.544736096135243,4.567858648197273],[6.616975906497397,4.582928776136819],[6.663987639836371,4.636307530618342]]]}},{"type":"Feature","id":550,"properties":{"cell_id":550,"site":[6.547332927096513,3.3674114435542846],"area":0.0542214956146614},"geometry":{"type":"Polygon","coordinates":[[[6.670206922138582,3.3039308486456456],[6.628606958959411,3.4795508127930215],[6.505761093807051,3.511874006041098],[6.391295205209463,3.283332969902717],[6.429178543756582,3.2010975136894833],[6.446356981460144,3.1955165715947516],[6.670206922138582,3.3039308486456456]]]}},{"type":"Feature","id":551,"properties":{"cell_id":551,"site":[6.560283843232285,1.7199202691838513],"area":0.131256235376237},"geometry":{"type":"Polygon","coordinates":[[[6.814368140301588,1.58510225896162],[6.741624458347954,1.8246175486709253],[6.40204306542152,1.915744062009301],[6.352512529807459,1.877008594409923],[6.357251232483116,1.5587157274296068],[6.7959778952551275,1.5625235520447676],[6.814368140301588,1.58510225896162]]]}},{"type":"Feature","id":552,"properties":{"cell_id":552,"site":[6.562714052632194,4.416821372911462],"area":0.04014203011687309},"geometry":{"type":"Polygon","coordinates":[[[6.689421158400855,4.369571218157737],[6.616975906497397,4.582928776136819],[6.54473609613524,4.567858648197272],[6.45016479639023,4.3817814019188575],[6.59836163548163,4.2985484880016],[6.689421158400855,4.369571218157737]]]}},{"type":"Feature","id":553,"properties":{"cell_id":553,"site":[6.563051319631991,1.4010595526715748],"area":0.1543003243071311},"geometry":{"type":"Polygon","coordinates":[[[6.772941908524176,1.295481766596702],[6.795977895255127,1.5625235520447682],[6.357251232483118,1.5587157274296075],[6.326554524057785,1.5181255971048309],[6.340331882456029,1.2239784547916113],[6.613193227673086,1.1804518632565901],[6.772941908524176,1.295481766596702]]]}},{"type":"Feature","id":554,"properties":{"cell_id":554,"site":[6.588672544845322,3.8276930343035453],"area":0.029957735819152596},"geometry":{"type":"Polygon","coordinates":[[[6.6540972946930035,3.728595035505588],[6.674579394237256,3.9240790953346045],[6.53401193910461,3.928584389610257],[6.52858935623803,3.922988754283015],[6.508370874534518,3.7302675848101714],[6.520931747927143,3.7131758975647626],[6.6540972946930035,3.728595035505588]]]}},{"type":"Feature","id":555,"properties":{"cell_id":555,"site":[6.595021012957839,4.02576844335951],"area":0.03151782953851455},"geometry":{"type":"Polygon","coordinates":[[[6.686973178882095,3.9324051059199494],[6.667358071639716,4.1212511212578145],[6.596115290237734,4.158461396674756],[6.502687903095993,4.040651693224418],[6.53401193910461,3.9285843896102572],[6.6745793942372575,3.9240790953346045],[6.686973178882095,3.9324051059199494]]]}},{"type":"Feature","id":556,"properties":{"cell_id":556,"site":[6.613049009343874,3.6171686044926186],"area":0.04800218191318839},"geometry":{"type":"Polygon","coordinates":[[[6.72443040171623,3.5454523998466776],[6.7361612687724035,3.574412956589421],[6.701663239203894,3.6979297273942975],[6.654097294693004,3.7285950355055886],[6.520931747927141,3.7131758975647626],[6.475422950702953,3.5593122965103854],[6.505761093807052,3.5118740060410976],[6.628606958959409,3.4795508127930215],[6.72443040171623,3.5454523998466776]]]}},{"type":"Feature","id":557,"properties":{"cell_id":557,"site":[6.63706300927839,2.0060365178858244],"area":0.10113168344657009},"geometry":{"type":"Polygon","coordinates":[[[6.861479362256112,2.0488287925787034],[6.784045638485673,2.1635340446624762],[6.627313170378401,2.1689169590791284],[6.423142622362637,1.9896431336029927],[6.40204306542152,1.9157440620093005],[6.741624458347954,1.8246175486709248],[6.861479362256112,2.0488287925787034]]]}},{"type":"Feature","id":558,"properties":{"cell_id":558,"site":[6.6438308583967105,3.1681659494668155],"area":0.062444468312966836},"geometry":{"type":"Polygon","coordinates":[[[6.7814301295391255,3.1180421953197],[6.736419468545017,3.2751274886712314],[6.670206922138581,3.303930848645645],[6.446356981460143,3.1955165715947516],[6.625267859147747,2.968771936659792],[6.7814301295391255,3.1180421953197]]]}},{"type":"Feature","id":559,"properties":{"cell_id":559,"site":[6.648214982294412,2.3307446814895023],"area":0.08333202603773117},"geometry":{"type":"Polygon","coordinates":[[[6.828575285003597,2.3306199165571013],[6.598733473615986,2.5433548527201966],[6.469984062695093,2.441893239268081],[6.462730155727298,2.3963425898210193],[6.627313170378401,2.1689169590791284],[6.784045638485672,2.1635340446624762],[6.828575285003597,2.3306199165571013]]]}},{"type":"Feature","id":560,"properties":{"cell_id":560,"site":[6.649461864383404,2.764945639768765],"area":0.08329486339380301},"geometry":{"type":"Polygon","coordinates":[[[6.821240651057909,2.802527099927361],[6.625052217463464,2.9641975853419433],[6.46989980350173,2.815537696129163],[6.601902532579367,2.5533161356302436],[6.806929481660991,2.6862883024896993],[6.821240651057909,2.802527099927361]]]}},{"type":"Feature","id":561,"properties":{"cell_id":561,"site":[6.671053932341009,7.317856912967033],"area":0.16452920335423366},"geometry":{"type":"Polygon","coordinates":[[[6.862162625715845,7.0826188246603845],[6.819165006328531,7.537827737115169],[6.678850378465125,7.606500963190299],[6.549057304123791,7.552725650653202],[6.501207814009375,7.161453733989975],[6.69678272730513,6.993290813251899],[6.862162625715845,7.0826188246603845]]]}},{"type":"Feature","id":562,"properties":{"cell_id":562,"site":[6.68204694766874,5.312467303060452],"area":0.12326362761926069},"geometry":{"type":"Polygon","coordinates":[[[6.671315213948509,5.041973997774808],[6.869866407017458,5.223506175859048],[6.843746747670936,5.444810666188469],[6.563357239270019,5.501012710981834],[6.444415101363001,5.342928291375496],[6.660783363686317,5.040351607483042],[6.671315213948509,5.041973997774808]]]}},{"type":"Feature","id":563,"properties":{"cell_id":563,"site":[6.704393070443492,4.235172149610707],"area":0.04670312367507605},"geometry":{"type":"Polygon","coordinates":[[[6.823016753037492,4.33911736849898],[6.689421158400855,4.369571218157736],[6.598361635481631,4.2985484880016],[6.582577187737026,4.188197453548446],[6.5961152902377345,4.158461396674755],[6.6673580716397165,4.121251121257814],[6.818976365600772,4.163296056631703],[6.823016753037492,4.33911736849898]]]}},{"type":"Feature","id":564,"properties":{"cell_id":564,"site":[6.712597244330414,5.920643833030046],"area":0.13647104982002864},"geometry":{"type":"Polygon","coordinates":[[[6.969727109863374,6.004790783119125],[6.805480174393099,6.162974880051305],[6.695454323222064,6.172222204169492],[6.450883346733365,5.823023116502512],[6.521367559721264,5.751462858885596],[6.868750079991755,5.790739608265207],[6.969727109863374,6.004790783119125]]]}},{"type":"Feature","id":565,"properties":{"cell_id":565,"site":[6.73864191573486,3.811979796171315],"area":0.029443692571940232},"geometry":{"type":"Polygon","coordinates":[[[6.851038954663331,3.785743594054851],[6.850950075639075,3.808647827970813],[6.740286491470192,3.9279835667174834],[6.686973178882097,3.9324051059199507],[6.674579394237257,3.924079095334604],[6.654097294693004,3.7285950355055886],[6.701663239203895,3.697929727394297],[6.851038954663331,3.785743594054851]]]}},{"type":"Feature","id":566,"properties":{"cell_id":566,"site":[6.745543678353179,5.629249675786103],"area":0.11154601449312532},"geometry":{"type":"Polygon","coordinates":[[[6.956392241781564,5.561859613837332],[6.868750079991756,5.7907396082652065],[6.5213675597212655,5.751462858885596],[6.56335723927002,5.501012710981833],[6.843746747670935,5.444810666188468],[6.956392241781564,5.561859613837332]]]}},{"type":"Feature","id":567,"properties":{"cell_id":567,"site":[6.7515485166388265,3.4157849929216213],"area":0.03999389590930065},"geometry":{"type":"Polygon","coordinates":[[[6.875446546984035,3.36665813313947],[6.868440733930483,3.4026605941904493],[6.724430401716231,3.545452399846677],[6.62860695895941,3.479550812793021],[6.670206922138581,3.3039308486456456],[6.736419468545017,3.2751274886712323],[6.875446546984035,3.36665813313947]]]}},{"type":"Feature","id":568,"properties":{"cell_id":568,"site":[6.754348855341986,6.417409868328355],"area":0.15211189534912822},"geometry":{"type":"Polygon","coordinates":[[[6.998209161998021,6.529203980060176],[6.650576418480435,6.713691132880496],[6.530594658876122,6.329814752171752],[6.695454323222062,6.172222204169492],[6.805480174393095,6.162974880051305],[6.998209161998021,6.529203980060176]]]}},{"type":"Feature","id":569,"properties":{"cell_id":569,"site":[6.757774485110795,4.042673363511721],"area":0.03470045342743861},"geometry":{"type":"Polygon","coordinates":[[[6.867038469284386,4.030303087579686],[6.879591657205702,4.105334396766984],[6.818976365600772,4.163296056631704],[6.667358071639716,4.121251121257814],[6.686973178882094,3.932405105919951],[6.740286491470194,3.9279835667174834],[6.867038469284386,4.030303087579686]]]}},{"type":"Feature","id":570,"properties":{"cell_id":570,"site":[6.761161207418222,4.484203818858878],"area":0.0726672296942092},"geometry":{"type":"Polygon","coordinates":[[[6.9142592169135995,4.4020973314572895],[6.919412659850844,4.634796015109907],[6.663987639836371,4.6363075306183426],[6.616975906497398,4.58292877613682],[6.689421158400856,4.369571218157737],[6.823016753037494,4.3391173684989806],[6.9142592169135995,4.4020973314572895]]]}},{"type":"Feature","id":571,"properties":{"cell_id":571,"site":[6.762954531490383,4.787250552066615],"area":0.11124097844280377},"geometry":{"type":"Polygon","coordinates":[[[6.998194133931583,4.71306461246937],[7.0057391871087304,4.794201762643746],[6.671315213948505,5.041973997774808],[6.660783363686317,5.040351607483043],[6.577161305554891,4.944852829847571],[6.663987639836371,4.6363075306183426],[6.9194126598508445,4.634796015109907],[6.998194133931583,4.71306461246937]]]}},{"type":"Feature","id":572,"properties":{"cell_id":572,"site":[6.806516921743144,1.0629447873754894],"area":0.13896299629091818},"geometry":{"type":"Polygon","coordinates":[[[7.07527186645953,1.103092335217171],[6.772941908524177,1.2954817665967018],[6.6131932276730865,1.1804518632565904],[6.695473846212367,0.8476684278944964],[7.017576280230374,0.893125590568618],[7.07527186645953,1.103092335217171]]]}},{"type":"Feature","id":573,"properties":{"cell_id":573,"site":[6.814528794725733,2.5104324591410676],"area":0.08289331453608068},"geometry":{"type":"Polygon","coordinates":[[[7.032440822212907,2.4596491838436734],[7.025885339759613,2.5182152267008604],[6.8069294816609895,2.6862883024896975],[6.601902532579369,2.5533161356302445],[6.598733473615985,2.5433548527201975],[6.8285752850035975,2.3306199165571004],[7.032440822212907,2.4596491838436734]]]}},{"type":"Feature","id":574,"properties":{"cell_id":574,"site":[6.819301138483637,3.6747744826520465],"area":0.02831693231533653},"geometry":{"type":"Polygon","coordinates":[[[6.906280890990769,3.728160766378699],[6.8510389546633315,3.7857435940548516],[6.701663239203894,3.697929727394296],[6.7361612687724035,3.5744129565894216],[6.882312398156846,3.6073642312602052],[6.906280890990769,3.728160766378699]]]}},{"type":"Feature","id":575,"properties":{"cell_id":575,"site":[6.82529623794411,2.978322065481061],"area":0.06855065124341019},"geometry":{"type":"Polygon","coordinates":[[[6.982218842218501,2.899827191346886],[6.926067056301455,3.0917875323284636],[6.781430129539126,3.118042195319701],[6.625267859147747,2.9687719366597927],[6.625052217463466,2.9641975853419424],[6.821240651057908,2.8025270999273624],[6.982218842218501,2.899827191346886]]]}},{"type":"Feature","id":576,"properties":{"cell_id":576,"site":[6.8372639630238865,0.18698348389556285],"area":0.18322323363758},"geometry":{"type":"Polygon","coordinates":[[[7.020955693551439,0.42059081373611795],[6.70941331584566,0.43633806252250107],[6.555574729682779,0.0],[7.0978741044076346,0.0],[7.020955693551439,0.42059081373611795]]]}},{"type":"Feature","id":577,"properties":{"cell_id":577,"site":[6.8543235549090715,3.51943707111064],"area":0.02449320173016576},"geometry":{"type":"Polygon","coordinates":[[[6.945350641455872,3.5514245866299943],[6.882312398156846,3.6073642312602052],[6.736161268772404,3.5744129565894216],[6.72443040171623,3.5454523998466776],[6.868440733930482,3.4026605941904497],[6.945350641455872,3.5514245866299943]]]}},{"type":"Feature","id":578,"properties":{"cell_id":578,"site":[6.856084732338973,3.920888017269183],"area":0.023788802705611296},"geometry":{"type":"Polygon","coordinates":[[[6.953665406295059,3.9105146598238956],[6.867038469284386,4.030303087579686],[6.740286491470193,3.927983566717483],[6.850950075639075,3.808647827970813],[6.953665406295059,3.9105146598238956]]]}},{"type":"Feature","id":579,"properties":{"cell_id":579,"site":[6.861755892863731,0.6715299694700025],"area":0.21660868980724554},"geometry":{"type":"Polygon","coordinates":[[[7.196822964808381,0.6004889157994622],[7.017576280230374,0.893125590568618],[6.695473846212367,0.8476684278944964],[6.568963568259026,0.7010729821174309],[6.558803961141612,0.6124299510900144],[6.70941331584566,0.4363380625225007],[7.020955693551439,0.4205908137361176],[7.196822964808381,0.6004889157994622]]]}},{"type":"Feature","id":580,"properties":{"cell_id":580,"site":[6.8716039519154295,3.233431241189623],"area":0.04707171443459719},"geometry":{"type":"Polygon","coordinates":[[[6.977187564970209,3.147821970586118],[6.94960326134136,3.3336415830256887],[6.875446546984035,3.3666581331394694],[6.736419468545016,3.275127488671232],[6.781430129539125,3.1180421953197013],[6.926067056301456,3.091787532328463],[6.977187564970209,3.147821970586118]]]}},{"type":"Feature","id":581,"properties":{"cell_id":581,"site":[6.902006020773048,7.789743238900887],"area":0.19717018775968365},"geometry":{"type":"Polygon","coordinates":[[[6.6788503784651265,7.606500963190298],[6.819165006328533,7.537827737115168],[7.1383799484984065,7.613116397376474],[7.160927673766454,8.0],[6.6927703328949715,8.0],[6.6788503784651265,7.606500963190298]]]}},{"type":"Feature","id":582,"properties":{"cell_id":582,"site":[6.93674039828307,4.229832789925648],"area":0.05886847747967561},"geometry":{"type":"Polygon","coordinates":[[[7.080394017134021,4.216263789230498],[7.094135811036307,4.3046407115275365],[6.914259216913599,4.4020973314572895],[6.823016753037493,4.3391173684989806],[6.818976365600773,4.163296056631703],[6.879591657205702,4.105334396766984],[6.995937806721128,4.124936432084634],[7.080394017134021,4.216263789230498]]]}},{"type":"Feature","id":583,"properties":{"cell_id":583,"site":[6.941685167493265,5.028487466226593],"area":0.12769100642172632},"geometry":{"type":"Polygon","coordinates":[[[7.161680559149157,4.9586032057745335],[7.175197718891669,5.138899778785887],[6.869866407017459,5.223506175859049],[6.671315213948508,5.041973997774806],[7.00573918710873,4.7942017626437465],[7.161680559149157,4.9586032057745335]]]}},{"type":"Feature","id":584,"properties":{"cell_id":584,"site":[6.950561151165142,1.838452194208116],"area":0.14258694047944737},"geometry":{"type":"Polygon","coordinates":[[[7.123099062114743,1.6158202911590218],[7.101233983752358,2.02827033304218],[6.861479362256112,2.0488287925787043],[6.741624458347953,1.8246175486709237],[6.814368140301587,1.585102258961621],[7.123099062114743,1.6158202911590218]]]}},{"type":"Feature","id":585,"properties":{"cell_id":585,"site":[6.9541071883700045,6.793818394827015],"area":0.24048168971802175},"geometry":{"type":"Polygon","coordinates":[[[7.124052861881071,6.550627191408067],[7.286831230690688,6.817717458098948],[7.011301325405538,7.068732599325284],[6.862162625715845,7.0826188246603845],[6.69678272730513,6.993290813251899],[6.6270971042044104,6.7631702849961],[6.650576418480436,6.713691132880496],[6.9982091619980205,6.529203980060177],[7.124052861881071,6.550627191408067]]]}},{"type":"Feature","id":586,"properties":{"cell_id":586,"site":[6.963228994556905,3.8128512979425344],"area":0.02437733053543215},"geometry":{"type":"Polygon","coordinates":[[[7.013998841811958,3.7304593395020293],[7.0340921324123284,3.8725736189573787],[7.00859474706094,3.907350929703639],[6.95366540629506,3.910514659823897],[6.850950075639075,3.8086478279708125],[6.851038954663331,3.7857435940548516],[6.90628089099077,3.7281607663786978],[7.013548541540132,3.7301226794255427],[7.013998841811958,3.7304593395020293]]]}},{"type":"Feature","id":587,"properties":{"cell_id":587,"site":[6.966287831017216,3.6456093291713],"area":0.021760024453042266},"geometry":{"type":"Polygon","coordinates":[[[7.032930457566493,3.560559442161308],[7.013548541540131,3.730122679425543],[6.906280890990769,3.728160766378698],[6.882312398156845,3.607364231260206],[6.945350641455872,3.551424586629995],[7.022468983934792,3.5537322041337993],[7.032930457566493,3.560559442161308]]]}},{"type":"Feature","id":588,"properties":{"cell_id":588,"site":[6.971881921370842,3.458660246388859],"area":0.026288223194596474},"geometry":{"type":"Polygon","coordinates":[[[7.033489368409676,3.3681132170038266],[7.02246898393479,3.5537322041337993],[6.945350641455871,3.551424586629995],[6.868440733930482,3.4026605941904497],[6.875446546984034,3.36665813313947],[6.949603261341361,3.3336415830256882],[7.033489368409676,3.3681132170038266]]]}},{"type":"Feature","id":589,"properties":{"cell_id":589,"site":[6.974378664364248,4.00643418554505],"area":0.028462937692938863},"geometry":{"type":"Polygon","coordinates":[[[7.062691260949631,3.995957774146996],[6.995937806721125,4.124936432084633],[6.879591657205702,4.105334396766984],[6.867038469284386,4.030303087579685],[6.953665406295058,3.9105146598238965],[7.00859474706094,3.9073509297036386],[7.062691260949631,3.995957774146996]]]}},{"type":"Feature","id":590,"properties":{"cell_id":590,"site":[6.9787736976710875,2.724401195620355],"area":0.078534716417262},"geometry":{"type":"Polygon","coordinates":[[[7.150342059702009,2.708170514879929],[7.036168583098997,2.8843879399144146],[6.982218842218502,2.899827191346886],[6.821240651057911,2.8025270999273637],[6.806929481660992,2.6862883024896966],[7.025885339759614,2.51821522670086],[7.150342059702009,2.708170514879929]]]}},{"type":"Feature","id":591,"properties":{"cell_id":591,"site":[6.985076099083607,2.240968650241833],"area":0.11872876831297347},"geometry":{"type":"Polygon","coordinates":[[[7.164151026167394,2.074954433905081],[7.122614796416196,2.388779266466054],[7.032440822212908,2.4596491838436747],[6.828575285003596,2.330619916557099],[6.784045638485672,2.1635340446624767],[6.861479362256111,2.048828792578704],[7.1012339837523575,2.0282703330421796],[7.164151026167394,2.074954433905081]]]}},{"type":"Feature","id":592,"properties":{"cell_id":592,"site":[6.9978123035617665,1.3635555034826559],"area":0.17029727762022515},"geometry":{"type":"Polygon","coordinates":[[[7.227307651981838,1.2043655179395654],[7.153469737283813,1.5989448309662877],[7.123099062114743,1.6158202911590216],[6.814368140301589,1.585102258961621],[6.795977895255126,1.562523552044766],[6.772941908524176,1.2954817665967022],[7.075271866459531,1.1030923352171704],[7.227307651981838,1.2043655179395654]]]}},{"type":"Feature","id":593,"properties":{"cell_id":593,"site":[7.005844564342451,7.349480195761756],"area":0.16846025765783917},"geometry":{"type":"Polygon","coordinates":[[[7.297116967869501,7.46355072405601],[7.138379948498407,7.613116397376475],[6.819165006328531,7.537827737115168],[6.862162625715845,7.0826188246603845],[7.011301325405537,7.068732599325284],[7.297116967869501,7.46355072405601]]]}},{"type":"Feature","id":594,"properties":{"cell_id":594,"site":[7.031814138351205,5.353748886898254],"area":0.12062431701664336},"geometry":{"type":"Polygon","coordinates":[[[7.243474811334017,5.206982323536613],[7.135490418486695,5.545483441661737],[6.956392241781565,5.561859613837331],[6.843746747670936,5.444810666188468],[6.869866407017458,5.223506175859048],[7.175197718891669,5.138899778785886],[7.243474811334017,5.206982323536613]]]}},{"type":"Feature","id":595,"properties":{"cell_id":595,"site":[7.044148101295138,6.264902284196267],"area":0.14505123435005937},"geometry":{"type":"Polygon","coordinates":[[[7.271158780206489,6.327143750293378],[7.12405286188107,6.550627191408066],[6.998209161998022,6.529203980060177],[6.805480174393097,6.162974880051307],[6.969727109863374,6.004790783119125],[7.032345899430718,6.007744979300872],[7.271158780206489,6.327143750293378]]]}},{"type":"Feature","id":596,"properties":{"cell_id":596,"site":[7.053349338058152,3.260410739471235],"area":0.03598258912883594},"geometry":{"type":"Polygon","coordinates":[[[7.152519556457511,3.285250296941872],[7.090835161177131,3.35954906133798],[7.033489368409676,3.368113217003827],[6.949603261341361,3.3336415830256882],[6.97718756497021,3.147821970586118],[7.148071054756674,3.1630884416521416],[7.152519556457511,3.285250296941872]]]}},{"type":"Feature","id":597,"properties":{"cell_id":597,"site":[7.0683058594126225,5.752840972451209],"area":0.13445714642033307},"geometry":{"type":"Polygon","coordinates":[[[7.274127510110868,5.665447632926728],[7.2473049774705975,5.876242385828577],[7.032345899430717,6.007744979300871],[6.969727109863373,6.004790783119124],[6.868750079991756,5.790739608265207],[6.956392241781565,5.561859613837332],[7.135490418486697,5.545483441661738],[7.274127510110868,5.665447632926728]]]}},{"type":"Feature","id":598,"properties":{"cell_id":598,"site":[7.070842068730246,4.477345496231188],"area":0.09940836633382476},"geometry":{"type":"Polygon","coordinates":[[[7.269428673397534,4.5369465301419885],[6.998194133931584,4.71306461246937],[6.9194126598508445,4.634796015109907],[6.9142592169135995,4.4020973314572895],[7.094135811036307,4.304640711527536],[7.255493154938804,4.387894888312717],[7.269428673397534,4.5369465301419885]]]}},{"type":"Feature","id":599,"properties":{"cell_id":599,"site":[7.072100943760696,3.0505167955668058],"area":0.0556247065197944},"geometry":{"type":"Polygon","coordinates":[[[7.218956450660709,3.0206589468154323],[7.190096338095299,3.12629225543079],[7.148071054756672,3.1630884416521416],[6.977187564970209,3.1478219705861186],[6.926067056301456,3.091787532328463],[6.982218842218502,2.8998271913468865],[7.0361685830989975,2.8843879399144146],[7.218956450660709,3.0206589468154323]]]}},{"type":"Feature","id":600,"properties":{"cell_id":600,"site":[7.078661606263714,3.658454207050098],"area":0.019389476403187916},"geometry":{"type":"Polygon","coordinates":[[[7.142312688701776,3.5925857284272316],[7.15148771129849,3.6865943860816692],[7.123916776272494,3.7248798244717194],[7.013998841811956,3.730459339502028],[7.013548541540132,3.7301226794255427],[7.032930457566493,3.560559442161308],[7.106082802898216,3.5625624519976395],[7.142312688701776,3.5925857284272316]]]}},{"type":"Feature","id":601,"properties":{"cell_id":601,"site":[7.0839500498158685,3.4653138429952253],"area":0.020294679812378813},"geometry":{"type":"Polygon","coordinates":[[[7.160137348133487,3.4479928031877134],[7.106082802898217,3.5625624519976395],[7.032930457566493,3.560559442161308],[7.0224689839347905,3.553732204133798],[7.033489368409676,3.368113217003827],[7.0908351611771305,3.35954906133798],[7.160137348133487,3.4479928031877134]]]}},{"type":"Feature","id":602,"properties":{"cell_id":602,"site":[7.085620515424857,3.7955465738483327],"area":0.016141418139152812},"geometry":{"type":"Polygon","coordinates":[[[7.159058237216357,3.8081507526061995],[7.136102187493924,3.851032418508983],[7.034092132412328,3.872573618957378],[7.013998841811957,3.730459339502029],[7.123916776272494,3.7248798244717203],[7.159058237216357,3.8081507526061995]]]}},{"type":"Feature","id":603,"properties":{"cell_id":603,"site":[7.105134942378258,4.074107654621757],"area":0.031826215948821214},"geometry":{"type":"Polygon","coordinates":[[[7.254934329983349,4.034230857192523],[7.080394017134022,4.216263789230499],[6.995937806721125,4.124936432084631],[7.062691260949628,3.9959577741469974],[7.229655830384466,4.003902598489835],[7.236701559676317,4.0073994380481155],[7.254934329983349,4.034230857192523]]]}},{"type":"Feature","id":604,"properties":{"cell_id":604,"site":[7.112363721754743,3.9221911384029258],"area":0.02106184733971529},"geometry":{"type":"Polygon","coordinates":[[[7.229655830384468,4.003902598489835],[7.062691260949631,3.995957774146998],[7.00859474706094,3.9073509297036377],[7.0340921324123284,3.8725736189573783],[7.136102187493922,3.851032418508984],[7.229655830384468,4.003902598489835]]]}},{"type":"Feature","id":605,"properties":{"cell_id":605,"site":[7.195177179483336,3.378159193343131],"area":0.0222220421705739},"geometry":{"type":"Polygon","coordinates":[[[7.30368153759987,3.351143342597534],[7.303998061937572,3.372904817780701],[7.247897900556776,3.4479701908622062],[7.160137348133488,3.447992803187714],[7.0908351611771305,3.3595490613379804],[7.152519556457511,3.285250296941871],[7.30368153759987,3.351143342597534]]]}},{"type":"Feature","id":606,"properties":{"cell_id":606,"site":[7.195213161391312,3.517808347081989],"area":0.01780234411177849},"geometry":{"type":"Polygon","coordinates":[[[7.275807224418658,3.5441454909824115],[7.260197032325217,3.5719155155614124],[7.142312688701776,3.592585728427231],[7.106082802898217,3.56256245199764],[7.160137348133487,3.4479928031877143],[7.247897900556775,3.4479701908622067],[7.275807224418658,3.5441454909824115]]]}},{"type":"Feature","id":607,"properties":{"cell_id":607,"site":[7.201262397677749,3.746744131270752],"area":0.01899209726977355},"geometry":{"type":"Polygon","coordinates":[[[7.312342602374004,3.712239105488763],[7.332074482136079,3.7308333006250236],[7.323447785032631,3.7840938049180273],[7.309700480687399,3.7964072541301124],[7.159058237216355,3.808150752606198],[7.123916776272493,3.72487982447172],[7.151487711298488,3.686594386081671],[7.312342602374004,3.712239105488763]]]}},{"type":"Feature","id":608,"properties":{"cell_id":608,"site":[7.205641372850805,2.871391603629337],"area":0.06147353155528721},"geometry":{"type":"Polygon","coordinates":[[[7.345546354250678,2.8622672963250246],[7.334666479662391,2.9629134703971745],[7.218956450660708,3.0206589468154315],[7.0361685830989975,2.884387939914414],[7.15034205970201,2.708170514879929],[7.250863247645476,2.717162149374061],[7.345546354250678,2.8622672963250246]]]}},{"type":"Feature","id":609,"properties":{"cell_id":609,"site":[7.210268755744631,3.862275119541536],"area":0.01979022539585911},"geometry":{"type":"Polygon","coordinates":[[[7.236701559676316,4.007399438048115],[7.229655830384468,4.0039025984898355],[7.136102187493923,3.851032418508985],[7.159058237216358,3.808150752606198],[7.3097004806874,3.7964072541301124],[7.236701559676316,4.007399438048115]]]}},{"type":"Feature","id":610,"properties":{"cell_id":610,"site":[7.217498523482902,3.6449040523672553],"area":0.01625313791675091},"geometry":{"type":"Polygon","coordinates":[[[7.312342602374002,3.7122391054887625],[7.151487711298489,3.686594386081671],[7.142312688701776,3.592585728427231],[7.260197032325214,3.5719155155614124],[7.312342602374002,3.7122391054887625]]]}},{"type":"Feature","id":611,"properties":{"cell_id":611,"site":[7.22138537629292,4.185573128902544],"area":0.06156868356503242},"geometry":{"type":"Polygon","coordinates":[[[7.380618469626065,4.274428771803239],[7.2554931549388035,4.387894888312718],[7.094135811036307,4.3046407115275365],[7.080394017134021,4.216263789230498],[7.254934329983348,4.034230857192524],[7.276120507197228,4.043888386212237],[7.380618469626065,4.274428771803239]]]}},{"type":"Feature","id":612,"properties":{"cell_id":612,"site":[7.233731973874057,2.557355197151094],"area":0.08642235102746364},"geometry":{"type":"Polygon","coordinates":[[[7.407480698619093,2.450959138233947],[7.393408812089056,2.5777891884240667],[7.250863247645475,2.717162149374061],[7.150342059702009,2.708170514879929],[7.025885339759613,2.5182152267008586],[7.032440822212906,2.459649183843676],[7.1226147964161965,2.3887792664660537],[7.407480698619093,2.450959138233947]]]}},{"type":"Feature","id":613,"properties":{"cell_id":613,"site":[7.243079211831941,4.742603109593563],"area":0.1231110050505515},"geometry":{"type":"Polygon","coordinates":[[[7.549959515134274,4.73305784259],[7.161680559149157,4.9586032057745335],[7.0057391871087304,4.794201762643748],[6.998194133931583,4.7130646124693705],[7.269428673397535,4.536946530141989],[7.549959515134274,4.73305784259]]]}},{"type":"Feature","id":614,"properties":{"cell_id":614,"site":[7.249620455790746,3.2532635624822483],"area":0.030942849585605878},"geometry":{"type":"Polygon","coordinates":[[[7.383430028293867,3.244156438919279],[7.3036815375998705,3.351143342597534],[7.15251955645751,3.2852502969418707],[7.148071054756673,3.1630884416521416],[7.190096338095297,3.1262922554307924],[7.383430028293867,3.244156438919279]]]}},{"type":"Feature","id":615,"properties":{"cell_id":615,"site":[7.271131436866994,1.8554464812871532],"area":0.1403516224463323},"geometry":{"type":"Polygon","coordinates":[[[7.443159691867196,1.676654878255673],[7.475264238585573,1.8953205346716258],[7.337317072031278,2.0657194784674227],[7.164151026167393,2.0749544339050803],[7.101233983752358,2.0282703330421796],[7.123099062114743,1.6158202911590216],[7.153469737283813,1.598944830966288],[7.443159691867196,1.676654878255673]]]}},{"type":"Feature","id":616,"properties":{"cell_id":616,"site":[7.27543744431741,0.26711744488495054],"area":0.25921170437124463},"geometry":{"type":"Polygon","coordinates":[[[7.62662230438246,0.17572517255844614],[7.285730183345686,0.5991049240239882],[7.196822964808382,0.6004889157994624],[7.020955693551438,0.4205908137361165],[7.097874104407634,0.0],[7.628978558983067,0.0],[7.62662230438246,0.17572517255844614]]]}},{"type":"Feature","id":617,"properties":{"cell_id":617,"site":[7.275665097895221,6.091798171319397],"area":0.12651828149019362},"geometry":{"type":"Polygon","coordinates":[[[7.491470141038864,6.024189138893539],[7.474607172264468,6.258029943457312],[7.2711587802064885,6.327143750293375],[7.032345899430716,6.0077449793008695],[7.247304977470596,5.876242385828575],[7.491470141038864,6.024189138893539]]]}},{"type":"Feature","id":618,"properties":{"cell_id":618,"site":[7.2797121412584875,7.151222738610588],"area":0.16941639052502108},"geometry":{"type":"Polygon","coordinates":[[[7.3012209337716705,6.8208278267879185],[7.506925948847864,7.222346852821805],[7.372285792709447,7.449504685512831],[7.297116967869501,7.46355072405601],[7.011301325405537,7.068732599325284],[7.286831230690687,6.817717458098948],[7.3012209337716705,6.8208278267879185]]]}},{"type":"Feature","id":619,"properties":{"cell_id":619,"site":[7.285775824730485,0.9312519166321725],"area":0.23713706177504376},"geometry":{"type":"Polygon","coordinates":[[[7.574049028657395,0.838674990609614],[7.52489690813489,1.1465985068391935],[7.227307651981837,1.2043655179395651],[7.07527186645953,1.1030923352171706],[7.017576280230374,0.8931255905686184],[7.196822964808381,0.6004889157994624],[7.285730183345685,0.5991049240239882],[7.574049028657395,0.838674990609614]]]}},{"type":"Feature","id":620,"properties":{"cell_id":620,"site":[7.293870982606721,2.281839141985084],"area":0.10195605272005036},"geometry":{"type":"Polygon","coordinates":[[[7.477289581111807,2.2542702358412816],[7.435516862116655,2.427538742058226],[7.407480698619093,2.450959138233948],[7.122614796416196,2.388779266466054],[7.164151026167393,2.0749544339050803],[7.337317072031278,2.0657194784674227],[7.477289581111807,2.2542702358412816]]]}},{"type":"Feature","id":621,"properties":{"cell_id":621,"site":[7.329783265307953,3.478757149865629],"area":0.021258785377062717},"geometry":{"type":"Polygon","coordinates":[[[7.4589880993767625,3.4970915413775483],[7.4354557923053415,3.530352977557711],[7.2758072244186565,3.544145490982409],[7.247897900556775,3.4479701908622067],[7.3039980619375715,3.3729048177807006],[7.4589880993767625,3.4970915413775483]]]}},{"type":"Feature","id":622,"properties":{"cell_id":622,"site":[7.330229305748331,3.121040134094564],"area":0.04617450270981447},"geometry":{"type":"Polygon","coordinates":[[[7.400235412977659,3.0076394183284894],[7.452793186619502,3.200869911082697],[7.442781096887177,3.2248294653772587],[7.383430028293868,3.244156438919279],[7.190096338095298,3.1262922554307924],[7.218956450660709,3.0206589468154315],[7.33466647966239,2.962913470397175],[7.400235412977659,3.0076394183284894]]]}},{"type":"Feature","id":623,"properties":{"cell_id":623,"site":[7.3310447781342,5.449205702926667],"area":0.12549775332082194},"geometry":{"type":"Polygon","coordinates":[[[7.581936897426993,5.534455109936324],[7.574696555335391,5.562704137753535],[7.274127510110867,5.665447632926728],[7.135490418486695,5.545483441661737],[7.243474811334016,5.2069823235366135],[7.378173712635699,5.224354651560566],[7.581936897426993,5.534455109936324]]]}},{"type":"Feature","id":624,"properties":{"cell_id":624,"site":[7.340197991238914,3.5993077724108162],"area":0.024867300367984596},"geometry":{"type":"Polygon","coordinates":[[[7.424439424745254,3.6762849480548714],[7.332074482136079,3.730833300625023],[7.3123426023740015,3.7122391054887593],[7.260197032325216,3.5719155155614146],[7.27580722441866,3.544145490982409],[7.4354557923053415,3.5303529775577114],[7.424439424745254,3.6762849480548714]]]}},{"type":"Feature","id":625,"properties":{"cell_id":625,"site":[7.347167382261046,3.909639205916799],"area":0.03656441721573122},"geometry":{"type":"Polygon","coordinates":[[[7.51933434693066,3.950525067297746],[7.276120507197229,4.043888386212236],[7.2549343299833495,4.034230857192524],[7.236701559676317,4.007399438048115],[7.3097004806874,3.7964072541301133],[7.323447785032631,3.7840938049180295],[7.51933434693066,3.950525067297746]]]}},{"type":"Feature","id":626,"properties":{"cell_id":626,"site":[7.383710959765231,1.4357690005366797],"area":0.18270945366161948},"geometry":{"type":"Polygon","coordinates":[[[7.605724833876959,1.2305278887583853],[7.575384199384352,1.5761751398377846],[7.443159691867196,1.676654878255672],[7.153469737283814,1.5989448309662873],[7.227307651981839,1.2043655179395654],[7.524896908134889,1.1465985068391942],[7.605724833876959,1.2305278887583853]]]}},{"type":"Feature","id":627,"properties":{"cell_id":627,"site":[7.38963681531584,4.9949037220688055],"area":0.1440796374696034},"geometry":{"type":"Polygon","coordinates":[[[7.595776175331584,4.769626471041938],[7.600722872796517,5.051744450839459],[7.378173712635697,5.2243546515605646],[7.243474811334018,5.206982323536613],[7.175197718891669,5.138899778785886],[7.161680559149157,4.9586032057745335],[7.549959515134276,4.733057842589998],[7.559191165097465,4.734123733871104],[7.595776175331584,4.769626471041938]]]}},{"type":"Feature","id":628,"properties":{"cell_id":628,"site":[7.393671643775931,7.761088777155709],"area":0.2206471112665842},"geometry":{"type":"Polygon","coordinates":[[[7.138379948498406,7.6131163973764755],[7.297116967869501,7.463550724056011],[7.37228579270945,7.4495046855128315],[7.623593388385205,7.641045075798347],[7.604633788566593,8.0],[7.160927673766453,8.0],[7.138379948498406,7.6131163973764755]]]}},{"type":"Feature","id":629,"properties":{"cell_id":629,"site":[7.410244199025019,2.7378854419979692],"area":0.04781928871941963},"geometry":{"type":"Polygon","coordinates":[[[7.579531600578524,2.761865793235102],[7.345546354250679,2.862267296325026],[7.2508632476454755,2.7171621493740608],[7.393408812089056,2.5777891884240667],[7.579531600578524,2.761865793235102]]]}},{"type":"Feature","id":630,"properties":{"cell_id":630,"site":[7.412925728647802,3.3749920038612715],"area":0.03879722803644719},"geometry":{"type":"Polygon","coordinates":[[[7.544573853572429,3.354935459259267],[7.496800530546948,3.480182325254787],[7.4589880993767625,3.4970915413775487],[7.3039980619375715,3.372904817780701],[7.30368153759987,3.351143342597534],[7.3834300282938665,3.2441564389192794],[7.442781096887177,3.2248294653772587],[7.544573853572429,3.354935459259267]]]}},{"type":"Feature","id":631,"properties":{"cell_id":631,"site":[7.418088118862614,6.511044859272587],"area":0.19095692774466166},"geometry":{"type":"Polygon","coordinates":[[[7.686849218365649,6.409308921711555],[7.482638706012081,6.759581572232919],[7.301220933771674,6.8208278267879185],[7.286831230690689,6.817717458098948],[7.12405286188107,6.550627191408065],[7.27115878020649,6.3271437502933745],[7.4746071722644665,6.258029943457313],[7.686849218365649,6.409308921711555]]]}},{"type":"Feature","id":632,"properties":{"cell_id":632,"site":[7.418749710989691,4.096113007722194],"area":0.06692038608431468},"geometry":{"type":"Polygon","coordinates":[[[7.544993975360718,4.257881624717176],[7.380618469626065,4.27442877180324],[7.276120507197227,4.043888386212236],[7.519334346930661,3.9505250672977454],[7.575354952264565,3.956405917428629],[7.544993975360718,4.257881624717176]]]}},{"type":"Feature","id":633,"properties":{"cell_id":633,"site":[7.451175913344447,3.7872230608327797],"area":0.052486937146197704},"geometry":{"type":"Polygon","coordinates":[[[7.595478651610662,3.7430803092675973],[7.625562244247167,3.919226767262078],[7.575354952264566,3.9564059174286283],[7.519334346930658,3.950525067297745],[7.32344778503263,3.7840938049180295],[7.332074482136079,3.730833300625023],[7.424439424745253,3.676284948054872],[7.595478651610662,3.7430803092675973]]]}},{"type":"Feature","id":634,"properties":{"cell_id":634,"site":[7.451504016363592,5.80160093886885],"area":0.14069202747164222},"geometry":{"type":"Polygon","coordinates":[[[7.732052500902334,5.841131017038841],[7.491470141038864,6.024189138893539],[7.2473049774705975,5.876242385828576],[7.274127510110868,5.665447632926729],[7.57469655533539,5.562704137753537],[7.732052500902334,5.841131017038841]]]}},{"type":"Feature","id":635,"properties":{"cell_id":635,"site":[7.453525408035196,4.4415666837787855],"area":0.1300633397766205},"geometry":{"type":"Polygon","coordinates":[[[7.678011309419697,4.361697095834202],[7.559191165097467,4.734123733871104],[7.549959515134273,4.733057842589998],[7.269428673397534,4.5369465301419885],[7.255493154938804,4.387894888312717],[7.380618469626064,4.27442877180324],[7.54499397536072,4.257881624717176],[7.678011309419697,4.361697095834202]]]}},{"type":"Feature","id":636,"properties":{"cell_id":636,"site":[7.480269445983004,2.9010789615606916],"area":0.0444482511341193},"geometry":{"type":"Polygon","coordinates":[[[7.604288425936562,2.7677622834712503],[7.581260302931158,2.967156345126399],[7.400235412977657,3.007639418328489],[7.33466647966239,2.962913470397176],[7.345546354250677,2.862267296325027],[7.579531600578524,2.761865793235102],[7.604288425936562,2.7677622834712503]]]}},{"type":"Feature","id":637,"properties":{"cell_id":637,"site":[7.518036209927056,3.0699575507118446],"area":0.038297881447548275},"geometry":{"type":"Polygon","coordinates":[[[7.682215250691769,3.090876668468143],[7.452793186619502,3.200869911082698],[7.400235412977658,3.0076394183284894],[7.581260302931158,2.9671563451263996],[7.682215250691769,3.090876668468143]]]}},{"type":"Feature","id":638,"properties":{"cell_id":638,"site":[7.5192822852970815,3.612826800495358],"area":0.04065914455577478},"geometry":{"type":"Polygon","coordinates":[[[7.671426969591697,3.6040651050588077],[7.595478651610662,3.7430803092675964],[7.424439424745253,3.676284948054871],[7.435455792305341,3.530352977557711],[7.458988099376761,3.4970915413775487],[7.496800530546948,3.4801823252547868],[7.671426969591697,3.6040651050588077]]]}},{"type":"Feature","id":639,"properties":{"cell_id":639,"site":[7.553681384947666,2.5928538175587255],"area":0.058291475913449325},"geometry":{"type":"Polygon","coordinates":[[[7.670912820160011,2.503443367448295],[7.616723822204797,2.762497612629493],[7.604288425936563,2.7677622834712503],[7.579531600578522,2.761865793235101],[7.3934088120890555,2.5777891884240667],[7.407480698619092,2.450959138233948],[7.435516862116656,2.4275387420582253],[7.670912820160011,2.503443367448295]]]}},{"type":"Feature","id":640,"properties":{"cell_id":640,"site":[7.556761697167695,2.0866796345739815],"area":0.09877627172865659},"geometry":{"type":"Polygon","coordinates":[[[7.760499462080274,1.9968147497382214],[7.7699468136755,2.0634536763301012],[7.687407556940008,2.1999839681365883],[7.477289581111807,2.2542702358412816],[7.337317072031278,2.0657194784674218],[7.475264238585572,1.8953205346716258],[7.760499462080274,1.9968147497382214]]]}},{"type":"Feature","id":641,"properties":{"cell_id":641,"site":[7.581938593077851,6.996386995353232],"area":0.1457690906306769},"geometry":{"type":"Polygon","coordinates":[[[7.797105842087634,6.913958295305658],[7.778518525397457,7.1553735768025],[7.506925948847866,7.222346852821806],[7.301220933771671,6.820827826787918],[7.482638706012082,6.759581572232917],[7.797105842087634,6.913958295305658]]]}},{"type":"Feature","id":642,"properties":{"cell_id":642,"site":[7.595715718269277,3.23198016879614],"area":0.05080549179221252},"geometry":{"type":"Polygon","coordinates":[[[7.692395136537615,3.094166593414314],[7.7514192035371146,3.2012987098741106],[7.691719058785,3.332949358265543],[7.5445738535724285,3.3549354592592655],[7.442781096887177,3.224829465377259],[7.452793186619502,3.2008699110826977],[7.682215250691769,3.090876668468142],[7.692395136537615,3.094166593414314]]]}},{"type":"Feature","id":643,"properties":{"cell_id":643,"site":[7.603262489248495,5.270334803916151],"area":0.1294204622086681},"geometry":{"type":"Polygon","coordinates":[[[7.581936897426995,5.534455109936326],[7.378173712635698,5.224354651560564],[7.600722872796516,5.051744450839459],[7.912264922562333,5.279151085366048],[7.581936897426995,5.534455109936326]]]}},{"type":"Feature","id":644,"properties":{"cell_id":644,"site":[7.612268400120014,0.538323185256166],"area":0.2313496106193257},"geometry":{"type":"Polygon","coordinates":[[[7.978555116735182,0.6636064727672553],[7.574049028657395,0.8386749906096136],[7.285730183345686,0.5991049240239885],[7.62662230438246,0.17572517255844644],[7.978555116735182,0.6636064727672553]]]}},{"type":"Feature","id":645,"properties":{"cell_id":645,"site":[7.627994981761192,2.3623919685255306],"area":0.07117484062407789},"geometry":{"type":"Polygon","coordinates":[[[7.78267596698727,2.4113233750276675],[7.7408832615825505,2.4737702292706008],[7.670912820160011,2.5034433674482948],[7.435516862116656,2.427538742058225],[7.477289581111807,2.254270235841281],[7.687407556940007,2.199983968136588],[7.78267596698727,2.4113233750276675]]]}},{"type":"Feature","id":646,"properties":{"cell_id":646,"site":[7.629423027468719,3.4575712788675284],"area":0.0526064970226798},"geometry":{"type":"Polygon","coordinates":[[[7.816028026178228,3.5435699076664013],[7.671426969591696,3.604065105058807],[7.496800530546949,3.4801823252547868],[7.544573853572431,3.354935459259265],[7.691719058784998,3.3329493582655436],[7.816028026178228,3.5435699076664013]]]}},{"type":"Feature","id":647,"properties":{"cell_id":647,"site":[7.659320526844323,1.7984524613801849],"area":0.11849919819449023},"geometry":{"type":"Polygon","coordinates":[[[7.811025722772934,1.9255047979552076],[7.760499462080274,1.9968147497382214],[7.475264238585572,1.895320534671626],[7.443159691867195,1.6766548782556727],[7.5753841993843505,1.5761751398377861],[7.845514843695403,1.6829138672126878],[7.811025722772934,1.9255047979552076]]]}},{"type":"Feature","id":648,"properties":{"cell_id":648,"site":[7.678391503194138,7.387526505486162],"area":0.17489503089503805},"geometry":{"type":"Polygon","coordinates":[[[7.918906514365817,7.279952705092428],[7.863636760007044,7.543605795235072],[7.623593388385207,7.641045075798348],[7.372285792709448,7.44950468551283],[7.506925948847864,7.222346852821807],[7.77851852539746,7.1553735768025],[7.918906514365817,7.279952705092428]]]}},{"type":"Feature","id":649,"properties":{"cell_id":649,"site":[7.694654304153002,2.9258383793861493],"area":0.048316797854397},"geometry":{"type":"Polygon","coordinates":[[[7.805272404730296,2.9360925841853085],[7.798855336424562,2.983949922405218],[7.692395136537614,3.0941665934143145],[7.682215250691768,3.090876668468142],[7.581260302931158,2.9671563451263996],[7.604288425936563,2.7677622834712494],[7.616723822204794,2.7624976126294936],[7.702897725859352,2.776539239735472],[7.805272404730296,2.9360925841853085]]]}},{"type":"Feature","id":650,"properties":{"cell_id":650,"site":[7.695341759996592,6.122062326720162],"area":0.17856770085945006},"geometry":{"type":"Polygon","coordinates":[[[7.862968070452756,5.876795391918258],[7.89297051500585,6.307098216157292],[7.784990164254766,6.403230470935796],[7.686849218365648,6.409308921711555],[7.474607172264467,6.258029943457315],[7.491470141038863,6.024189138893539],[7.732052500902335,5.84113101703884],[7.862968070452756,5.876795391918258]]]}},{"type":"Feature","id":651,"properties":{"cell_id":651,"site":[7.700958800162702,4.1245336845173455],"area":0.13228347528335313},"geometry":{"type":"Polygon","coordinates":[[[7.936877922281002,4.157740062145217],[7.9147965302905545,4.299359996052801],[7.678011309419697,4.361697095834202],[7.544993975360717,4.257881624717174],[7.575354952264564,3.95640591742863],[7.625562244247167,3.9192267672620784],[7.822219726136693,3.9422012749429025],[7.936877922281002,4.157740062145217]]]}},{"type":"Feature","id":652,"properties":{"cell_id":652,"site":[7.730722651128974,6.693312181367259],"area":0.14268633764777472},"geometry":{"type":"Polygon","coordinates":[[[7.976790900935686,6.771087805835247],[7.797105842087634,6.913958295305658],[7.482638706012082,6.759581572232917],[7.68684921836565,6.409308921711555],[7.784990164254767,6.403230470935797],[7.976790900935686,6.771087805835247]]]}},{"type":"Feature","id":653,"properties":{"cell_id":653,"site":[7.742477456337333,2.6323462023267545],"area":0.04487327171756366},"geometry":{"type":"Polygon","coordinates":[[[7.8504094557000315,2.6373624764135974],[7.813538449693543,2.721155850913061],[7.7028977258593505,2.776539239735471],[7.616723822204796,2.7624976126294936],[7.6709128201600105,2.5034433674482957],[7.740883261582551,2.4737702292706008],[7.8504094557000315,2.6373624764135974]]]}},{"type":"Feature","id":654,"properties":{"cell_id":654,"site":[7.746252547220886,3.7368276946632926],"area":0.09391974660492987},"geometry":{"type":"Polygon","coordinates":[[[7.828736965072487,3.5462724938854064],[7.936489734727641,3.7791648349969957],[7.8222197261366935,3.942201274942903],[7.625562244247168,3.919226767262079],[7.595478651610662,3.7430803092675973],[7.671426969591698,3.6040651050588064],[7.816028026178229,3.5435699076664013],[7.828736965072487,3.5462724938854064]]]}},{"type":"Feature","id":655,"properties":{"cell_id":655,"site":[7.788587265292281,1.4713087132419058],"area":0.1403849419259266},"geometry":{"type":"Polygon","coordinates":[[[7.979717991423706,1.50933875204297],[7.8541448041811295,1.6782229249199352],[7.845514843695404,1.6829138672126882],[7.575384199384351,1.5761751398377868],[7.605724833876958,1.230527888758383],[7.924887639651752,1.2519887544873955],[7.979717991423706,1.50933875204297]]]}},{"type":"Feature","id":656,"properties":{"cell_id":656,"site":[7.80968648047181,4.987538510481566],"area":0.1652740164796525},"geometry":{"type":"Polygon","coordinates":[[[8.03419169170179,5.1816621675359045],[7.975485394582044,5.275608919076807],[7.912264922562331,5.279151085366047],[7.600722872796518,5.051744450839461],[7.595776175331585,4.7696264710419385],[7.9523319643356665,4.7738293966172325],[8.03419169170179,5.1816621675359045]]]}},{"type":"Feature","id":657,"properties":{"cell_id":657,"site":[7.814763636656003,4.556817243421026],"area":0.17223830517248043},"geometry":{"type":"Polygon","coordinates":[[[8.009912908012863,4.393962137373565],[8.028290659425405,4.699454751202965],[7.952331964335667,4.7738293966172325],[7.595776175331585,4.7696264710419385],[7.559191165097467,4.734123733871105],[7.678011309419697,4.361697095834202],[7.914796530290554,4.299359996052801],[8.009912908012863,4.393962137373565]]]}},{"type":"Feature","id":658,"properties":{"cell_id":658,"site":[7.81917613123864,1.0163956447671907],"area":0.2591584176199172},"geometry":{"type":"Polygon","coordinates":[[[8.146793382848122,0.9566092180632271],[8.115778132418388,1.0915839427337783],[7.924887639651751,1.2519887544873955],[7.605724833876956,1.2305278887583828],[7.52489690813489,1.1465985068391946],[7.574049028657395,0.838674990609614],[7.978555116735182,0.6636064727672555],[7.981682537956973,0.6642660901920565],[8.146793382848122,0.9566092180632271]]]}},{"type":"Feature","id":659,"properties":{"cell_id":659,"site":[7.830927554924134,3.338642618751986],"area":0.06831839608164733},"geometry":{"type":"Polygon","coordinates":[[[7.99358146917041,3.331845299337189],[7.991812679334199,3.426790393092684],[7.82873696507249,3.5462724938854073],[7.816028026178227,3.5435699076664013],[7.691719058784999,3.3329493582655454],[7.751419203537115,3.2012987098741115],[7.896343611738326,3.2182926235100875],[7.99358146917041,3.331845299337189]]]}},{"type":"Feature","id":660,"properties":{"cell_id":660,"site":[7.839589945003672,7.78464168581653],"area":0.16033342165517928},"geometry":{"type":"Polygon","coordinates":[[[7.623593388385205,7.64104507579835],[7.8636367600070445,7.543605795235073],[8.030151738887003,7.681506541150529],[7.995964677865664,8.0],[7.604633788566592,8.0],[7.623593388385205,7.64104507579835]]]}},{"type":"Feature","id":661,"properties":{"cell_id":661,"site":[7.842049919593657,2.831264499723813],"area":0.028460885276290107},"geometry":{"type":"Polygon","coordinates":[[[7.932550708744374,2.8070674858329108],[7.939333443165041,2.857613553713568],[7.805272404730297,2.9360925841853103],[7.702897725859351,2.776539239735471],[7.813538449693542,2.7211558509130613],[7.932550708744374,2.8070674858329108]]]}},{"type":"Feature","id":662,"properties":{"cell_id":662,"site":[7.842903634972203,5.580397234546938],"area":0.20865061349807162},"geometry":{"type":"Polygon","coordinates":[[[8.114669866788937,5.504676002609576],[8.02973732527163,5.805662288218392],[7.862968070452757,5.876795391918259],[7.732052500902333,5.84113101703884],[7.57469655533539,5.562704137753537],[7.581936897426992,5.534455109936329],[7.912264922562335,5.279151085366047],[7.9754853945820425,5.275608919076807],[8.114669866788937,5.504676002609576]]]}},{"type":"Feature","id":663,"properties":{"cell_id":663,"site":[7.848445138499148,2.26301657878613],"area":0.0645700540522391},"geometry":{"type":"Polygon","coordinates":[[[7.932702519923608,2.1548017857877233],[7.973330992969904,2.287908051642294],[7.915720087885364,2.392562025369673],[7.78267596698727,2.411323375027667],[7.687407556940008,2.1999839681365874],[7.7699468136755,2.063453676330102],[7.932702519923608,2.1548017857877233]]]}},{"type":"Feature","id":664,"properties":{"cell_id":664,"site":[7.860543884946627,3.0860740113350906],"area":0.04264379647302114},"geometry":{"type":"Polygon","coordinates":[[[7.979664978603398,3.058829076989446],[7.896343611738325,3.218292623510087],[7.7514192035371146,3.201298709874111],[7.692395136537615,3.0941665934143145],[7.7988553364245625,2.9839499224052184],[7.979664978603398,3.058829076989446]]]}},{"type":"Feature","id":665,"properties":{"cell_id":665,"site":[7.886892154735079,2.535659515968672],"area":0.039323275473139366},"geometry":{"type":"Polygon","coordinates":[[[7.971713064250458,2.455295028017508],[7.952682710784249,2.6142898598628133],[7.850409455700031,2.637362476413596],[7.740883261582551,2.4737702292706008],[7.782675966987271,2.411323375027668],[7.915720087885364,2.3925620253696738],[7.971713064250458,2.455295028017508]]]}},{"type":"Feature","id":666,"properties":{"cell_id":666,"site":[7.914684406803399,2.9553416541302937],"area":0.02522704340050627},"geometry":{"type":"Polygon","coordinates":[[[7.983122653163938,2.8904409200259478],[8.001829163374836,3.0475195145761282],[7.979664978603398,3.0588290769894457],[7.798855336424562,2.983949922405218],[7.805272404730296,2.936092584185311],[7.939333443165042,2.8576135537135676],[7.983122653163938,2.8904409200259478]]]}},{"type":"Feature","id":667,"properties":{"cell_id":667,"site":[7.9270240601396385,2.7135509393112445],"area":0.02593408686697367},"geometry":{"type":"Polygon","coordinates":[[[8.027014570144118,2.6644874475084994],[8.031480972118985,2.7015351824558946],[7.932550708744375,2.8070674858329117],[7.813538449693543,2.7211558509130622],[7.850409455700032,2.6373624764135957],[7.9526827107842495,2.6142898598628133],[8.027014570144118,2.6644874475084994]]]}},{"type":"Feature","id":668,"properties":{"cell_id":668,"site":[7.975230433552259,0.2765007929070393],"area":0.2857786582387477},"geometry":{"type":"Polygon","coordinates":[[[8.25929142958454,0.411481690443009],[7.981682537956975,0.6642660901920568],[7.978555116735181,0.6636064727672553],[7.62662230438246,0.17572517255844833],[7.628978558983068,0.0],[8.1956022224894,0.0],[8.25929142958454,0.411481690443009]]]}},{"type":"Feature","id":669,"properties":{"cell_id":669,"site":[7.981187060727589,2.0265091630410423],"area":0.06310151885836894},"geometry":{"type":"Polygon","coordinates":[[[8.144175617788614,2.053594314616606],[7.932702519923609,2.154801785787723],[7.769946813675501,2.063453676330102],[7.760499462080274,1.9968147497382214],[7.811025722772935,1.9255047979552065],[8.13676258253366,1.9452266660081718],[8.144175617788614,2.053594314616606]]]}},{"type":"Feature","id":670,"properties":{"cell_id":670,"site":[7.992130109160994,1.845767956207396],"area":0.06372004905592478},"geometry":{"type":"Polygon","coordinates":[[[8.190658589363096,1.8400716063051816],[8.13676258253366,1.945226666008172],[7.811025722772934,1.925504797955207],[7.845514843695402,1.6829138672126893],[7.8541448041811295,1.6782229249199352],[8.190658589363096,1.8400716063051816]]]}},{"type":"Feature","id":671,"properties":{"cell_id":671,"site":[7.997119039611575,7.028353034932181],"area":0.1440480668238588},"geometry":{"type":"Polygon","coordinates":[[[8.214999577772076,7.007966845801196],[8.000971878133695,7.26179284375044],[7.9189065143658155,7.279952705092427],[7.778518525397457,7.155373576802498],[7.797105842087634,6.913958295305658],[7.976790900935686,6.771087805835247],[8.057031362703318,6.780135494654266],[8.214999577772076,7.007966845801196]]]}},{"type":"Feature","id":672,"properties":{"cell_id":672,"site":[8.025326159737372,3.172174469215749],"area":0.04719340061189488},"geometry":{"type":"Polygon","coordinates":[[[8.1357522862387,3.0899962645045673],[8.162339038673379,3.204150334897305],[7.99358146917041,3.3318452993371883],[7.896343611738325,3.218292623510086],[7.979664978603397,3.0588290769894457],[8.001829163374833,3.0475195145761287],[8.108516471915816,3.0655018327523083],[8.1357522862387,3.0899962645045673]]]}},{"type":"Feature","id":673,"properties":{"cell_id":673,"site":[8.026228988936385,2.806549665008147],"area":0.023433733341323985},"geometry":{"type":"Polygon","coordinates":[[[8.133938172443623,2.7965386288045733],[8.13187347091655,2.8465105700745816],[7.983122653163939,2.8904409200259487],[7.93933344316504,2.8576135537135663],[7.932550708744374,2.8070674858329125],[8.031480972118985,2.701535182455895],[8.133938172443623,2.7965386288045733]]]}},{"type":"Feature","id":674,"properties":{"cell_id":674,"site":[8.027372456775286,3.606761378548676],"area":0.08961570710894048},"geometry":{"type":"Polygon","coordinates":[[[8.17777932425449,3.5179743172157214],[8.16651467397932,3.7697280962230866],[7.936489734727641,3.779164834996994],[7.828736965072489,3.546272493885408],[7.9918126793342,3.4267903930926837],[8.17777932425449,3.5179743172157214]]]}},{"type":"Feature","id":675,"properties":{"cell_id":675,"site":[8.035171790242531,2.5534073499252683],"area":0.026025749309551528},"geometry":{"type":"Polygon","coordinates":[[[8.130940946299903,2.5870058376594667],[8.027014570144118,2.664487447508499],[7.952682710784249,2.6142898598628124],[7.971713064250457,2.4552950280175083],[8.094612378492844,2.473726402113708],[8.130940946299903,2.5870058376594667]]]}},{"type":"Feature","id":676,"properties":{"cell_id":676,"site":[8.041188936990027,3.9435445722146216],"area":0.11987245971069944},"geometry":{"type":"Polygon","coordinates":[[[8.282644006956811,3.8696280988920457],[8.310250842391762,3.96617396738628],[7.936877922281003,4.157740062145217],[7.822219726136693,3.942201274942903],[7.936489734727641,3.779164834996994],[8.16651467397932,3.7697280962230866],[8.282644006956811,3.8696280988920457]]]}},{"type":"Feature","id":677,"properties":{"cell_id":677,"site":[8.053897247217947,6.52480901525976],"area":0.17329701116228038},"geometry":{"type":"Polygon","coordinates":[[[8.31195047469592,6.373233578542192],[8.301126923840929,6.561333704404667],[8.05703136270332,6.780135494654266],[7.976790900935686,6.771087805835247],[7.784990164254766,6.403230470935796],[7.892970515005849,6.307098216157293],[8.261226807606462,6.3149310735226845],[8.31195047469592,6.373233578542192]]]}},{"type":"Feature","id":678,"properties":{"cell_id":678,"site":[8.061160781690875,2.3801142893980427],"area":0.03603067475676894},"geometry":{"type":"Polygon","coordinates":[[[8.18394594740833,2.381302392839881],[8.094612378492842,2.473726402113708],[7.971713064250457,2.4552950280175088],[7.915720087885364,2.392562025369676],[7.973330992969905,2.287908051642294],[8.128710032730543,2.2894979656034393],[8.18394594740833,2.381302392839881]]]}},{"type":"Feature","id":679,"properties":{"cell_id":679,"site":[8.063008984341183,6.096427088253169],"area":0.17781675256560717},"geometry":{"type":"Polygon","coordinates":[[[8.294404843510772,5.973173395254143],[8.261226807606462,6.3149310735226845],[7.89297051500585,6.307098216157293],[7.862968070452756,5.876795391918259],[8.029737325271633,5.80566228821839],[8.294404843510772,5.973173395254143]]]}},{"type":"Feature","id":680,"properties":{"cell_id":680,"site":[8.063029192045642,2.197518366664365],"area":0.041503964813108155},"geometry":{"type":"Polygon","coordinates":[[[8.199334676318328,2.121896626754259],[8.128710032730543,2.2894979656034393],[7.973330992969905,2.287908051642294],[7.932702519923609,2.154801785787723],[8.144175617788614,2.053594314616606],[8.199334676318328,2.121896626754259]]]}},{"type":"Feature","id":681,"properties":{"cell_id":681,"site":[8.064888706889981,2.9374538045392233],"area":0.02675578660993434},"geometry":{"type":"Polygon","coordinates":[[[8.153808795150434,2.878063191246915],[8.108516471915813,3.0655018327523083],[8.001829163374836,3.0475195145761296],[7.983122653163939,2.8904409200259495],[8.131873470916553,2.846510570074582],[8.153808795150434,2.878063191246915]]]}},{"type":"Feature","id":682,"properties":{"cell_id":682,"site":[8.071172534048515,1.681423919782733],"area":0.07555301460339008},"geometry":{"type":"Polygon","coordinates":[[[8.21954589802819,1.8194405900360153],[8.190658589363094,1.8400716063051814],[7.854144804181129,1.6782229249199352],[7.979717991423706,1.509338752042969],[8.216878443515519,1.565626909149718],[8.21954589802819,1.8194405900360153]]]}},{"type":"Feature","id":683,"properties":{"cell_id":683,"site":[8.095969544354626,7.475063639028088],"area":0.1297226689332454},"geometry":{"type":"Polygon","coordinates":[[[8.326504021581343,7.439320865113004],[8.292439804147618,7.607186480205031],[8.030151738887005,7.68150654115053],[7.863636760007043,7.543605795235071],[7.918906514365817,7.279952705092426],[8.000971878133695,7.261792843750439],[8.326504021581343,7.439320865113004]]]}},{"type":"Feature","id":684,"properties":{"cell_id":684,"site":[8.135800667007526,2.688381242687561],"area":0.028430805350158312},"geometry":{"type":"Polygon","coordinates":[[[8.251829682026651,2.699405715471216],[8.133938172443623,2.796538628804574],[8.031480972118985,2.7015351824558964],[8.027014570144118,2.6644874475084985],[8.130940946299903,2.5870058376594667],[8.21485727608763,2.6113549886034555],[8.251829682026651,2.699405715471216]]]}},{"type":"Feature","id":685,"properties":{"cell_id":685,"site":[8.138748500067836,1.3967042296125658],"area":0.13369471751912665},"geometry":{"type":"Polygon","coordinates":[[[8.401901028698537,1.4169966467077117],[8.216878443515519,1.5656269091497177],[7.979717991423705,1.5093387520429689],[7.924887639651751,1.251988754487396],[8.115778132418392,1.0915839427337772],[8.401901028698537,1.4169966467077117]]]}},{"type":"Feature","id":686,"properties":{"cell_id":686,"site":[8.155869345592391,3.34469615679129],"area":0.06630198536951154},"geometry":{"type":"Polygon","coordinates":[[[8.304617142883666,3.44247083651536],[8.17777932425449,3.517974317215722],[7.9918126793342,3.426790393092684],[7.993581469170411,3.3318452993371883],[8.162339038673379,3.204150334897305],[8.275447692747827,3.2608871750379973],[8.304617142883666,3.44247083651536]]]}},{"type":"Feature","id":687,"properties":{"cell_id":687,"site":[8.166397164852741,4.915939949860183],"area":0.15207958901230112},"geometry":{"type":"Polygon","coordinates":[[[8.385749797373187,5.052329197926246],[8.034191691701793,5.181662167535903],[7.952331964335667,4.7738293966172325],[8.028290659425403,4.699454751202965],[8.351001349919175,4.747211357953131],[8.385749797373187,5.052329197926246]]]}},{"type":"Feature","id":688,"properties":{"cell_id":688,"site":[8.171707715717856,4.19793289497196],"area":0.14356029299334444},"geometry":{"type":"Polygon","coordinates":[[[8.39335525432817,4.041195769938976],[8.418899723658825,4.200778742952797],[8.325435001506467,4.345385033731607],[8.009912908012861,4.393962137373565],[7.914796530290554,4.299359996052802],[7.936877922281001,4.157740062145219],[8.31025084239176,3.966173967386281],[8.39335525432817,4.041195769938976]]]}},{"type":"Feature","id":689,"properties":{"cell_id":689,"site":[8.189307611588452,2.5039761922726482],"area":0.030312378685776555},"geometry":{"type":"Polygon","coordinates":[[[8.302294225112693,2.498052638768585],[8.214857276087628,2.6113549886034546],[8.130940946299903,2.5870058376594667],[8.094612378492842,2.473726402113707],[8.18394594740833,2.38130239283988],[8.238856263462358,2.3934128507273202],[8.302294225112693,2.498052638768585]]]}},{"type":"Feature","id":690,"properties":{"cell_id":690,"site":[8.194483464741326,7.82273592630479],"area":0.11610573097704875},"geometry":{"type":"Polygon","coordinates":[[[8.030151738887005,7.68150654115053],[8.292439804147618,7.60718648020503],[8.35747833779794,7.689630154064458],[8.322106861697135,8.0],[7.995964677865665,8.0],[8.030151738887005,7.68150654115053]]]}},{"type":"Feature","id":691,"properties":{"cell_id":691,"site":[8.20579918935974,2.9715031503299802],"area":0.028838866801456725},"geometry":{"type":"Polygon","coordinates":[[[8.31788957481399,3.0070384687517318],[8.135752286238702,3.089996264504569],[8.108516471915813,3.0655018327523056],[8.153808795150434,2.8780631912469157],[8.308973303450458,2.9125102046459572],[8.31788957481399,3.0070384687517318]]]}},{"type":"Feature","id":692,"properties":{"cell_id":692,"site":[8.223178142039284,4.532247941534725],"area":0.1313803671262737},"geometry":{"type":"Polygon","coordinates":[[[8.437513654813154,4.65870762475407],[8.351001349919176,4.747211357953131],[8.028290659425405,4.699454751202965],[8.009912908012865,4.393962137373565],[8.325435001506467,4.345385033731608],[8.437513654813154,4.65870762475407]]]}},{"type":"Feature","id":693,"properties":{"cell_id":693,"site":[8.231708316594025,7.22616020881523],"area":0.091148117987038},"geometry":{"type":"Polygon","coordinates":[[[8.35816779378353,7.41168893988684],[8.326504021581343,7.439320865113004],[8.000971878133695,7.261792843750439],[8.214999577772074,7.007966845801196],[8.334326980359819,7.030616327922542],[8.35816779378353,7.41168893988684]]]}},{"type":"Feature","id":694,"properties":{"cell_id":694,"site":[8.240411554752157,2.2722645842717317],"area":0.04349062274096141},"geometry":{"type":"Polygon","coordinates":[[[8.383884119455667,2.258511017595206],[8.238856263462356,2.3934128507273194],[8.18394594740833,2.3813023928398795],[8.128710032730543,2.2894979656034398],[8.199334676318328,2.1218966267542605],[8.327811769637437,2.1514345652695903],[8.383884119455667,2.258511017595206]]]}},{"type":"Feature","id":695,"properties":{"cell_id":695,"site":[8.24045439280346,2.8154008624453666],"area":0.03172589812891155},"geometry":{"type":"Polygon","coordinates":[[[8.29921252914067,2.7188476748984725],[8.360577853655316,2.843750681772875],[8.308973303450456,2.9125102046459572],[8.153808795150436,2.878063191246917],[8.13187347091655,2.846510570074579],[8.133938172443623,2.7965386288045746],[8.251829682026651,2.6994057154712165],[8.29921252914067,2.7188476748984725]]]}},{"type":"Feature","id":696,"properties":{"cell_id":696,"site":[8.271124446726951,3.1149274680131045],"area":0.043838821275731174},"geometry":{"type":"Polygon","coordinates":[[[8.388980508720735,3.072258866480533],[8.400854601819914,3.1647928119380624],[8.275447692747829,3.2608871750379977],[8.16233903867338,3.204150334897305],[8.135752286238702,3.089996264504569],[8.31788957481399,3.0070384687517318],[8.388980508720735,3.072258866480533]]]}},{"type":"Feature","id":697,"properties":{"cell_id":697,"site":[8.301957559488345,2.0045664241646604],"area":0.08503952736792839},"geometry":{"type":"Polygon","coordinates":[[[8.515931110826514,1.9226489526643626],[8.327811769637439,2.1514345652695908],[8.199334676318328,2.1218966267542605],[8.144175617788612,2.053594314616606],[8.13676258253366,1.945226666008172],[8.190658589363096,1.8400716063051812],[8.21954589802819,1.8194405900360164],[8.513505966555933,1.8762341963503049],[8.515931110826514,1.9226489526643626]]]}},{"type":"Feature","id":698,"properties":{"cell_id":698,"site":[8.306766416203093,5.711290390843198],"area":0.1938070380925954},"geometry":{"type":"Polygon","coordinates":[[[8.585333887035034,5.843139646519589],[8.294404843510772,5.973173395254143],[8.029737325271633,5.8056622882183895],[8.114669866788937,5.5046760026095765],[8.511159206756684,5.504979189197478],[8.585333887035034,5.843139646519589]]]}},{"type":"Feature","id":699,"properties":{"cell_id":699,"site":[8.307082178231443,5.298355639757698],"area":0.21003051999077305},"geometry":{"type":"Polygon","coordinates":[[[8.57263105076045,5.166547443442601],[8.5927432329122,5.379060795151317],[8.511159206756682,5.504979189197478],[8.114669866788937,5.5046760026095765],[7.9754853945820425,5.275608919076808],[8.03419169170179,5.181662167535904],[8.38574979737319,5.052329197926245],[8.57263105076045,5.166547443442601]]]}},{"type":"Feature","id":700,"properties":{"cell_id":700,"site":[8.310496192817306,6.811071131954253],"area":0.13424020331958847},"geometry":{"type":"Polygon","coordinates":[[[8.525747119797604,6.770920496088261],[8.465179182274765,6.981634603449474],[8.334326980359819,7.030616327922542],[8.214999577772074,7.007966845801196],[8.057031362703318,6.780135494654266],[8.301126923840929,6.561333704404666],[8.525747119797604,6.770920496088261]]]}},{"type":"Feature","id":701,"properties":{"cell_id":701,"site":[8.319655512042582,3.619839499607774],"area":0.09870683231554822},"geometry":{"type":"Polygon","coordinates":[[[8.529987042261835,3.592668564490995],[8.28264400695681,3.869628098892045],[8.16651467397932,3.769728096223086],[8.177779324254487,3.517974317215722],[8.304617142883666,3.4424708365153585],[8.486673553436038,3.4974093314739405],[8.529987042261835,3.592668564490995]]]}},{"type":"Feature","id":702,"properties":{"cell_id":702,"site":[8.325205444133228,2.60885037956137],"area":0.033642489529390966},"geometry":{"type":"Polygon","coordinates":[[[8.466915837313232,2.6006388250052135],[8.29921252914067,2.718847674898472],[8.251829682026653,2.699405715471217],[8.21485727608763,2.6113549886034537],[8.302294225112693,2.4980526387685864],[8.411435171819342,2.516184569770383],[8.466915837313232,2.6006388250052135]]]}},{"type":"Feature","id":703,"properties":{"cell_id":703,"site":[8.35980026819669,2.4006148723193643],"area":0.03976551803901311},"geometry":{"type":"Polygon","coordinates":[[[8.498937427158891,2.311936253812345],[8.411435171819342,2.5161845697703824],[8.302294225112693,2.498052638768586],[8.238856263462358,2.3934128507273185],[8.383884119455669,2.2585110175952057],[8.498937427158891,2.311936253812345]]]}},{"type":"Feature","id":704,"properties":{"cell_id":704,"site":[8.364985838464346,1.6783360892843504],"area":0.1099547561867663},"geometry":{"type":"Polygon","coordinates":[[[8.541754883323168,1.8415807451543955],[8.513505966555933,1.8762341963503044],[8.21954589802819,1.8194405900360158],[8.216878443515517,1.565626909149719],[8.401901028698537,1.4169966467077117],[8.46769938150234,1.4233222788009057],[8.541754883323168,1.8415807451543955]]]}},{"type":"Feature","id":705,"properties":{"cell_id":705,"site":[8.367150017530365,0.7069085293943793],"area":0.2679045035387181},"geometry":{"type":"Polygon","coordinates":[[[8.522013438030616,0.47438603144244645],[8.69451836609593,0.7209318176115981],[8.639495483349664,0.9033112024532908],[8.146793382848124,0.9566092180632273],[7.981682537956974,0.6642660901920578],[8.259291429584541,0.4114816904430074],[8.522013438030616,0.47438603144244645]]]}},{"type":"Feature","id":706,"properties":{"cell_id":706,"site":[8.411546457804246,2.7313426771911753],"area":0.02983282091012377},"geometry":{"type":"Polygon","coordinates":[[[8.482873757353813,2.608024373783125],[8.515520343819468,2.7078017319929812],[8.414068969876116,2.8413631084011186],[8.360577853655318,2.8437506817728755],[8.299212529140672,2.7188476748984733],[8.466915837313236,2.6006388250052135],[8.482873757353813,2.608024373783125]]]}},{"type":"Feature","id":707,"properties":{"cell_id":707,"site":[8.415258528068014,3.3030280917107633],"area":0.06706352725886884},"geometry":{"type":"Polygon","coordinates":[[[8.515625366889608,3.216374109718188],[8.56988600273545,3.3446850398652823],[8.486673553436038,3.49740933147394],[8.304617142883666,3.4424708365153585],[8.275447692747827,3.2608871750379986],[8.400854601819914,3.164792811938061],[8.515625366889608,3.216374109718188]]]}},{"type":"Feature","id":708,"properties":{"cell_id":708,"site":[8.415450379584893,1.1534108910097736],"area":0.22035518375495228},"geometry":{"type":"Polygon","coordinates":[[[8.723186681697028,1.0813007993439514],[8.66408972947625,1.3254586661437608],[8.467699381502342,1.4233222788009054],[8.401901028698537,1.4169966467077115],[8.11577813241839,1.0915839427337763],[8.146793382848124,0.9566092180632276],[8.639495483349664,0.9033112024532912],[8.723186681697028,1.0813007993439514]]]}},{"type":"Feature","id":709,"properties":{"cell_id":709,"site":[8.421358473822632,2.951170765160509],"area":0.0340635273634412},"geometry":{"type":"Polygon","coordinates":[[[8.527652769976257,2.9238185361967632],[8.53685066442733,2.9691949694669937],[8.388980508720735,3.0722588664805337],[8.317889574813991,3.007038468751734],[8.308973303450458,2.9125102046459546],[8.360577853655316,2.8437506817728755],[8.414068969876114,2.841363108401118],[8.527652769976257,2.9238185361967632]]]}},{"type":"Feature","id":710,"properties":{"cell_id":710,"site":[8.46051745823016,7.2118453620271925],"area":0.09351852552414408},"geometry":{"type":"Polygon","coordinates":[[[8.613560989037042,7.096396626018403],[8.581413467616972,7.370671279442077],[8.35816779378353,7.411688939886842],[8.334326980359819,7.030616327922541],[8.465179182274765,6.981634603449473],[8.613560989037042,7.096396626018403]]]}},{"type":"Feature","id":711,"properties":{"cell_id":711,"site":[8.476907712788618,2.1484194715875526],"area":0.06525324636259489},"geometry":{"type":"Polygon","coordinates":[[[8.623748034035113,2.0911511441824793],[8.533926417640462,2.3061501338188046],[8.49893742715889,2.3119362538123456],[8.383884119455665,2.258511017595205],[8.327811769637437,2.151434565269592],[8.515931110826514,1.922648952664363],[8.623748034035113,2.0911511441824793]]]}},{"type":"Feature","id":712,"properties":{"cell_id":712,"site":[8.486343538025915,7.855997925632872],"area":0.08185998244350279},"geometry":{"type":"Polygon","coordinates":[[[8.35747833779794,7.689630154064457],[8.644329633072946,7.727233334284724],[8.5910542874511,8.0],[8.322106861697135,8.0],[8.35747833779794,7.689630154064457]]]}},{"type":"Feature","id":713,"properties":{"cell_id":713,"site":[8.489253297072635,0.1969402453377419],"area":0.20047169683087535},"geometry":{"type":"Polygon","coordinates":[[[8.757761568094933,0.13545185939248985],[8.522013438030617,0.4743860314424466],[8.25929142958454,0.411481690443007],[8.1956022224894,0.0],[8.744704246750915,0.0],[8.757761568094933,0.13545185939248985]]]}},{"type":"Feature","id":714,"properties":{"cell_id":714,"site":[8.497772134718568,6.138634149953059],"area":0.2001405621798372},"geometry":{"type":"Polygon","coordinates":[[[8.704142505487209,5.906888987855445],[8.761545390624638,6.025739801792728],[8.686407084340026,6.325256967595368],[8.31195047469592,6.373233578542192],[8.261226807606462,6.314931073522685],[8.294404843510772,5.973173395254143],[8.585333887035034,5.843139646519589],[8.704142505487209,5.906888987855445]]]}},{"type":"Feature","id":715,"properties":{"cell_id":715,"site":[8.513791316689096,3.0837880954102226],"area":0.03754173999497107},"geometry":{"type":"Polygon","coordinates":[[[8.621441022636128,3.0279757114434207],[8.63575583164569,3.083349516445597],[8.515625366889607,3.216374109718187],[8.400854601819912,3.16479281193806],[8.388980508720733,3.0722588664805346],[8.53685066442733,2.9691949694669932],[8.621441022636128,3.0279757114434207]]]}},{"type":"Feature","id":716,"properties":{"cell_id":716,"site":[8.520733629642535,2.814279742515613],"area":0.024392845092915436},"geometry":{"type":"Polygon","coordinates":[[[8.623108456093007,2.8057275077542765],[8.527652769976257,2.9238185361967646],[8.414068969876116,2.8413631084011195],[8.51552034381947,2.7078017319929812],[8.618446998320659,2.7717667018735788],[8.623108456093007,2.8057275077542765]]]}},{"type":"Feature","id":717,"properties":{"cell_id":717,"site":[8.523011701286052,4.4249944510447285],"area":0.1254161371436191},"geometry":{"type":"Polygon","coordinates":[[[8.748186195018882,4.341383350930551],[8.637853871626815,4.638091036303683],[8.437513654813154,4.65870762475407],[8.325435001506467,4.345385033731608],[8.418899723658827,4.200778742952796],[8.748186195018882,4.341383350930551]]]}},{"type":"Feature","id":718,"properties":{"cell_id":718,"site":[8.524870638470114,7.562098617093745],"area":0.11799092105018305},"geometry":{"type":"Polygon","coordinates":[[[8.70260311520763,7.451043031289276],[8.716300453034039,7.609336391067124],[8.649529224401544,7.7239464405067],[8.644329633072948,7.727233334284725],[8.35747833779794,7.689630154064457],[8.292439804147618,7.60718648020503],[8.326504021581343,7.439320865113004],[8.358167793783524,7.411688939886844],[8.58141346761697,7.370671279442078],[8.70260311520763,7.451043031289276]]]}},{"type":"Feature","id":719,"properties":{"cell_id":719,"site":[8.526675542049443,3.804721968816029],"area":0.12378165475548855},"geometry":{"type":"Polygon","coordinates":[[[8.695860944988924,3.668880960913169],[8.726027754590456,3.908443027508614],[8.39335525432817,4.041195769938975],[8.310250842391762,3.9661739673862817],[8.282644006956811,3.8696280988920444],[8.529987042261837,3.592668564490995],[8.695860944988924,3.668880960913169]]]}},{"type":"Feature","id":720,"properties":{"cell_id":720,"site":[8.530722387669723,2.4738398135931954],"area":0.04502047269725122},"geometry":{"type":"Polygon","coordinates":[[[8.619561522576983,2.3620999817206867],[8.629955609965748,2.5445971275663815],[8.482873757353813,2.608024373783125],[8.46691583731323,2.600638825005211],[8.411435171819342,2.5161845697703837],[8.498937427158891,2.3119362538123456],[8.53392641764046,2.306150133818805],[8.619561522576983,2.3620999817206867]]]}},{"type":"Feature","id":721,"properties":{"cell_id":721,"site":[8.550914334593084,6.553408090865573],"area":0.15382489824773093},"geometry":{"type":"Polygon","coordinates":[[[8.772427045962123,6.435710473861788],[8.722304727416223,6.697898772927283],[8.525747119797606,6.770920496088262],[8.30112692384093,6.561333704404666],[8.311950474695921,6.373233578542191],[8.686407084340026,6.325256967595367],[8.772427045962123,6.435710473861788]]]}},{"type":"Feature","id":722,"properties":{"cell_id":722,"site":[8.568817618658699,4.870110161622535],"area":0.1821428962361885},"geometry":{"type":"Polygon","coordinates":[[[8.834623484483606,4.82057977247935],[8.81454530377723,4.980410789415217],[8.57263105076045,5.166547443442603],[8.385749797373187,5.052329197926243],[8.351001349919175,4.747211357953134],[8.437513654813156,4.658707624754071],[8.637853871626817,4.638091036303683],[8.834623484483606,4.82057977247935]]]}},{"type":"Feature","id":723,"properties":{"cell_id":723,"site":[8.613300183868226,2.665330000759487],"area":0.0351312242159238},"geometry":{"type":"Polygon","coordinates":[[[8.710875389459119,2.687239623524841],[8.61844699832066,2.7717667018735783],[8.51552034381947,2.707801731992981],[8.482873757353813,2.6080243737831244],[8.629955609965748,2.5445971275663806],[8.72392610929281,2.5943988098218247],[8.710875389459119,2.687239623524841]]]}},{"type":"Feature","id":724,"properties":{"cell_id":724,"site":[8.636208009307564,2.9076203314258],"area":0.027251944144836716},"geometry":{"type":"Polygon","coordinates":[[[8.621441022636128,3.0279757114434203],[8.53685066442733,2.969194969466993],[8.527652769976257,2.923818536196764],[8.623108456093009,2.8057275077542747],[8.758205489952978,2.9035543003009834],[8.621441022636128,3.0279757114434203]]]}},{"type":"Feature","id":725,"properties":{"cell_id":725,"site":[8.647711586914603,3.2047274187839365],"area":0.046933924696193806},"geometry":{"type":"Polygon","coordinates":[[[8.759596779464543,3.1486321707116516],[8.779932048199722,3.309850290561629],[8.56988600273545,3.3446850398652836],[8.515625366889608,3.2163741097181866],[8.635755831645692,3.0833495164455966],[8.759596779464543,3.1486321707116516]]]}},{"type":"Feature","id":726,"properties":{"cell_id":726,"site":[8.651727677721881,1.6275664994076036],"area":0.13934188564962136},"geometry":{"type":"Polygon","coordinates":[[[8.877546115409896,1.520625626955218],[8.772089559908512,1.7859573137734532],[8.541754883323168,1.8415807451543937],[8.46769938150234,1.4233222788009057],[8.664089729476249,1.3254586661437606],[8.877546115409896,1.520625626955218]]]}},{"type":"Feature","id":727,"properties":{"cell_id":727,"site":[8.65285255117681,4.120915972296132],"area":0.14474201922733337},"geometry":{"type":"Polygon","coordinates":[[[8.874409115031295,4.00695588817307],[8.863757247146562,4.284743434272766],[8.748186195018882,4.341383350930551],[8.418899723658825,4.200778742952796],[8.39335525432817,4.041195769938976],[8.726027754590458,3.9084430275086146],[8.874409115031295,4.00695588817307]]]}},{"type":"Feature","id":728,"properties":{"cell_id":728,"site":[8.686206997986378,2.2358598829983594],"area":0.05717483516575529},"geometry":{"type":"Polygon","coordinates":[[[8.800774738803584,2.1267389196748923],[8.83472055621273,2.2223913794572256],[8.782554718367889,2.337485490893084],[8.619561522576987,2.3620999817206876],[8.533926417640462,2.3061501338188064],[8.623748034035115,2.091151144182477],[8.800774738803584,2.1267389196748923]]]}},{"type":"Feature","id":729,"properties":{"cell_id":729,"site":[8.686823075786666,6.919243021446114],"area":0.1203300894998206},"geometry":{"type":"Polygon","coordinates":[[[8.910720071937174,6.857742379358576],[8.817752865369963,7.065637514129063],[8.613560989037042,7.096396626018402],[8.465179182274765,6.981634603449473],[8.525747119797604,6.770920496088262],[8.722304727416224,6.6978987729272825],[8.910720071937174,6.857742379358576]]]}},{"type":"Feature","id":730,"properties":{"cell_id":730,"site":[8.688724622512039,3.4520272016712195],"area":0.10780285239124604},"geometry":{"type":"Polygon","coordinates":[[[8.89585405726856,3.3907421136633698],[8.939670395194721,3.484885606906066],[8.930763806264464,3.5119897050335056],[8.695860944988922,3.6688809609131687],[8.529987042261835,3.592668564490994],[8.486673553436038,3.497409331473939],[8.569886002735446,3.3446850398652845],[8.779932048199722,3.309850290561629],[8.89585405726856,3.3907421136633698]]]}},{"type":"Feature","id":731,"properties":{"cell_id":731,"site":[8.720513242949455,2.46303031448446],"area":0.03878746905060999},"geometry":{"type":"Polygon","coordinates":[[[8.813823697828134,2.39008025814058],[8.788153487853613,2.5466547365697716],[8.748900568957438,2.584607004275953],[8.72392610929281,2.5943988098218242],[8.629955609965748,2.54459712756638],[8.619561522576983,2.3620999817206876],[8.782554718367889,2.3374854908930836],[8.813823697828134,2.39008025814058]]]}},{"type":"Feature","id":732,"properties":{"cell_id":732,"site":[8.724001417171433,2.786379220620659],"area":0.024916391772053553},"geometry":{"type":"Polygon","coordinates":[[[8.833937065914123,2.801607549100293],[8.763407645438729,2.9031470460227378],[8.758205489952978,2.9035543003009843],[8.623108456093007,2.8057275077542743],[8.618446998320659,2.7717667018735783],[8.710875389459119,2.687239623524842],[8.833937065914123,2.801607549100293]]]}},{"type":"Feature","id":733,"properties":{"cell_id":733,"site":[8.735759922455111,7.244106319807774],"area":0.096836216140755},"geometry":{"type":"Polygon","coordinates":[[[8.943177908704065,7.261270822324174],[8.920649712549983,7.328207405697007],[8.70260311520763,7.451043031289277],[8.58141346761697,7.370671279442079],[8.613560989037042,7.096396626018402],[8.817752865369963,7.065637514129063],[8.943177908704065,7.261270822324174]]]}},{"type":"Feature","id":734,"properties":{"cell_id":734,"site":[8.737276521765253,1.9818212592412756],"area":0.09249763979262274},"geometry":{"type":"Polygon","coordinates":[[[8.929760670198615,1.9454573935651902],[8.800774738803584,2.126738919674892],[8.623748034035113,2.0911511441824766],[8.515931110826516,1.922648952664364],[8.513505966555933,1.876234196350305],[8.541754883323168,1.8415807451543948],[8.77208955990851,1.7859573137734543],[8.929760670198615,1.9454573935651902]]]}},{"type":"Feature","id":735,"properties":{"cell_id":735,"site":[8.742254053649917,7.905981016977198],"area":0.05857965842133453},"geometry":{"type":"Polygon","coordinates":[[[8.644329633072946,7.727233334284727],[8.649529224401546,7.723946440506699],[8.93177193154177,7.925493263729884],[8.942923281313124,8.0],[8.5910542874511,8.0],[8.644329633072946,7.727233334284727]]]}},{"type":"Feature","id":736,"properties":{"cell_id":736,"site":[8.742652621452342,3.024624635950713],"area":0.03502341836399578},"geometry":{"type":"Polygon","coordinates":[[[8.880100967257246,3.0371784990629545],[8.759596779464541,3.148632170711651],[8.63575583164569,3.0833495164455957],[8.621441022636128,3.0279757114434203],[8.758205489952976,2.9035543003009847],[8.763407645438727,2.903147046022738],[8.880100967257246,3.0371784990629545]]]}},{"type":"Feature","id":737,"properties":{"cell_id":737,"site":[8.783139799813105,5.606799038713487],"area":0.1903336211744137},"geometry":{"type":"Polygon","coordinates":[[[9.071907853216137,5.606430989363842],[8.704142505487209,5.906888987855445],[8.585333887035034,5.843139646519589],[8.511159206756684,5.504979189197476],[8.5927432329122,5.379060795151319],[9.067060898582886,5.477781637694358],[9.071907853216137,5.606430989363842]]]}},{"type":"Feature","id":738,"properties":{"cell_id":738,"site":[8.793525554559517,0.40857902846524563],"area":0.15499172683952592},"geometry":{"type":"Polygon","coordinates":[[[9.012034484980735,0.36611728577705194],[8.821792903447372,0.672979475217835],[8.69451836609593,0.7209318176115982],[8.522013438030616,0.47438603144244595],[8.757761568094933,0.1354518593924891],[9.012034484980735,0.36611728577705194]]]}},{"type":"Feature","id":739,"properties":{"cell_id":739,"site":[8.810709462962908,2.6930800073705536],"area":0.02496726428333189},"geometry":{"type":"Polygon","coordinates":[[[8.912495891889009,2.772704177716705],[8.833937065914121,2.8016075491002934],[8.710875389459119,2.6872396235248432],[8.72392610929281,2.5943988098218247],[8.74890056895744,2.5846070042759535],[8.931505296545994,2.7257352208701073],[8.912495891889009,2.772704177716705]]]}},{"type":"Feature","id":740,"properties":{"cell_id":740,"site":[8.85180442036797,7.7525685663305905],"area":0.06560587990390077},"geometry":{"type":"Polygon","coordinates":[[[8.931771931541771,7.9254932637298845],[8.649529224401544,7.723946440506698],[8.716300453034039,7.609336391067124],[9.02955657670359,7.672600895127332],[8.931771931541771,7.9254932637298845]]]}},{"type":"Feature","id":741,"properties":{"cell_id":741,"site":[8.858192372638042,5.246198782193354],"area":0.19490326755315576},"geometry":{"type":"Polygon","coordinates":[[[9.167747577949582,5.23151296506323],[9.18438538787535,5.304084767294969],[9.067060898582884,5.477781637694358],[8.592743232912202,5.37906079515132],[8.57263105076045,5.166547443442605],[8.81454530377723,4.9804107894152185],[9.167747577949582,5.23151296506323]]]}},{"type":"Feature","id":742,"properties":{"cell_id":742,"site":[8.864024254167793,4.551801773942303],"area":0.17260068666929573},"geometry":{"type":"Polygon","coordinates":[[[9.103021795147345,4.413291780649714],[9.12569046200426,4.656298016325964],[8.834623484483606,4.820579772479349],[8.637853871626815,4.638091036303681],[8.748186195018882,4.341383350930551],[8.86375724714656,4.284743434272767],[9.103021795147345,4.413291780649714]]]}},{"type":"Feature","id":743,"properties":{"cell_id":743,"site":[8.869452075700659,2.6170733868967475],"area":0.021402444361114326},"geometry":{"type":"Polygon","coordinates":[[[8.970110746871372,2.6865950794606333],[8.931505296545994,2.7257352208701073],[8.748900568957438,2.584607004275952],[8.788153487853611,2.546654736569772],[8.929017746759383,2.5571074919618404],[8.970110746871372,2.6865950794606333]]]}},{"type":"Feature","id":744,"properties":{"cell_id":744,"site":[8.878955194652102,2.4890066946058167],"area":0.023393987660255192},"geometry":{"type":"Polygon","coordinates":[[[8.993602987555615,2.4436625551675397],[8.993747868072772,2.452825505447365],[8.929017746759383,2.557107491961841],[8.788153487853613,2.5466547365697725],[8.813823697828134,2.3900802581405793],[8.993602987555615,2.4436625551675397]]]}},{"type":"Feature","id":745,"properties":{"cell_id":745,"site":[8.881907068166747,3.1751871409773305],"area":0.06221989027145281},"geometry":{"type":"Polygon","coordinates":[[[9.041221415919981,3.098310469504585],[8.895854057268561,3.3907421136633693],[8.779932048199722,3.309850290561627],[8.759596779464543,3.1486321707116502],[8.880100967257246,3.037178499062955],[9.000497005300685,3.039220354104903],[9.041221415919981,3.098310469504585]]]}},{"type":"Feature","id":746,"properties":{"cell_id":746,"site":[8.88658579503166,2.8993104670458045],"area":0.04509231523308788},"geometry":{"type":"Polygon","coordinates":[[[9.02962989847028,2.9327464122901654],[9.000497005300684,3.039220354104903],[8.880100967257246,3.037178499062955],[8.763407645438729,2.90314704602274],[8.833937065914123,2.8016075491002925],[8.91249589188901,2.7727041777167045],[9.02962989847028,2.9327464122901654]]]}},{"type":"Feature","id":747,"properties":{"cell_id":747,"site":[8.893442018353896,3.758536967091253],"area":0.13081500002365776},"geometry":{"type":"Polygon","coordinates":[[[9.135274563237553,3.874017245218793],[8.874409115031295,4.00695588817307],[8.726027754590458,3.908443027508614],[8.695860944988926,3.6688809609131683],[8.930763806264466,3.5119897050335065],[9.135274563237553,3.874017245218793]]]}},{"type":"Feature","id":748,"properties":{"cell_id":748,"site":[8.896770506017353,7.529917620174222],"area":0.08770815300903875},"geometry":{"type":"Polygon","coordinates":[[[9.121506571667194,7.612383881795992],[9.02955657670359,7.672600895127332],[8.71630045303404,7.609336391067124],[8.70260311520763,7.451043031289277],[8.920649712549984,7.328207405697004],[9.121506571667194,7.612383881795992]]]}},{"type":"Feature","id":749,"properties":{"cell_id":749,"site":[8.922485997178448,2.3429521729880505],"area":0.03984256691951231},"geometry":{"type":"Polygon","coordinates":[[[9.047929238820634,2.372271023644679],[8.993602987555613,2.4436625551675393],[8.813823697828134,2.3900802581405793],[8.78255471836789,2.337485490893086],[8.834720556212732,2.222391379457226],[9.001511947083534,2.2518761484652448],[9.047929238820634,2.372271023644679]]]}},{"type":"Feature","id":750,"properties":{"cell_id":750,"site":[8.93490621381878,6.626815498283024],"area":0.1386687946174852},"geometry":{"type":"Polygon","coordinates":[[[9.170396812748136,6.667411719735664],[8.982717090138728,6.844739553670544],[8.910720071937174,6.857742379358576],[8.722304727416223,6.697898772927281],[8.772427045962123,6.435710473861787],[9.099213783484732,6.440814673156255],[9.170396812748136,6.667411719735664]]]}},{"type":"Feature","id":751,"properties":{"cell_id":751,"site":[8.94079537469641,6.249773075187783],"area":0.16809206175324293},"geometry":{"type":"Polygon","coordinates":[[[9.183039258578921,6.111294093599548],[9.212541667237815,6.25944427262955],[9.099213783484732,6.440814673156256],[8.772427045962123,6.435710473861788],[8.686407084340026,6.325256967595367],[8.761545390624637,6.025739801792728],[9.183039258578921,6.111294093599548]]]}},{"type":"Feature","id":752,"properties":{"cell_id":752,"site":[8.958499840148093,2.139226684825802],"area":0.05810900205941976},"geometry":{"type":"Polygon","coordinates":[[[9.072504956992374,2.057339924150273],[9.073669090016619,2.159496944480944],[9.001511947083532,2.2518761484652448],[8.834720556212732,2.2223913794572265],[8.800774738803586,2.1267389196748914],[8.929760670198617,1.9454573935651895],[8.98097296655055,1.9467637960123152],[9.072504956992374,2.057339924150273]]]}},{"type":"Feature","id":753,"properties":{"cell_id":753,"site":[8.96388513118909,1.2861562444017314],"area":0.2004239371086391},"geometry":{"type":"Polygon","coordinates":[[[9.228750422725799,1.3642630762991261],[9.058761771204374,1.5188971098603035],[8.877546115409897,1.5206256269552187],[8.66408972947625,1.3254586661437608],[8.72318668169703,1.0813007993439476],[9.210792854570983,1.0950165637613833],[9.228750422725799,1.3642630762991261]]]}},{"type":"Feature","id":754,"properties":{"cell_id":754,"site":[8.968341965664004,1.7534054168369155],"area":0.10936476202946642},"geometry":{"type":"Polygon","coordinates":[[[9.15492642614138,1.7739250831959887],[8.98097296655055,1.9467637960123152],[8.929760670198615,1.9454573935651895],[8.77208955990851,1.7859573137734541],[8.877546115409896,1.5206256269552187],[9.058761771204374,1.5188971098603035],[9.15492642614138,1.7739250831959887]]]}},{"type":"Feature","id":755,"properties":{"cell_id":755,"site":[8.975020091714553,0.8902996722356239],"area":0.22006524176848258},"geometry":{"type":"Polygon","coordinates":[[[9.311027730147702,0.8249375909547634],[9.343887751015359,0.8524501992390544],[9.359846949038868,0.8863601162351448],[9.21079285457098,1.095016563761383],[8.723186681697026,1.0813007993439472],[8.639495483349664,0.9033112024532919],[8.694518366095933,0.7209318176115977],[8.821792903447374,0.6729794752178345],[9.311027730147702,0.8249375909547634]]]}},{"type":"Feature","id":756,"properties":{"cell_id":756,"site":[9.012261331042243,2.571752743743987],"area":0.026838559432981607},"geometry":{"type":"Polygon","coordinates":[[[9.108989140548365,2.582702979763018],[9.099098527627369,2.6693099413153387],[8.970110746871372,2.686595079460635],[8.929017746759383,2.5571074919618386],[8.99374786807277,2.4528255054473633],[9.108989140548365,2.582702979763018]]]}},{"type":"Feature","id":757,"properties":{"cell_id":757,"site":[9.013958670515827,5.889324991334308],"area":0.17810283680295633},"geometry":{"type":"Polygon","coordinates":[[[9.314860799872895,5.882658991036],[9.183039258578923,6.111294093599548],[8.761545390624637,6.025739801792727],[8.704142505487209,5.906888987855446],[9.071907853216139,5.606430989363842],[9.314860799872895,5.882658991036]]]}},{"type":"Feature","id":758,"properties":{"cell_id":758,"site":[9.014155403540439,7.065620531261372],"area":0.09925219766565263},"geometry":{"type":"Polygon","coordinates":[[[9.23609302414466,7.1337746879317825],[9.223615075930283,7.165833282513554],[8.943177908704067,7.261270822324175],[8.817752865369963,7.0656375141290635],[8.910720071937176,6.857742379358575],[8.982717090138724,6.844739553670544],[9.23609302414466,7.1337746879317825]]]}},{"type":"Feature","id":759,"properties":{"cell_id":759,"site":[9.0330710910784,0.14451716513215118],"area":0.1265202638570871},"geometry":{"type":"Polygon","coordinates":[[[9.197216626994479,0.29472798196461397],[9.123625933182401,0.35636816970199314],[9.012034484980736,0.36611728577705227],[8.757761568094935,0.13545185939248938],[8.744704246750915,0.0],[9.180925753994243,0.0],[9.197216626994479,0.29472798196461397]]]}},{"type":"Feature","id":760,"properties":{"cell_id":760,"site":[9.041010346698771,2.7862880108204635],"area":0.04430568210144759},"geometry":{"type":"Polygon","coordinates":[[[9.150366252444964,2.713182349809829],[9.166641612841621,2.8401423183954355],[9.029629898470283,2.932746412290169],[8.91249589188901,2.7727041777167036],[8.931505296545994,2.725735220870108],[8.97011074687137,2.6865950794606355],[9.09909852762737,2.6693099413153387],[9.150366252444964,2.713182349809829]]]}},{"type":"Feature","id":761,"properties":{"cell_id":761,"site":[9.071179013870335,0.5807124324331928],"area":0.11657588225423586},"geometry":{"type":"Polygon","coordinates":[[[9.311027730147702,0.8249375909547633],[8.821792903447372,0.6729794752178337],[9.012034484980733,0.36611728577705244],[9.123625933182403,0.3563681697019928],[9.311027730147702,0.8249375909547633]]]}},{"type":"Feature","id":762,"properties":{"cell_id":762,"site":[9.076115041611489,3.2717276511875664],"area":0.09099600078970177},"geometry":{"type":"Polygon","coordinates":[[[9.225182842365781,3.1567269695285693],[9.273819874017326,3.221572278785975],[9.185881567332636,3.422460460490327],[8.939670395194721,3.4848856069060643],[8.895854057268561,3.3907421136633724],[9.041221415919983,3.098310469504585],[9.225182842365781,3.1567269695285693]]]}},{"type":"Feature","id":763,"properties":{"cell_id":763,"site":[9.079919652247176,4.934315465364692],"area":0.18323309485124623},"geometry":{"type":"Polygon","coordinates":[[[9.16774757794958,5.231512965063228],[8.814545303777232,4.980410789415219],[8.834623484483608,4.8205797724793475],[9.125690462004258,4.656298016325964],[9.364331026385498,4.814013948551728],[9.16774757794958,5.231512965063228]]]}},{"type":"Feature","id":764,"properties":{"cell_id":764,"site":[9.086588243332134,4.13754773046744],"area":0.17377867917468526},"geometry":{"type":"Polygon","coordinates":[[[9.352026253817996,4.225738192374137],[9.103021795147342,4.413291780649711],[8.863757247146562,4.284743434272768],[8.874409115031295,4.006955888173071],[9.135274563237553,3.8740172452187935],[9.182282894467237,3.880631005157489],[9.352026253817996,4.225738192374137]]]}},{"type":"Feature","id":765,"properties":{"cell_id":765,"site":[9.107272345169788,7.851349089107978],"area":0.10402443211185108},"geometry":{"type":"Polygon","coordinates":[[[8.931771931541771,7.925493263729885],[9.02955657670359,7.672600895127332],[9.121506571667194,7.612383881795993],[9.16774773595853,7.613494934172806],[9.343780574433644,8.0],[8.942923281313124,8.0],[8.931771931541771,7.925493263729885]]]}},{"type":"Feature","id":766,"properties":{"cell_id":766,"site":[9.109627034218668,2.4853594135021178],"area":0.025192479996298575},"geometry":{"type":"Polygon","coordinates":[[[9.108989140548363,2.5827029797630177],[8.993747868072772,2.4528255054473647],[8.993602987555615,2.4436625551675384],[9.047929238820634,2.3722710236446805],[9.085412617960554,2.3742556943458033],[9.221450081018448,2.4831126913502075],[9.108989140548363,2.5827029797630177]]]}},{"type":"Feature","id":767,"properties":{"cell_id":767,"site":[9.118765543849122,7.373010804203419],"area":0.11573750404850607},"geometry":{"type":"Polygon","coordinates":[[[9.353881648717126,7.4713093534373565],[9.167747735958532,7.613494934172805],[9.121506571667195,7.612383881795992],[8.920649712549984,7.328207405697003],[8.943177908704067,7.2612708223241755],[9.223615075930281,7.165833282513556],[9.353881648717126,7.4713093534373565]]]}},{"type":"Feature","id":768,"properties":{"cell_id":768,"site":[9.12122419562179,2.2663302327044486],"area":0.029109672832688206},"geometry":{"type":"Polygon","coordinates":[[[9.237852760082234,2.2444503268685527],[9.240776122914916,2.2613469975470943],[9.085412617960555,2.3742556943458033],[9.047929238820636,2.3722710236446805],[9.001511947083534,2.251876148465243],[9.073669090016619,2.159496944480944],[9.237852760082234,2.2444503268685527]]]}},{"type":"Feature","id":769,"properties":{"cell_id":769,"site":[9.16119290424662,3.607283456581775],"area":0.12552101554611053},"geometry":{"type":"Polygon","coordinates":[[[9.398600727639751,3.6387510006522996],[9.391370482514835,3.7136525977036148],[9.182282894467233,3.8806310051574884],[9.135274563237552,3.874017245218793],[8.930763806264464,3.511989705033506],[8.939670395194721,3.4848856069060643],[9.185881567332633,3.4224604604903273],[9.398600727639751,3.6387510006522996]]]}},{"type":"Feature","id":770,"properties":{"cell_id":770,"site":[9.169770465097212,2.9767941085798233],"area":0.06273823333682556},"geometry":{"type":"Polygon","coordinates":[[[9.308089407979935,2.9074199677841603],[9.225182842365783,3.1567269695285702],[9.041221415919981,3.098310469504585],[9.000497005300685,3.039220354104903],[9.029629898470281,2.9327464122901694],[9.166641612841623,2.840142318395434],[9.308089407979935,2.9074199677841603]]]}},{"type":"Feature","id":771,"properties":{"cell_id":771,"site":[9.174246147286677,1.9606376054701748],"area":0.06594535153639844},"geometry":{"type":"Polygon","coordinates":[[[9.311549712621213,1.8255658685821028],[9.299152326863844,2.039178799096758],[9.072504956992375,2.057339924150274],[8.98097296655055,1.946763796012315],[9.15492642614138,1.7739250831959885],[9.311549712621213,1.8255658685821028]]]}},{"type":"Feature","id":772,"properties":{"cell_id":772,"site":[9.188346511891982,2.1366074610052204],"area":0.03504357773200749},"geometry":{"type":"Polygon","coordinates":[[[9.325992008768058,2.0798500929035115],[9.237852760082234,2.2444503268685523],[9.073669090016619,2.159496944480943],[9.072504956992374,2.0573399241502743],[9.299152326863844,2.0391787990967583],[9.325992008768058,2.0798500929035115]]]}},{"type":"Feature","id":773,"properties":{"cell_id":773,"site":[9.197581135323158,6.904824625843304],"area":0.09695616279222705},"geometry":{"type":"Polygon","coordinates":[[[9.371072936303387,7.031902695534711],[9.236093024144658,7.133774687931781],[8.982717090138726,6.8447395536705455],[9.170396812748137,6.6674117197356635],[9.25580490286846,6.697495160744],[9.371072936303387,7.031902695534711]]]}},{"type":"Feature","id":774,"properties":{"cell_id":774,"site":[9.199122031916142,2.373518440683037],"area":0.02661888111322669},"geometry":{"type":"Polygon","coordinates":[[[9.32382468327751,2.349056965673342],[9.227962503784266,2.4829183978156752],[9.221450081018446,2.4831126913502075],[9.085412617960554,2.3742556943458037],[9.240776122914916,2.261346997547094],[9.32382468327751,2.349056965673342]]]}},{"type":"Feature","id":775,"properties":{"cell_id":775,"site":[9.205695263067712,2.5938431174640497],"area":0.03240667033994176},"geometry":{"type":"Polygon","coordinates":[[[9.340330959356093,2.61067740745398],[9.326998572597578,2.63825512759197],[9.150366252444966,2.7131823498098298],[9.09909852762737,2.669309941315338],[9.108989140548365,2.582702979763016],[9.221450081018446,2.483112691350208],[9.227962503784266,2.4829183978156757],[9.340330959356093,2.61067740745398]]]}},{"type":"Feature","id":776,"properties":{"cell_id":776,"site":[9.274626298423398,2.756340115817931],"area":0.04363317590474214},"geometry":{"type":"Polygon","coordinates":[[[9.400587319910336,2.874606643127283],[9.308089407979935,2.907419967784161],[9.166641612841621,2.8401423183954337],[9.150366252444964,2.7131823498098306],[9.326998572597578,2.63825512759197],[9.400587319910336,2.874606643127283]]]}},{"type":"Feature","id":777,"properties":{"cell_id":777,"site":[9.281508274318814,1.635318253237629],"area":0.1368531858461553},"geometry":{"type":"Polygon","coordinates":[[[9.497539292154395,1.5039588303231752],[9.458224485846909,1.7605689837758585],[9.311549712621215,1.8255658685821028],[9.15492642614138,1.773925083195988],[9.058761771204374,1.518897109860303],[9.228750422725797,1.3642630762991266],[9.497539292154395,1.5039588303231752]]]}},{"type":"Feature","id":778,"properties":{"cell_id":778,"site":[9.316312848481438,0.48267248569425836],"area":0.12124561211454682},"geometry":{"type":"Polygon","coordinates":[[[9.343887751015357,0.8524501992390539],[9.311027730147702,0.8249375909547645],[9.123625933182403,0.3563681697019915],[9.197216626994477,0.2947279819646152],[9.441531983750718,0.31363230600691405],[9.518393092670344,0.38802902095176167],[9.343887751015357,0.8524501992390539]]]}},{"type":"Feature","id":779,"properties":{"cell_id":779,"site":[9.340369182098122,6.4994436601591765],"area":0.15172745740712426},"geometry":{"type":"Polygon","coordinates":[[[9.635479887236047,6.402585942751879],[9.515848926500684,6.626350107607178],[9.255804902868462,6.697495160744001],[9.170396812748134,6.667411719735663],[9.099213783484732,6.440814673156254],[9.212541667237815,6.2594442726295485],[9.635479887236047,6.402585942751879]]]}},{"type":"Feature","id":780,"properties":{"cell_id":780,"site":[9.340822289005878,2.474994237422844],"area":0.03176013351094045},"geometry":{"type":"Polygon","coordinates":[[[9.417236847627613,2.400126613660625],[9.392127680559238,2.5890545003959957],[9.340330959356095,2.61067740745398],[9.227962503784267,2.482918397815677],[9.323824683277511,2.349056965673343],[9.398009424229707,2.3532946897275466],[9.417236847627613,2.400126613660625]]]}},{"type":"Feature","id":781,"properties":{"cell_id":781,"site":[9.343807202684115,0.1273414545090469],"area":0.0871359874456904},"geometry":{"type":"Polygon","coordinates":[[[9.441531983750714,0.3136323060069139],[9.197216626994479,0.29472798196461536],[9.180925753994243,0.0],[9.507975515161123,0.0],[9.441531983750714,0.3136323060069139]]]}},{"type":"Feature","id":782,"properties":{"cell_id":782,"site":[9.35505298509525,2.225874547358938],"area":0.040414944528449126},"geometry":{"type":"Polygon","coordinates":[[[9.424741093784162,2.1103329823115025],[9.458435109064544,2.228298929895578],[9.400804190566474,2.350574920650774],[9.398009424229706,2.353294689727547],[9.323824683277511,2.3490569656733435],[9.240776122914916,2.2613469975470935],[9.237852760082234,2.2444503268685523],[9.325992008768058,2.0798500929035098],[9.424741093784162,2.1103329823115025]]]}},{"type":"Feature","id":783,"properties":{"cell_id":783,"site":[9.359884973803542,5.585069759420577],"area":0.22509881610673937},"geometry":{"type":"Polygon","coordinates":[[[9.622864501968087,5.668810736525747],[9.516918352654312,5.84667510454684],[9.314860799872895,5.882658991035999],[9.071907853216137,5.606430989363839],[9.067060898582886,5.477781637694354],[9.184385387875349,5.304084767294972],[9.512357908865612,5.368203808976056],[9.622864501968087,5.668810736525747]]]}},{"type":"Feature","id":784,"properties":{"cell_id":784,"site":[9.363514408209108,4.505207184018463],"area":0.24377631124963905},"geometry":{"type":"Polygon","coordinates":[[[9.722387047618493,4.446922466354342],[9.456564669579066,4.800397185318521],[9.3643310263855,4.814013948551727],[9.12569046200426,4.656298016325964],[9.103021795147345,4.4132917806497085],[9.352026253817996,4.225738192374137],[9.593951295102528,4.261648290509596],[9.722387047618493,4.446922466354342]]]}},{"type":"Feature","id":785,"properties":{"cell_id":785,"site":[9.371089971724254,3.4008522002201564],"area":0.09642227030137174},"geometry":{"type":"Polygon","coordinates":[[[9.577209299801845,3.4501436225649558],[9.398600727639751,3.6387510006522965],[9.185881567332636,3.4224604604903286],[9.273819874017327,3.2215722787859726],[9.377973146476995,3.2233986706212985],[9.565294386144213,3.3874312745481543],[9.577209299801845,3.4501436225649558]]]}},{"type":"Feature","id":786,"properties":{"cell_id":786,"site":[9.377315804473731,3.045812913412956],"area":0.06358630873405713},"geometry":{"type":"Polygon","coordinates":[[[9.40467598004534,2.8753259971388703],[9.516872738023343,3.057812586398257],[9.377973146476995,3.2233986706212985],[9.273819874017324,3.2215722787859726],[9.225182842365783,3.1567269695285725],[9.308089407979935,2.907419967784161],[9.400587319910338,2.874606643127283],[9.40467598004534,2.8753259971388703]]]}},{"type":"Feature","id":787,"properties":{"cell_id":787,"site":[9.386883010277213,7.724001058257636],"area":0.15443058652101244},"geometry":{"type":"Polygon","coordinates":[[[9.167747735958532,7.613494934172806],[9.353881648717127,7.4713093534373565],[9.535768590586398,7.493126484198842],[9.5911128101127,7.545300572204129],[9.514087631359038,8.0],[9.343780574433646,8.0],[9.167747735958532,7.613494934172806]]]}},{"type":"Feature","id":788,"properties":{"cell_id":788,"site":[9.429413960299017,6.824913406625845],"area":0.10994809984400981},"geometry":{"type":"Polygon","coordinates":[[[9.683080975212917,7.019463483845706],[9.371072936303387,7.03190269553471],[9.25580490286846,6.697495160744],[9.515848926500684,6.626350107607176],[9.683080975212917,7.019463483845706]]]}},{"type":"Feature","id":789,"properties":{"cell_id":789,"site":[9.432305835808142,1.975614533595824],"area":0.07337594249446401},"geometry":{"type":"Polygon","coordinates":[[[9.585521056952649,1.865440079368501],[9.547251117454596,2.039938641943838],[9.42474109378416,2.110332982311502],[9.325992008768056,2.0798500929035093],[9.299152326863846,2.039178799096761],[9.311549712621215,1.8255658685821023],[9.45822448584691,1.7605689837758576],[9.585521056952649,1.865440079368501]]]}},{"type":"Feature","id":790,"properties":{"cell_id":790,"site":[9.437148098432612,2.705738470016739],"area":0.03888871501089006},"geometry":{"type":"Polygon","coordinates":[[[9.532503270976473,2.6829221835568635],[9.50905842485072,2.8132917544381684],[9.40467598004534,2.8753259971388703],[9.400587319910338,2.874606643127283],[9.32699857259758,2.63825512759197],[9.340330959356095,2.6106774074539794],[9.392127680559238,2.5890545003959953],[9.46645936937707,2.601001319838583],[9.532503270976473,2.6829221835568635]]]}},{"type":"Feature","id":791,"properties":{"cell_id":791,"site":[9.444196371272746,3.96165569687247],"area":0.18212995903688492},"geometry":{"type":"Polygon","coordinates":[[[9.7203185991975,3.9200024560624978],[9.59395129510253,4.261648290509598],[9.352026253817998,4.225738192374138],[9.182282894467235,3.880631005157487],[9.391370482514834,3.713652597703617],[9.7203185991975,3.9200024560624978]]]}},{"type":"Feature","id":792,"properties":{"cell_id":792,"site":[9.445707196899448,7.233590493750508],"area":0.14602407797780034},"geometry":{"type":"Polygon","coordinates":[[[9.683534086861373,7.019696205674338],[9.535768590586397,7.493126484198841],[9.353881648717126,7.4713093534373565],[9.223615075930281,7.165833282513558],[9.23609302414466,7.133774687931778],[9.371072936303385,7.03190269553471],[9.683080975212913,7.019463483845706],[9.683534086861373,7.019696205674338]]]}},{"type":"Feature","id":793,"properties":{"cell_id":793,"site":[9.452784670089178,5.109882563991574],"area":0.20219970778028343},"geometry":{"type":"Polygon","coordinates":[[[9.765986392984864,5.121283260159264],[9.51235790886561,5.368203808976056],[9.184385387875352,5.304084767294973],[9.167747577949582,5.231512965063229],[9.3643310263855,4.814013948551726],[9.456564669579064,4.800397185318521],[9.765986392984864,5.121283260159264]]]}},{"type":"Feature","id":794,"properties":{"cell_id":794,"site":[9.459852340962717,6.146408834683332],"area":0.21676662044492767},"geometry":{"type":"Polygon","coordinates":[[[9.756587193317097,6.1496883333886645],[9.734015473045012,6.356635343819765],[9.635479887236048,6.4025859427518785],[9.212541667237815,6.259444272629548],[9.183039258578921,6.11129409359955],[9.314860799872895,5.882658991035999],[9.516918352654312,5.846675104546841],[9.756587193317097,6.1496883333886645]]]}},{"type":"Feature","id":795,"properties":{"cell_id":795,"site":[9.471443864521433,2.492354294844905],"area":0.02084433256177355},"geometry":{"type":"Polygon","coordinates":[[[9.570416544545305,2.4873690567206324],[9.571381725094772,2.4946802629096054],[9.466459369377068,2.601001319838582],[9.392127680559238,2.589054500395995],[9.417236847627613,2.40012661366063],[9.570416544545305,2.4873690567206324]]]}},{"type":"Feature","id":796,"properties":{"cell_id":796,"site":[9.480897115493693,1.2516737998289147],"area":0.2195870282666277},"geometry":{"type":"Polygon","coordinates":[[[9.762205573028337,1.2013111182585803],[9.709675260129252,1.4159782935028484],[9.497539292154395,1.5039588303231746],[9.228750422725797,1.3642630762991264],[9.21079285457098,1.0950165637613818],[9.359846949038866,0.8863601162351463],[9.3702952340873,0.8883765622839352],[9.762205573028337,1.2013111182585803]]]}},{"type":"Feature","id":797,"properties":{"cell_id":797,"site":[9.524214248076268,2.3997004090109146],"area":0.018590644872528816},"geometry":{"type":"Polygon","coordinates":[[[9.631617575480371,2.3562817669889102],[9.570416544545303,2.487369056720631],[9.417236847627617,2.400126613660631],[9.398009424229707,2.3532946897275453],[9.400804190566477,2.3505749206507702],[9.630548494557829,2.3552352146880504],[9.631617575480371,2.3562817669889102]]]}},{"type":"Feature","id":798,"properties":{"cell_id":798,"site":[9.526104902784226,2.306494455375125],"area":0.02079804605689472},"geometry":{"type":"Polygon","coordinates":[[[9.58706253578441,2.2462649060125846],[9.630548494557825,2.355235214688051],[9.400804190566477,2.3505749206507707],[9.458435109064546,2.228298929895581],[9.58706253578441,2.2462649060125846]]]}},{"type":"Feature","id":799,"properties":{"cell_id":799,"site":[9.544940941643436,2.171637813449476],"area":0.030137768797479397},"geometry":{"type":"Polygon","coordinates":[[[9.651639246946957,2.1381596994241194],[9.587062535784414,2.2462649060125846],[9.458435109064546,2.2282989298955806],[9.424741093784162,2.110332982311502],[9.547251117454595,2.03993864194384],[9.651639246946957,2.1381596994241194]]]}},{"type":"Feature","id":800,"properties":{"cell_id":800,"site":[9.55296577745904,3.1931544585510316],"area":0.06634221184228038},"geometry":{"type":"Polygon","coordinates":[[[9.727818155383446,3.1501025390897297],[9.565294386144213,3.387431274548154],[9.377973146476995,3.223398670621298],[9.516872738023343,3.057812586398257],[9.663510348509948,3.066762292079226],[9.72290946284397,3.1099260139793596],[9.727818155383446,3.1501025390897297]]]}},{"type":"Feature","id":801,"properties":{"cell_id":801,"site":[9.569157161066329,2.9278646392787007],"area":0.04697110070655272},"geometry":{"type":"Polygon","coordinates":[[[9.657113038401473,2.8481228715388633],[9.663510348509948,3.0667622920792263],[9.516872738023343,3.0578125863982573],[9.40467598004534,2.875325997138871],[9.509058424850716,2.8132917544381706],[9.657113038401473,2.8481228715388633]]]}},{"type":"Feature","id":802,"properties":{"cell_id":802,"site":[9.575030863776627,2.5945785606443277],"area":0.022143098849756626},"geometry":{"type":"Polygon","coordinates":[[[9.643953724774464,2.546957352670971],[9.655337530944907,2.6494932111006597],[9.532503270976472,2.6829221835568635],[9.466459369377068,2.6010013198385815],[9.57138172509477,2.4946802629096076],[9.643953724774464,2.546957352670971]]]}},{"type":"Feature","id":803,"properties":{"cell_id":803,"site":[9.606403217903965,0.18297286189704462],"area":0.11489338198316924},"geometry":{"type":"Polygon","coordinates":[[[9.739889008686303,0.3870859232209257],[9.518393092670344,0.38802902095176206],[9.441531983750714,0.3136323060069115],[9.507975515161121,0.0],[9.804500864060598,0.0],[9.739889008686303,0.3870859232209257]]]}},{"type":"Feature","id":804,"properties":{"cell_id":804,"site":[9.60814619439797,0.5923282897712603],"area":0.16207284305346123},"geometry":{"type":"Polygon","coordinates":[[[9.884192941708008,0.5189287430097796],[9.875369199183776,0.6683712850963905],[9.3702952340873,0.8883765622839352],[9.359846949038868,0.8863601162351467],[9.343887751015357,0.852450199239053],[9.518393092670342,0.3880290209517618],[9.739889008686301,0.38708592322092544],[9.884192941708008,0.5189287430097796]]]}},{"type":"Feature","id":805,"properties":{"cell_id":805,"site":[9.613934853986175,2.7375306915681796],"area":0.029601744065842237},"geometry":{"type":"Polygon","coordinates":[[[9.684973498050713,2.669540066448092],[9.712602028862934,2.8074491875195857],[9.657113038401473,2.848122871538863],[9.509058424850718,2.813291754438171],[9.532503270976473,2.6829221835568635],[9.655337530944909,2.64949321110066],[9.684973498050713,2.669540066448092]]]}},{"type":"Feature","id":806,"properties":{"cell_id":806,"site":[9.63764408583608,3.6532752507298665],"area":0.12627265993535003},"geometry":{"type":"Polygon","coordinates":[[[9.796083121723022,3.8779655483408115],[9.720318599197498,3.9200024560624964],[9.391370482514835,3.713652597703618],[9.398600727639751,3.638751000652298],[9.577209299801845,3.4501436225649558],[9.787441508936173,3.5234923474108535],[9.796083121723022,3.8779655483408115]]]}},{"type":"Feature","id":807,"properties":{"cell_id":807,"site":[9.664333624416926,1.693970275716847],"area":0.13578786856389907},"geometry":{"type":"Polygon","coordinates":[[[9.90983449387524,1.619943440570783],[9.73687806466261,1.8590222339209566],[9.58552105695265,1.8654400793685018],[9.45822448584691,1.7605689837758574],[9.497539292154395,1.503958830323175],[9.709675260129254,1.4159782935028484],[9.90983449387524,1.619943440570783]]]}},{"type":"Feature","id":808,"properties":{"cell_id":808,"site":[9.667292286077297,2.4664995887616796],"area":0.020172262717291216},"geometry":{"type":"Polygon","coordinates":[[[9.77889899728254,2.4813551004925203],[9.643953724774464,2.54695735267097],[9.571381725094774,2.4946802629096094],[9.570416544545305,2.4873690567206284],[9.631617575480371,2.356281766988911],[9.631928035980357,2.356289505643421],[9.77889899728254,2.4813551004925203]]]}},{"type":"Feature","id":809,"properties":{"cell_id":809,"site":[9.67273923191882,2.247978200176612],"area":0.027382040891712978},"geometry":{"type":"Polygon","coordinates":[[[9.781295757015215,2.268707017741352],[9.631928035980355,2.3562895056434217],[9.631617575480373,2.3562817669889116],[9.630548494557823,2.3552352146880446],[9.587062535784412,2.246264906012586],[9.651639246946957,2.138159699424118],[9.744873191706757,2.1406476163802903],[9.781295757015215,2.268707017741352]]]}},{"type":"Feature","id":810,"properties":{"cell_id":810,"site":[9.678565974149903,2.029622775589524],"area":0.05960139672337521},"geometry":{"type":"Polygon","coordinates":[[[9.845666076005328,2.0277100383596567],[9.744873191706755,2.1406476163802903],[9.651639246946957,2.138159699424118],[9.547251117454595,2.0399386419438406],[9.585521056952649,1.8654400793685013],[9.736878064662612,1.8590222339209561],[9.845666076005328,2.0277100383596567]]]}},{"type":"Feature","id":811,"properties":{"cell_id":811,"site":[9.718845198367998,6.701788166353622],"area":0.17593265083583914},"geometry":{"type":"Polygon","coordinates":[[[9.889574755925825,6.4605476814044165],[9.95541469071873,6.691636086460008],[9.719869041704298,7.017465378516604],[9.683534086861371,7.019696205674336],[9.683080975212917,7.0194634838457075],[9.515848926500684,6.626350107607177],[9.635479887236047,6.402585942751878],[9.73401547304501,6.3566353438197645],[9.889574755925825,6.4605476814044165]]]}},{"type":"Feature","id":812,"properties":{"cell_id":812,"site":[9.721643501691561,2.5783012321299776],"area":0.02042902249990114},"geometry":{"type":"Polygon","coordinates":[[[9.812050047418849,2.6142627852856384],[9.684973498050713,2.6695400664480933],[9.655337530944907,2.6494932111006593],[9.643953724774464,2.5469573526709706],[9.77889899728254,2.4813551004925207],[9.779617430153493,2.481441890357892],[9.812050047418849,2.6142627852856384]]]}},{"type":"Feature","id":813,"properties":{"cell_id":813,"site":[9.725094388503045,7.781293393087806],"area":0.15127655507712146},"geometry":{"type":"Polygon","coordinates":[[[9.591112810112703,7.54530057220413],[9.905021073524304,7.567865118650707],[9.87990203561046,8.0],[9.51408763135904,8.0],[9.591112810112703,7.54530057220413]]]}},{"type":"Feature","id":814,"properties":{"cell_id":814,"site":[9.746376734210116,2.3735634189049137],"area":0.02541803645022199},"geometry":{"type":"Polygon","coordinates":[[[9.840867845706024,2.3072862417306297],[9.830049107912863,2.4424131819592283],[9.779617430153493,2.481441890357892],[9.778898997282543,2.4813551004925207],[9.631928035980357,2.3562895056434208],[9.781295757015215,2.268707017741353],[9.840867845706024,2.3072862417306297]]]}},{"type":"Feature","id":815,"properties":{"cell_id":815,"site":[9.749061433908233,0.91583243327095],"area":0.19075965913103576},"geometry":{"type":"Polygon","coordinates":[[[10.01302623017235,0.8575409930386275],[9.961377357681473,1.0976614572784658],[9.76220557302834,1.2013111182585814],[9.370295234087301,0.8883765622839355],[9.875369199183776,0.6683712850963908],[10.01302623017235,0.8575409930386275]]]}},{"type":"Feature","id":816,"properties":{"cell_id":816,"site":[9.749580880610576,2.922585506714241],"area":0.047764433308479994},"geometry":{"type":"Polygon","coordinates":[[[9.878167775686927,2.935501723480535],[9.879803640462063,3.0006054181405624],[9.722909462843973,3.1099260139793596],[9.663510348509948,3.0667622920792255],[9.657113038401473,2.848122871538864],[9.712602028862937,2.807449187519585],[9.772760062505943,2.814950052905296],[9.878167775686927,2.935501723480535]]]}},{"type":"Feature","id":817,"properties":{"cell_id":817,"site":[9.750888823894284,3.3286930374080486],"area":0.08601782301590219},"geometry":{"type":"Polygon","coordinates":[[[9.954330541853185,3.3488878005011964],[9.953398624727066,3.422756791490854],[9.78744150893617,3.523492347410854],[9.577209299801845,3.4501436225649567],[9.565294386144213,3.387431274548155],[9.727818155383448,3.150102539089731],[9.954330541853185,3.3488878005011964]]]}},{"type":"Feature","id":818,"properties":{"cell_id":818,"site":[9.757470066235573,7.330896891750945],"area":0.1694852741719368},"geometry":{"type":"Polygon","coordinates":[[[9.925500096366253,7.148648949203825],[9.97564948711463,7.5225334470720835],[9.905021073524306,7.567865118650708],[9.591112810112701,7.54530057220413],[9.535768590586397,7.49312648419884],[9.683534086861373,7.019696205674336],[9.719869041704296,7.017465378516604],[9.925500096366253,7.148648949203825]]]}},{"type":"Feature","id":819,"properties":{"cell_id":819,"site":[9.765982806730486,4.80787411050809],"area":0.23399914286467235},"geometry":{"type":"Polygon","coordinates":[[[10.072235548724441,4.811014351766713],[9.97796674945279,5.031279931296084],[9.831223107291889,5.120970279323232],[9.765986392984864,5.121283260159265],[9.456564669579066,4.800397185318522],[9.722387047618493,4.4469224663543425],[9.753972730867913,4.45331338268691],[10.072235548724441,4.811014351766713]]]}},{"type":"Feature","id":820,"properties":{"cell_id":820,"site":[9.768989972446338,5.434678016988975],"area":0.1712804853689354},"geometry":{"type":"Polygon","coordinates":[[[10.012431076729277,5.620517618114577],[9.622864501968088,5.668810736525746],[9.512357908865612,5.368203808976055],[9.765986392984864,5.121283260159265],[9.831223107291889,5.120970279323232],[10.012431076729277,5.620517618114577]]]}},{"type":"Feature","id":821,"properties":{"cell_id":821,"site":[9.77672093133385,2.704918344256724],"area":0.02555949024746519},"geometry":{"type":"Polygon","coordinates":[[[9.8690397987349,2.648611000808067],[9.877653503959948,2.7055245448286005],[9.772760062505945,2.8149500529052958],[9.712602028862936,2.807449187519584],[9.684973498050713,2.6695400664480937],[9.812050047418847,2.614262785285639],[9.8690397987349,2.648611000808067]]]}},{"type":"Feature","id":822,"properties":{"cell_id":822,"site":[9.8217372878056,5.860175306217737],"area":0.19988864440963397},"geometry":{"type":"Polygon","coordinates":[[[10.039851101124539,5.633677304855075],[10.096239710392952,5.9312093490910875],[9.756587193317097,6.149688333388663],[9.516918352654312,5.846675104546842],[9.622864501968087,5.668810736525748],[10.01243107672928,5.620517618114578],[10.039851101124539,5.633677304855075]]]}},{"type":"Feature","id":823,"properties":{"cell_id":823,"site":[9.862694615487326,2.193951222928686],"area":0.055352181563192014},"geometry":{"type":"Polygon","coordinates":[[[10.015861677825303,2.080678428592155],[10.017968407601831,2.1739367835207974],[9.952751065804007,2.272119341251038],[9.840867845706025,2.307286241730632],[9.781295757015213,2.2687070177413524],[9.744873191706755,2.1406476163802903],[9.845666076005328,2.0277100383596567],[9.990879345169217,2.0522328524692717],[10.015861677825303,2.080678428592155]]]}},{"type":"Feature","id":824,"properties":{"cell_id":824,"site":[9.875708029748889,2.5406812787682065],"area":0.0293257622701566},"geometry":{"type":"Polygon","coordinates":[[[10.00350047973821,2.5503859279362153],[9.869039798734901,2.6486110008080668],[9.812050047418847,2.6142627852856375],[9.779617430153493,2.4814418903578916],[9.830049107912865,2.4424131819592265],[9.99260952513115,2.4933324574486173],[10.00350047973821,2.5503859279362153]]]}},{"type":"Feature","id":825,"properties":{"cell_id":825,"site":[9.882525968582263,2.806341263603614],"area":0.026633581031247702},"geometry":{"type":"Polygon","coordinates":[[[9.878167775686927,2.935501723480536],[9.772760062505943,2.814950052905298],[9.87765350395995,2.705524544828601],[10.00433186818645,2.7936937088656397],[9.878167775686927,2.935501723480536]]]}},{"type":"Feature","id":826,"properties":{"cell_id":826,"site":[9.902875755081098,4.13131114509301],"area":0.24394937211533085},"geometry":{"type":"Polygon","coordinates":[[[10.176502870091204,3.989349984056617],[10.252572306973171,4.18504340289591],[9.753972730867911,4.453313382686909],[9.722387047618493,4.4469224663543425],[9.59395129510253,4.261648290509599],[9.720318599197501,3.9200024560624946],[9.79608312172302,3.877965548340813],[10.054891033765433,3.8995605419612964],[10.176502870091204,3.989349984056617]]]}},{"type":"Feature","id":827,"properties":{"cell_id":827,"site":[9.907892374178143,3.149790192164376],"area":0.0691995220016129},"geometry":{"type":"Polygon","coordinates":[[[10.064720548358718,3.1987405971760143],[9.954330541853185,3.3488878005011973],[9.727818155383446,3.1501025390897297],[9.72290946284397,3.1099260139793605],[9.879803640462065,3.000605418140562],[10.027867357137898,3.0627414093228293],[10.064720548358718,3.1987405971760143]]]}},{"type":"Feature","id":828,"properties":{"cell_id":828,"site":[9.91634121491686,1.8762797661429058],"area":0.09834668205319198},"geometry":{"type":"Polygon","coordinates":[[[10.091495138329815,1.705112582623555],[9.99087934516922,2.052232852469273],[9.84566607600533,2.0277100383596576],[9.736878064662612,1.8590222339209541],[9.90983449387524,1.6199434405707838],[10.064024408402066,1.6421693279508176],[10.091495138329815,1.705112582623555]]]}},{"type":"Feature","id":829,"properties":{"cell_id":829,"site":[9.92361009434326,2.3877533446757284],"area":0.029306262134060807},"geometry":{"type":"Polygon","coordinates":[[[10.026406770843836,2.4314328769048226],[9.992609525131153,2.4933324574486173],[9.830049107912863,2.4424131819592256],[9.840867845706022,2.3072862417306323],[9.952751065804009,2.2721193412510368],[10.026406770843836,2.4314328769048226]]]}},{"type":"Feature","id":830,"properties":{"cell_id":830,"site":[9.93243160015504,0.23739307564865408],"area":0.15952505157298869},"geometry":{"type":"Polygon","coordinates":[[[10.142036373585391,0.3741479632637264],[9.88419294170801,0.5189287430097811],[9.739889008686303,0.3870859232209263],[9.804500864060598,0.0],[10.096720077846946,0.0],[10.142036373585391,0.3741479632637264]]]}},{"type":"Feature","id":831,"properties":{"cell_id":831,"site":[9.943385112357898,3.645821667335342],"area":0.1216462931449913},"geometry":{"type":"Polygon","coordinates":[[[10.106711924080614,3.528326191680197],[10.054891033765431,3.8995605419612964],[9.796083121723022,3.8779655483408133],[9.787441508936173,3.5234923474108513],[9.953398624727066,3.4227567914908534],[10.106711924080614,3.528326191680197]]]}},{"type":"Feature","id":832,"properties":{"cell_id":832,"site":[9.973886317986253,2.6750779161049674],"area":0.029205530752491972},"geometry":{"type":"Polygon","coordinates":[[[10.033890417698872,2.5747341680819837],[10.059161509488218,2.786402360693084],[10.004331868186448,2.7936937088656393],[9.87765350395995,2.7055245448286014],[9.869039798734901,2.648611000808068],[10.003500479738213,2.550385927936215],[10.033890417698872,2.5747341680819837]]]}},{"type":"Feature","id":833,"properties":{"cell_id":833,"site":[9.98847188513774,1.3758803136508029],"area":0.20061207559852368},"geometry":{"type":"Polygon","coordinates":[[[10.260308747579167,1.29982116672402],[10.261810346607172,1.4254097903287608],[10.064024408402066,1.6421693279508178],[9.90983449387524,1.619943440570784],[9.709675260129252,1.4159782935028469],[9.762205573028336,1.2013111182585838],[9.961377357681473,1.0976614572784655],[10.260308747579167,1.29982116672402]]]}},{"type":"Feature","id":834,"properties":{"cell_id":834,"site":[10.005943717872642,2.9161438610085595],"area":0.049051335437888956},"geometry":{"type":"Polygon","coordinates":[[[10.158449941380455,2.9254570304474994],[10.0278673571379,3.0627414093228307],[9.879803640462065,3.0006054181405624],[9.87816777568693,2.9355017234805345],[10.00433186818645,2.793693708865639],[10.059161509488218,2.7864023606930837],[10.106397076528019,2.8065199846125526],[10.158449941380455,2.9254570304474994]]]}},{"type":"Feature","id":835,"properties":{"cell_id":835,"site":[10.019949028856862,6.919459501934192],"area":0.15752147335073446},"geometry":{"type":"Polygon","coordinates":[[[10.249313900067992,6.81288033339535],[10.266976329637972,7.039150568280173],[9.92550009636625,7.148648949203824],[9.719869041704298,7.017465378516605],[9.955414690718731,6.691636086460005],[10.249313900067992,6.81288033339535]]]}},{"type":"Feature","id":836,"properties":{"cell_id":836,"site":[10.04705194766727,6.210454723719386],"area":0.21384432679334056},"geometry":{"type":"Polygon","coordinates":[[[10.36713310294466,6.100543298210596],[10.271274852057209,6.3405793878060495],[9.889574755925825,6.460547681404417],[9.734015473045012,6.356635343819766],[9.756587193317097,6.149688333388664],[10.096239710392952,5.931209349091089],[10.36713310294466,6.100543298210596]]]}},{"type":"Feature","id":837,"properties":{"cell_id":837,"site":[10.059007300738203,7.800703006762516],"area":0.13689721931276078},"geometry":{"type":"Polygon","coordinates":[[[9.905021073524303,7.56786511865071],[9.97564948711463,7.522533447072083],[10.10462592095284,7.541515817147785],[10.274708847740513,8.0],[9.87990203561046,8.0],[9.905021073524303,7.56786511865071]]]}},{"type":"Feature","id":838,"properties":{"cell_id":838,"site":[10.059720822840905,2.3248250339717007],"area":0.03309241848659422},"geometry":{"type":"Polygon","coordinates":[[[10.171658639523013,2.3012821362908276],[10.15287358780216,2.387394395594251],[10.026406770843838,2.4314328769048235],[9.952751065804009,2.2721193412510363],[10.017968407601833,2.173936783520796],[10.171658639523013,2.3012821362908276]]]}},{"type":"Feature","id":839,"properties":{"cell_id":839,"site":[10.080109474987955,5.321821178547314],"area":0.18356475820074802},"geometry":{"type":"Polygon","coordinates":[[[10.341601496060472,5.466321855756068],[10.039851101124537,5.633677304855074],[10.012431076729275,5.620517618114575],[9.831223107291889,5.120970279323233],[9.977966749452792,5.031279931296084],[10.369299970757563,5.307679656158364],[10.341601496060472,5.466321855756068]]]}},{"type":"Feature","id":840,"properties":{"cell_id":840,"site":[10.104731148865563,4.5064743066733834],"area":0.21790008230826752},"geometry":{"type":"Polygon","coordinates":[[[10.279678259073094,4.201810721596465],[10.373999525221969,4.470971174620318],[10.236796115531352,4.754099080062727],[10.072235548724443,4.811014351766714],[9.753972730867911,4.4533133826869085],[10.25257230697317,4.18504340289591],[10.279678259073094,4.201810721596465]]]}},{"type":"Feature","id":841,"properties":{"cell_id":841,"site":[10.115831337914074,2.658131082556729],"area":0.0312989730798035},"geometry":{"type":"Polygon","coordinates":[[[10.231163440516335,2.6898966594437095],[10.106397076528019,2.8065199846125526],[10.05916150948822,2.786402360693084],[10.033890417698872,2.5747341680819833],[10.174779561379378,2.5772287444268582],[10.231163440516335,2.6898966594437095]]]}},{"type":"Feature","id":842,"properties":{"cell_id":842,"site":[10.118732294833137,2.4942903017281313],"area":0.032248342971563294},"geometry":{"type":"Polygon","coordinates":[[[10.22936485891136,2.476067168842251],[10.17477956137938,2.5772287444268587],[10.03389041769887,2.5747341680819833],[10.00350047973821,2.5503859279362135],[9.99260952513115,2.493332457448618],[10.026406770843835,2.4314328769048252],[10.152873587802162,2.387394395594251],[10.22936485891136,2.476067168842251]]]}},{"type":"Feature","id":843,"properties":{"cell_id":843,"site":[10.135616958020945,7.280175783107625],"area":0.1637499078905825},"geometry":{"type":"Polygon","coordinates":[[[10.318603084970226,7.085482625593922],[10.364596198875837,7.348803828894798],[10.283112925501323,7.469536751388223],[10.104625920952842,7.541515817147786],[9.97564948711463,7.522533447072083],[9.925500096366251,7.148648949203823],[10.26697632963797,7.039150568280173],[10.318603084970226,7.085482625593922]]]}},{"type":"Feature","id":844,"properties":{"cell_id":844,"site":[10.147960328026448,1.9434165564750654],"area":0.08108338894537674},"geometry":{"type":"Polygon","coordinates":[[[10.353199214582428,1.9017979993693084],[10.278211678847086,2.052636596258466],[10.015861677825304,2.080678428592155],[9.99087934516922,2.0522328524692743],[10.091495138329815,1.7051125826235545],[10.353199214582428,1.9017979993693084]]]}},{"type":"Feature","id":845,"properties":{"cell_id":845,"site":[10.149684096708107,0.624303060478309],"area":0.18140234763229743},"geometry":{"type":"Polygon","coordinates":[[[10.307780445504477,0.4366368076212796],[10.411341812642451,0.7131309372068917],[10.347800772178504,0.789727698243673],[10.013026230172352,0.8575409930386271],[9.875369199183774,0.6683712850963861],[9.884192941708006,0.5189287430097831],[10.14203637358539,0.37414796326372657],[10.307780445504477,0.4366368076212796]]]}},{"type":"Feature","id":846,"properties":{"cell_id":846,"site":[10.158216976584821,3.333831811829584],"area":0.09719171612717695},"geometry":{"type":"Polygon","coordinates":[[[10.352708644100039,3.228204660237208],[10.282809932168806,3.491627800744256],[10.106711924080614,3.528326191680198],[9.953398624727065,3.422756791490853],[9.954330541853183,3.348887800501201],[10.06472054835872,3.198740597176012],[10.33628188990337,3.216907333231069],[10.352708644100039,3.228204660237208]]]}},{"type":"Feature","id":847,"properties":{"cell_id":847,"site":[10.161811300484294,6.575581664249854],"area":0.15571625565124048},"geometry":{"type":"Polygon","coordinates":[[[10.413931995774023,6.63559040605895],[10.249313900067992,6.81288033339535],[9.95541469071873,6.691636086460004],[9.889574755925825,6.460547681404417],[10.271274852057209,6.3405793878060495],[10.413931995774023,6.63559040605895]]]}},{"type":"Feature","id":848,"properties":{"cell_id":848,"site":[10.173987603309168,2.186919035762501],"area":0.05446238954452587},"geometry":{"type":"Polygon","coordinates":[[[10.33782931184814,2.219617186204575],[10.171658639523015,2.301282136290829],[10.017968407601831,2.1739367835207943],[10.015861677825303,2.080678428592155],[10.278211678847086,2.052636596258466],[10.33782931184814,2.219617186204575]]]}},{"type":"Feature","id":849,"properties":{"cell_id":849,"site":[10.175377826873895,3.077306725957019],"area":0.06010777631620643},"geometry":{"type":"Polygon","coordinates":[[[10.248332066922078,2.9519715129592097],[10.336281889903372,3.216907333231068],[10.064720548358718,3.198740597176011],[10.027867357137898,3.0627414093228333],[10.158449941380455,2.925457030447498],[10.248332066922078,2.9519715129592097]]]}},{"type":"Feature","id":850,"properties":{"cell_id":850,"site":[10.229678264135588,1.019211033091534],"area":0.15897175142149234},"geometry":{"type":"Polygon","coordinates":[[[10.4236182066401,1.1579381136066638],[10.260308747579167,1.29982116672402],[9.961377357681473,1.0976614572784653],[10.013026230172352,0.8575409930386274],[10.347800772178505,0.789727698243673],[10.4236182066401,1.1579381136066638]]]}},{"type":"Feature","id":851,"properties":{"cell_id":851,"site":[10.231619746772308,3.6860565630655344],"area":0.12420065646403769},"geometry":{"type":"Polygon","coordinates":[[[10.176502870091205,3.9893499840566187],[10.054891033765431,3.8995605419612955],[10.106711924080614,3.5283261916801973],[10.282809932168803,3.491627800744256],[10.477022811499202,3.6627472676022563],[10.176502870091205,3.9893499840566187]]]}},{"type":"Feature","id":852,"properties":{"cell_id":852,"site":[10.255084421689132,2.8071072921753517],"area":0.05302212297041379},"geometry":{"type":"Polygon","coordinates":[[[10.42053502257112,2.84381748153005],[10.248332066922076,2.9519715129592092],[10.158449941380454,2.9254570304474976],[10.106397076528019,2.806519984612553],[10.231163440516337,2.689896659443709],[10.340573043615999,2.699368192637246],[10.42053502257112,2.84381748153005]]]}},{"type":"Feature","id":853,"properties":{"cell_id":853,"site":[10.2636216984687,2.369305210494526],"area":0.03891465291784654},"geometry":{"type":"Polygon","coordinates":[[[10.35822668532299,2.232809557217806],[10.357219299769884,2.4394624521489376],[10.322656045883614,2.4710513322450383],[10.229364858911358,2.4760671688422495],[10.152873587802159,2.3873943955942485],[10.171658639523011,2.3012821362908307],[10.33782931184814,2.2196171862045744],[10.35822668532299,2.232809557217806]]]}},{"type":"Feature","id":854,"properties":{"cell_id":854,"site":[10.274871320982072,2.578540622558347],"area":0.03217065740647527},"geometry":{"type":"Polygon","coordinates":[[[10.369962920857425,2.6430288104850845],[10.340573043615999,2.699368192637246],[10.231163440516333,2.689896659443709],[10.174779561379378,2.57722874442686],[10.22936485891136,2.476067168842249],[10.322656045883612,2.4710513322450383],[10.369962920857425,2.6430288104850845]]]}},{"type":"Feature","id":855,"properties":{"cell_id":855,"site":[10.285938476815737,5.030403644165377],"area":0.19369350772568492},"geometry":{"type":"Polygon","coordinates":[[[10.544294917571515,5.149765117061787],[10.36929997075756,5.3076796561583635],[9.97796674945279,5.031279931296083],[10.07223554872444,4.8110143517667145],[10.236796115531348,4.754099080062729],[10.560081638639055,4.979193648865741],[10.544294917571515,5.149765117061787]]]}},{"type":"Feature","id":856,"properties":{"cell_id":856,"site":[10.30824536475917,7.708243678870624],"area":0.13775762606523323},"geometry":{"type":"Polygon","coordinates":[[[10.104625920952842,7.541515817147785],[10.283112925501326,7.469536751388221],[10.53927155581841,7.774471298601846],[10.465345074603265,8.0],[10.274708847740513,8.0],[10.104625920952842,7.541515817147785]]]}},{"type":"Feature","id":857,"properties":{"cell_id":857,"site":[10.31293217306794,0.19130736041354335],"area":0.15175034581444172},"geometry":{"type":"Polygon","coordinates":[[[10.53648374250391,0.24481365233883426],[10.307780445504475,0.43663680762127877],[10.14203637358539,0.37414796326372635],[10.096720077846944,0.0],[10.521423126397696,0.0],[10.53648374250391,0.24481365233883426]]]}},{"type":"Feature","id":858,"properties":{"cell_id":858,"site":[10.325715219072402,5.764660839132087],"area":0.23144076533860852},"geometry":{"type":"Polygon","coordinates":[[[10.5909400349511,5.690554369569658],[10.495714032146406,6.0605693738642445],[10.367133102944658,6.100543298210595],[10.096239710392952,5.931209349091089],[10.039851101124539,5.633677304855074],[10.341601496060472,5.466321855756068],[10.5909400349511,5.690554369569658]]]}},{"type":"Feature","id":859,"properties":{"cell_id":859,"site":[10.336101644935326,1.6930810188371401],"area":0.14520803565595816},"geometry":{"type":"Polygon","coordinates":[[[10.575841658338984,1.6172738848239279],[10.501539183434515,1.861560789423229],[10.353199214582428,1.9017979993693086],[10.091495138329815,1.7051125826235536],[10.064024408402066,1.6421693279508185],[10.261810346607172,1.42540979032876],[10.575841658338984,1.6172738848239279]]]}},{"type":"Feature","id":860,"properties":{"cell_id":860,"site":[10.38175713151108,3.008795705849518],"area":0.05710665848336546},"geometry":{"type":"Polygon","coordinates":[[[10.436033479845118,2.848376333301212],[10.513031724334144,2.9427439029093714],[10.387053248817402,3.2208322663214846],[10.352708644100039,3.228204660237207],[10.336281889903372,3.2169073332310694],[10.24833206692208,2.951971512959209],[10.42053502257112,2.8438174815300514],[10.436033479845118,2.848376333301212]]]}},{"type":"Feature","id":861,"properties":{"cell_id":861,"site":[10.418693641770222,2.5389785553760853],"area":0.03211984925424044},"geometry":{"type":"Polygon","coordinates":[[[10.548130935904908,2.571134457301778],[10.369962920857427,2.6430288104850828],[10.322656045883614,2.471051332245038],[10.357219299769886,2.4394624521489363],[10.564658076734123,2.479784049048912],[10.548130935904908,2.571134457301778]]]}},{"type":"Feature","id":862,"properties":{"cell_id":862,"site":[10.443914082330636,2.090546291069468],"area":0.10057211424880688},"geometry":{"type":"Polygon","coordinates":[[[10.681788495847432,2.0496504925757026],[10.52892306189103,2.228181751230425],[10.35822668532299,2.2328095572178053],[10.33782931184814,2.219617186204573],[10.278211678847086,2.0526365962584663],[10.353199214582428,1.9017979993693086],[10.501539183434517,1.8615607894232287],[10.681788495847432,2.0496504925757026]]]}},{"type":"Feature","id":863,"properties":{"cell_id":863,"site":[10.451496437513322,2.370221056836625],"area":0.04853066527442301},"geometry":{"type":"Polygon","coordinates":[[[10.602794555723971,2.4393562964272753],[10.564658076734121,2.479784049048912],[10.357219299769884,2.4394624521489368],[10.35822668532299,2.2328095572178053],[10.528923061891028,2.228181751230425],[10.602794555723971,2.4393562964272753]]]}},{"type":"Feature","id":864,"properties":{"cell_id":864,"site":[10.469245176518708,3.4163624145238716],"area":0.10603979451594771},"geometry":{"type":"Polygon","coordinates":[[[10.639042243973796,3.4545309140406952],[10.565845235681936,3.661859396307665],[10.477022811499198,3.662747267602254],[10.282809932168805,3.491627800744258],[10.352708644100039,3.2282046602372065],[10.387053248817402,3.220832266321484],[10.528845740983856,3.255363097757204],[10.639042243973796,3.4545309140406952]]]}},{"type":"Feature","id":865,"properties":{"cell_id":865,"site":[10.474171977499353,3.909238363136863],"area":0.1841988611790239},"geometry":{"type":"Polygon","coordinates":[[[10.661542974896518,3.7431659020978056],[10.703475364517866,4.041157377969128],[10.684657304671276,4.074608083435198],[10.279678259073092,4.201810721596464],[10.252572306973171,4.185043402895911],[10.176502870091205,3.989349984056619],[10.477022811499205,3.6627472676022537],[10.565845235681936,3.6618593963076647],[10.661542974896518,3.7431659020978056]]]}},{"type":"Feature","id":866,"properties":{"cell_id":866,"site":[10.477260517834829,2.684118522479732],"area":0.0418046494374566},"geometry":{"type":"Polygon","coordinates":[[[10.608157403012454,2.6960192592993764],[10.436033479845117,2.848376333301212],[10.420535022571121,2.8438174815300523],[10.340573043615999,2.6993681926372446],[10.369962920857427,2.6430288104850823],[10.548130935904906,2.5711344573017785],[10.608157403012454,2.6960192592993764]]]}},{"type":"Feature","id":867,"properties":{"cell_id":867,"site":[10.492438720990279,6.882577426330677],"area":0.17116755928004979},"geometry":{"type":"Polygon","coordinates":[[[10.743660922758009,6.8371298634007145],[10.688212133409795,7.01212347415038],[10.318603084970226,7.085482625593922],[10.266976329637972,7.039150568280174],[10.249313900067994,6.812880333395351],[10.413931995774025,6.635590406058949],[10.669844909241766,6.652060901721287],[10.743660922758009,6.8371298634007145]]]}},{"type":"Feature","id":868,"properties":{"cell_id":868,"site":[10.512985572002394,4.704313861867079],"area":0.17770271807211332},"geometry":{"type":"Polygon","coordinates":[[[10.779024778361576,4.800099805192539],[10.560081638639053,4.97919364886574],[10.23679611553135,4.75409908006273],[10.373999525221969,4.470971174620315],[10.76213107245456,4.568132150763802],[10.779024778361576,4.800099805192539]]]}},{"type":"Feature","id":869,"properties":{"cell_id":869,"site":[10.513902404515068,7.535482586038363],"area":0.10781615571132816},"geometry":{"type":"Polygon","coordinates":[[[10.68973076978753,7.657430992983808],[10.53927155581841,7.774471298601846],[10.283112925501324,7.469536751388219],[10.364596198875834,7.348803828894801],[10.647658685569121,7.385686884020952],[10.68973076978753,7.657430992983808]]]}},{"type":"Feature","id":870,"properties":{"cell_id":870,"site":[10.52345193525644,6.4007047382487245],"area":0.19833011328182001},"geometry":{"type":"Polygon","coordinates":[[[10.679528310649326,6.154388560500795],[10.716546376031555,6.583741510822018],[10.66984490924177,6.652060901721287],[10.413931995774023,6.635590406058949],[10.271274852057209,6.34057938780605],[10.36713310294466,6.100543298210594],[10.495714032146404,6.060569373864245],[10.679528310649326,6.154388560500795]]]}},{"type":"Feature","id":871,"properties":{"cell_id":871,"site":[10.533886439590828,1.3693590703938954],"area":0.18721193987722762},"geometry":{"type":"Polygon","coordinates":[[[10.796860739008805,1.2712849652975384],[10.803861601620063,1.5152215427486495],[10.575841658338986,1.6172738848239288],[10.26181034660717,1.425409790328759],[10.260308747579165,1.2998211667240218],[10.4236182066401,1.1579381136066638],[10.700568197946716,1.1666628640478849],[10.796860739008805,1.2712849652975384]]]}},{"type":"Feature","id":872,"properties":{"cell_id":872,"site":[10.546975361878468,0.9538770530919206],"area":0.1273104517310853},"geometry":{"type":"Polygon","coordinates":[[[10.743340959035526,0.9176662039420107],[10.700568197946716,1.166662864047885],[10.4236182066401,1.1579381136066642],[10.347800772178505,0.7897276982436718],[10.41134181264245,0.7131309372068937],[10.465329676151924,0.7135008576886145],[10.743340959035526,0.9176662039420107]]]}},{"type":"Feature","id":873,"properties":{"cell_id":873,"site":[10.549945141233067,3.0849875637359676],"area":0.05339260182761643},"geometry":{"type":"Polygon","coordinates":[[[10.653892986912775,3.1658963322171214],[10.528845740983861,3.2553630977572046],[10.387053248817402,3.2208322663214837],[10.513031724334144,2.9427439029093705],[10.629266920291162,2.9671718008567827],[10.653892986912775,3.1658963322171214]]]}},{"type":"Feature","id":874,"properties":{"cell_id":874,"site":[10.550261617824438,0.47426603873856527],"area":0.1303276733846555},"geometry":{"type":"Polygon","coordinates":[[[10.770185809205318,0.396763481586241],[10.763857993041412,0.507911832430949],[10.465329676151924,0.7135008576886147],[10.411341812642451,0.7131309372068939],[10.307780445504475,0.4366368076212783],[10.53648374250391,0.2448136523388336],[10.770185809205318,0.396763481586241]]]}},{"type":"Feature","id":875,"properties":{"cell_id":875,"site":[10.556753503586908,7.20661778296474],"area":0.12148594564778845},"geometry":{"type":"Polygon","coordinates":[[[10.728866970309031,7.091440931667132],[10.723894643427938,7.314248057242866],[10.647658685569123,7.385686884020952],[10.364596198875835,7.348803828894801],[10.318603084970224,7.085482625593923],[10.688212133409797,7.01212347415038],[10.728866970309031,7.091440931667132]]]}},{"type":"Feature","id":876,"properties":{"cell_id":876,"site":[10.604081056842277,2.8273927934984537],"area":0.0487395851803242},"geometry":{"type":"Polygon","coordinates":[[[10.679892405820606,2.938939846444439],[10.629266920291162,2.9671718008567827],[10.513031724334144,2.9427439029093705],[10.436033479845117,2.848376333301212],[10.608157403012454,2.696019259299377],[10.717997839888435,2.7309042688575054],[10.679892405820606,2.938939846444439]]]}},{"type":"Feature","id":877,"properties":{"cell_id":877,"site":[10.606529814431006,4.330630177432918],"area":0.18275846822876785},"geometry":{"type":"Polygon","coordinates":[[[10.86452615269755,4.439631755678255],[10.762131072454562,4.568132150763803],[10.373999525221967,4.470971174620315],[10.279678259073092,4.201810721596464],[10.684657304671276,4.074608083435197],[10.86452615269755,4.439631755678255]]]}},{"type":"Feature","id":878,"properties":{"cell_id":878,"site":[10.636588530016242,5.418980831302057],"area":0.2098468525194488},"geometry":{"type":"Polygon","coordinates":[[[10.93683117400264,5.362254509065551],[10.913012930981708,5.5859595553703345],[10.5909400349511,5.690554369569657],[10.341601496060473,5.466321855756068],[10.369299970757563,5.307679656158362],[10.544294917571513,5.149765117061791],[10.93683117400264,5.362254509065551]]]}},{"type":"Feature","id":879,"properties":{"cell_id":879,"site":[10.678006208861484,2.290985109333344],"area":0.08485059012098693},"geometry":{"type":"Polygon","coordinates":[[[10.858336465943536,2.249585178489482],[10.853232912681303,2.3377942414850206],[10.744881052405445,2.4380942813634707],[10.602794555723971,2.4393562964272775],[10.528923061891028,2.2281817512304256],[10.68178849584743,2.0496504925757026],[10.703766775536575,2.05217242320721],[10.858336465943536,2.249585178489482]]]}},{"type":"Feature","id":880,"properties":{"cell_id":880,"site":[10.6806298065651,2.586368117903779],"area":0.058350593398251605},"geometry":{"type":"Polygon","coordinates":[[[10.814908786308274,2.6431805178788936],[10.790423030880213,2.7020304695003734],[10.717997839888435,2.730904268857505],[10.608157403012452,2.6960192592993764],[10.548130935904906,2.5711344573017794],[10.564658076734123,2.4797840490489103],[10.60279455572397,2.439356296427277],[10.744881052405447,2.4380942813634703],[10.814908786308274,2.6431805178788936]]]}},{"type":"Feature","id":881,"properties":{"cell_id":881,"site":[10.69690966678518,3.290399138174831],"area":0.05789303506427475},"geometry":{"type":"Polygon","coordinates":[[[10.82776163804138,3.261637761455198],[10.834454118689417,3.3748705179231173],[10.639042243973797,3.4545309140406957],[10.528845740983858,3.2553630977572054],[10.653892986912776,3.1658963322171187],[10.755053998516157,3.1827483002503367],[10.82776163804138,3.261637761455198]]]}},{"type":"Feature","id":882,"properties":{"cell_id":882,"site":[10.71912324603817,0.7194638434107008],"area":0.10567308301108579},"geometry":{"type":"Polygon","coordinates":[[[10.97539990286719,0.7578172071455234],[10.975150756232637,0.7641657951998895],[10.743340959035526,0.91766620394201],[10.465329676151924,0.7135008576886142],[10.76385799304141,0.5079118324309502],[10.97539990286719,0.7578172071455234]]]}},{"type":"Feature","id":883,"properties":{"cell_id":883,"site":[10.73276936091601,1.813731747374604],"area":0.16885070545872824},"geometry":{"type":"Polygon","coordinates":[[[10.954964318637286,1.6244540384759965],[10.986811844237659,1.8336396662738148],[10.703766775536577,2.0521724232072103],[10.681788495847433,2.049650492575703],[10.501539183434517,1.8615607894232271],[10.575841658338984,1.6172738848239294],[10.803861601620062,1.5152215427486502],[10.954964318637286,1.6244540384759965]]]}},{"type":"Feature","id":884,"properties":{"cell_id":884,"site":[10.734947350484838,3.0620619757424112],"area":0.03582190870543771},"geometry":{"type":"Polygon","coordinates":[[[10.83524402699229,3.0345547135314863],[10.755053998516157,3.182748300250337],[10.653892986912773,3.1658963322171187],[10.62926692029116,2.967171800856783],[10.679892405820606,2.9389398464444385],[10.808890932214975,2.974555112673818],[10.83524402699229,3.0345547135314863]]]}},{"type":"Feature","id":885,"properties":{"cell_id":885,"site":[10.75179115394919,0.1643093291654008],"area":0.14102399980411856},"geometry":{"type":"Polygon","coordinates":[[[10.960835536095669,0.2667233325055561],[10.770185809205316,0.39676348158624064],[10.536483742503908,0.24481365233883245],[10.521423126397696,0.0],[10.968069523111616,0.0],[10.960835536095669,0.2667233325055561]]]}},{"type":"Feature","id":886,"properties":{"cell_id":886,"site":[10.76467343327302,7.857857102013092],"area":0.16297644813718934},"geometry":{"type":"Polygon","coordinates":[[[10.53927155581841,7.774471298601846],[10.68973076978753,7.657430992983808],[10.942115091263172,7.695494593431391],[11.079537762512478,7.875163990869358],[11.091490541774673,8.0],[10.465345074603265,8.0],[10.53927155581841,7.774471298601846]]]}},{"type":"Feature","id":887,"properties":{"cell_id":887,"site":[10.787439920688335,5.8834889872362375],"area":0.23328535928687572},"geometry":{"type":"Polygon","coordinates":[[[11.099664786708706,5.785777976247646],[10.946792062063885,6.106069146453665],[10.679528310649326,6.154388560500795],[10.495714032146406,6.060569373864246],[10.5909400349511,5.690554369569657],[10.913012930981708,5.5859595553703345],[11.099664786708706,5.785777976247646]]]}},{"type":"Feature","id":888,"properties":{"cell_id":888,"site":[10.790319055194152,2.861505611360852],"area":0.03905487216741505},"geometry":{"type":"Polygon","coordinates":[[[10.872328384625359,2.7821369517016126],[10.881782718337407,2.892236332030075],[10.808890932214975,2.974555112673818],[10.679892405820606,2.9389398464444385],[10.717997839888435,2.730904268857505],[10.790423030880211,2.7020304695003743],[10.872328384625359,2.7821369517016126]]]}},{"type":"Feature","id":889,"properties":{"cell_id":889,"site":[10.795166130655634,3.531428316331479],"area":0.09880505616081886},"geometry":{"type":"Polygon","coordinates":[[[10.936129152898662,3.440605238223288],[10.97046528859518,3.5160701363730675],[10.90593500747574,3.672595544493126],[10.661542974896514,3.743165902097804],[10.565845235681934,3.6618593963076647],[10.639042243973792,3.4545309140406975],[10.834454118689417,3.374870517923117],[10.936129152898662,3.440605238223288]]]}},{"type":"Feature","id":890,"properties":{"cell_id":890,"site":[10.820169481869675,5.079847762525926],"area":0.1986443281472182},"geometry":{"type":"Polygon","coordinates":[[[11.07251853329589,5.227531333680907],[10.936831174002638,5.36225450906555],[10.544294917571515,5.149765117061792],[10.560081638639055,4.9791936488657385],[10.779024778361574,4.8000998051925405],[11.058454455339483,4.94094753743269],[11.07251853329589,5.227531333680907]]]}},{"type":"Feature","id":891,"properties":{"cell_id":891,"site":[10.820450483695886,7.488022066457973],"area":0.10260607753530443},"geometry":{"type":"Polygon","coordinates":[[[10.942115091263172,7.69549459343139],[10.68973076978753,7.657430992983807],[10.647658685569121,7.385686884020954],[10.723894643427942,7.314248057242861],[11.015131070802832,7.394246835735454],[10.942115091263172,7.69549459343139]]]}},{"type":"Feature","id":892,"properties":{"cell_id":892,"site":[10.867081561191156,3.133562007247238],"area":0.026991047580058734},"geometry":{"type":"Polygon","coordinates":[[[10.94935047016146,3.1806988101097966],[10.82776163804138,3.261637761455198],[10.755053998516157,3.1827483002503363],[10.835244026992289,3.0345547135314876],[10.929737402884038,3.069028260183368],[10.94935047016146,3.1806988101097966]]]}},{"type":"Feature","id":893,"properties":{"cell_id":893,"site":[10.87546189450416,6.3703550511745375],"area":0.15266255522477434},"geometry":{"type":"Polygon","coordinates":[[[11.123474532887501,6.3232204892297785],[11.05915463141348,6.498062487278559],[10.716546376031555,6.583741510822016],[10.679528310649326,6.154388560500796],[10.946792062063885,6.106069146453666],[11.123474532887501,6.3232204892297785]]]}},{"type":"Feature","id":894,"properties":{"cell_id":894,"site":[10.886399046067288,2.5161071691727668],"area":0.05561719294846734},"geometry":{"type":"Polygon","coordinates":[[[11.031929776151712,2.4655625526277394],[11.035561041915683,2.5663637216241937],[10.814908786308273,2.643180517878891],[10.744881052405447,2.43809428136347],[10.853232912681305,2.3377942414850192],[11.031929776151712,2.4655625526277394]]]}},{"type":"Feature","id":895,"properties":{"cell_id":895,"site":[10.887468554797556,3.8510806153094683],"area":0.11808958061762322},"geometry":{"type":"Polygon","coordinates":[[[11.109457882619695,3.872026646737528],[11.12025145249361,3.911134702993132],[11.109298617412174,3.980061705945252],[10.703475364517864,4.041157377969132],[10.661542974896516,3.743165902097803],[10.90593500747574,3.672595544493126],[11.109457882619695,3.872026646737528]]]}},{"type":"Feature","id":896,"properties":{"cell_id":896,"site":[10.895670901971974,7.214181311671936],"area":0.09136788018722865},"geometry":{"type":"Polygon","coordinates":[[[11.12029585613187,7.319796001079815],[11.01513107080283,7.394246835735455],[10.723894643427938,7.314248057242861],[10.72886697030903,7.091440931667137],[11.098727723601757,7.142965662676317],[11.12029585613187,7.319796001079815]]]}},{"type":"Feature","id":897,"properties":{"cell_id":897,"site":[10.916365757079948,1.0173311055106815],"area":0.155411929356842},"geometry":{"type":"Polygon","coordinates":[[[11.245450786031496,1.0732713416983097],[10.796860739008803,1.271284965297536],[10.700568197946716,1.1666628640478856],[10.743340959035528,0.9176662039420096],[10.975150756232637,0.7641657951998901],[11.245450786031496,1.0732713416983097]]]}},{"type":"Feature","id":898,"properties":{"cell_id":898,"site":[10.922866392737712,7.0189635103603845],"area":0.08561307242052615},"geometry":{"type":"Polygon","coordinates":[[[11.116458807679841,7.095040959692122],[11.098727723601758,7.142965662676318],[10.728866970309033,7.091440931667138],[10.688212133409795,7.012123474150376],[10.743660922758009,6.8371298634007145],[10.938279992864038,6.857896814717972],[11.116458807679841,7.095040959692122]]]}},{"type":"Feature","id":899,"properties":{"cell_id":899,"site":[10.923357130313939,2.979308412154751],"area":0.022920043522234975},"geometry":{"type":"Polygon","coordinates":[[[10.999999939515599,3.0215064236574602],[10.929737402884038,3.069028260183368],[10.83524402699229,3.034554713531488],[10.808890932214975,2.974555112673818],[10.881782718337409,2.892236332030074],[10.986942419921904,2.9264952323014746],[10.999999939515599,3.0215064236574602]]]}},{"type":"Feature","id":900,"properties":{"cell_id":900,"site":[10.935275936632696,4.168637433427677],"area":0.1440156141574976},"geometry":{"type":"Polygon","coordinates":[[[11.14530331467842,4.043164618818508],[11.072681245813454,4.400727548211343],[10.864526152697549,4.439631755678252],[10.684657304671276,4.074608083435198],[10.703475364517864,4.041157377969132],[11.109298617412172,3.980061705945252],[11.14530331467842,4.043164618818508]]]}},{"type":"Feature","id":901,"properties":{"cell_id":901,"site":[10.941786030900047,2.0844515174699154],"area":0.11489337651695097},"geometry":{"type":"Polygon","coordinates":[[[11.167427038835378,1.980902449473447],[11.17630915436248,2.1222827339330546],[10.858336465943538,2.2495851784894816],[10.703766775536577,2.0521724232072103],[10.986811844237657,1.8336396662738155],[11.167427038835378,1.980902449473447]]]}},{"type":"Feature","id":902,"properties":{"cell_id":902,"site":[10.949856547443053,2.698385544430012],"area":0.042170400780432174},"geometry":{"type":"Polygon","coordinates":[[[11.063610543721733,2.5999368053796275],[11.07351990901537,2.708672694654791],[11.037327770157317,2.7633912890419294],[10.87232838462536,2.7821369517016135],[10.790423030880213,2.702030469500375],[10.814908786308276,2.64318051787889],[11.035561041915683,2.5663637216241946],[11.063610543721733,2.5999368053796275]]]}},{"type":"Feature","id":903,"properties":{"cell_id":903,"site":[10.957199917243347,6.697204263628941],"area":0.11838754295182148},"geometry":{"type":"Polygon","coordinates":[[[11.164843683228392,6.691499018099275],[10.93827999286404,6.857896814717972],[10.74366092275801,6.837129863400715],[10.669844909241768,6.652060901721289],[10.716546376031557,6.583741510822016],[11.05915463141348,6.498062487278559],[11.164843683228392,6.691499018099275]]]}},{"type":"Feature","id":904,"properties":{"cell_id":904,"site":[10.961090568964714,3.2747850559024623],"area":0.04242546071862829},"geometry":{"type":"Polygon","coordinates":[[[11.099594740795979,3.253958604424351],[10.936129152898662,3.4406052382232883],[10.834454118689417,3.3748705179231164],[10.82776163804138,3.2616377614551983],[10.94935047016146,3.1806988101097966],[11.062478332306904,3.2143737096976883],[11.099594740795979,3.253958604424351]]]}},{"type":"Feature","id":905,"properties":{"cell_id":905,"site":[10.966668265672423,2.8463623446072726],"area":0.022733055459694604},"geometry":{"type":"Polygon","coordinates":[[[11.055234352449792,2.8690531564487065],[10.986942419921906,2.926495232301475],[10.881782718337407,2.8922363320300732],[10.872328384625359,2.782136951701613],[11.037327770157315,2.763391289041929],[11.055234352449792,2.8690531564487065]]]}},{"type":"Feature","id":906,"properties":{"cell_id":906,"site":[10.979892856020873,0.4987254884102556],"area":0.13378585321451866},"geometry":{"type":"Polygon","coordinates":[[[11.256577924513037,0.46139699405810924],[10.97539990286719,0.7578172071455231],[10.763857993041412,0.5079118324309508],[10.770185809205318,0.3967634815862405],[10.960835536095667,0.2667233325055575],[11.247638901882159,0.44011101361981847],[11.256577924513037,0.46139699405810924]]]}},{"type":"Feature","id":907,"properties":{"cell_id":907,"site":[11.01063363566041,3.108349482582193],"area":0.02063852742977631},"geometry":{"type":"Polygon","coordinates":[[[11.062478332306906,3.214373709697688],[10.949350470161463,3.1806988101097966],[10.929737402884038,3.0690282601833685],[10.9999999395156,3.0215064236574594],[11.074747685849037,3.0476331414896487],[11.062478332306906,3.214373709697688]]]}},{"type":"Feature","id":908,"properties":{"cell_id":908,"site":[11.028378624661306,4.666778893125073],"area":0.20460228696086183},"geometry":{"type":"Polygon","coordinates":[[[11.281905314147277,4.779669106369091],[11.058454455339481,4.940947537432689],[10.779024778361574,4.8000998051925405],[10.762131072454558,4.568132150763805],[10.864526152697554,4.439631755678251],[11.072681245813452,4.400727548211343],[11.233078424193824,4.499101167320887],[11.281905314147277,4.779669106369091]]]}},{"type":"Feature","id":909,"properties":{"cell_id":909,"site":[11.032688837018782,2.311506149037401],"area":0.07129746467522886},"geometry":{"type":"Polygon","coordinates":[[[11.184621086293502,2.1343417501462616],[11.17543575121932,2.3560596548241057],[11.031929776151712,2.4655625526277385],[10.853232912681305,2.3377942414850184],[10.858336465943536,2.2495851784894816],[11.176309154362478,2.122282733933055],[11.184621086293502,2.1343417501462616]]]}},{"type":"Feature","id":910,"properties":{"cell_id":910,"site":[11.062417597751372,2.960197139552461],"area":0.018688135896630997},"geometry":{"type":"Polygon","coordinates":[[[11.125859189370306,2.9034125557455255],[11.118504226342589,3.028983348098722],[11.074747685849037,3.0476331414896487],[10.999999939515599,3.021506423657459],[10.986942419921904,2.926495232301477],[11.055234352449794,2.8690531564487065],[11.125859189370306,2.9034125557455255]]]}},{"type":"Feature","id":911,"properties":{"cell_id":911,"site":[11.065026917392949,1.3541155937852434],"area":0.21712022252147137},"geometry":{"type":"Polygon","coordinates":[[[11.253333800168866,1.0754378033301153],[11.37103472763989,1.1827679124348291],[11.349800975985415,1.4619790420761998],[10.954964318637284,1.6244540384759947],[10.803861601620065,1.5152215427486517],[10.796860739008807,1.2712849652975344],[11.245450786031498,1.073271341698309],[11.253333800168866,1.0754378033301153]]]}},{"type":"Feature","id":912,"properties":{"cell_id":912,"site":[11.084008279544257,3.6505084407073847],"area":0.0699021221483945},"geometry":{"type":"Polygon","coordinates":[[[11.227491592026631,3.6018428658507693],[11.109457882619697,3.872026646737529],[10.90593500747574,3.6725955444931255],[10.97046528859518,3.5160701363730653],[11.184267777451502,3.5270746007563503],[11.227491592026631,3.6018428658507693]]]}},{"type":"Feature","id":913,"properties":{"cell_id":913,"site":[11.097210852963855,3.3939995404917673],"area":0.049286631130538695},"geometry":{"type":"Polygon","coordinates":[[[11.21785781978905,3.451019084785834],[11.184267777451502,3.5270746007563503],[10.97046528859518,3.5160701363730653],[10.936129152898662,3.4406052382232897],[11.099594740795979,3.2539586044243505],[11.136427092344166,3.2582245548533826],[11.21785781978905,3.451019084785834]]]}},{"type":"Feature","id":914,"properties":{"cell_id":914,"site":[11.09727200986121,6.8879234369920495],"area":0.09279389269994974},"geometry":{"type":"Polygon","coordinates":[[[11.345749750864394,6.915448981277504],[11.11645880767984,7.095040959692121],[10.938279992864038,6.857896814717973],[11.164843683228392,6.691499018099274],[11.302720021675677,6.760625539847815],[11.345749750864394,6.915448981277504]]]}},{"type":"Feature","id":915,"properties":{"cell_id":915,"site":[11.12928385977724,3.1170801805952055],"area":0.024260625047851096},"geometry":{"type":"Polygon","coordinates":[[[11.153796420719338,3.2472009635531327],[11.136427092344167,3.2582245548533826],[11.099594740795977,3.2539586044243505],[11.062478332306906,3.214373709697689],[11.074747685849038,3.0476331414896483],[11.11850422634259,3.0289833480987216],[11.214782034300951,3.0630025251280864],[11.153796420719338,3.2472009635531327]]]}},{"type":"Feature","id":916,"properties":{"cell_id":916,"site":[11.131379045677386,2.8184487064234776],"area":0.026153728836640147},"geometry":{"type":"Polygon","coordinates":[[[11.227817590472323,2.7758245626662457],[11.223076901134112,2.870176840762946],[11.125859189370308,2.903412555745527],[11.055234352449794,2.8690531564487074],[11.037327770157317,2.7633912890419303],[11.07351990901537,2.708672694654792],[11.227817590472323,2.7758245626662457]]]}},{"type":"Feature","id":917,"properties":{"cell_id":917,"site":[11.145271111530707,7.56675160289484],"area":0.155690716079416},"geometry":{"type":"Polygon","coordinates":[[[11.455356567746543,7.485631634170063],[11.079537762512476,7.875163990869356],[10.942115091263174,7.695494593431391],[11.015131070802834,7.3942468357354505],[11.120295856131868,7.319796001079815],[11.44574823942958,7.455052079678432],[11.455356567746543,7.485631634170063]]]}},{"type":"Feature","id":918,"properties":{"cell_id":918,"site":[11.175123801987112,0.17579082518063782],"area":0.13703809345560164},"geometry":{"type":"Polygon","coordinates":[[[11.247638901882159,0.4401110136198185],[10.960835536095669,0.2667233325055589],[10.968069523111616,0.0],[11.414149596332654,0.0],[11.247638901882159,0.4401110136198185]]]}},{"type":"Feature","id":919,"properties":{"cell_id":919,"site":[11.180720199326066,2.5055045309486115],"area":0.05115272117539254},"geometry":{"type":"Polygon","coordinates":[[[11.343762853310537,2.486123554813173],[11.291660437731737,2.5831481956083286],[11.063610543721733,2.599936805379627],[11.035561041915683,2.566363721624194],[11.031929776151712,2.4655625526277376],[11.175435751219322,2.356059654824104],[11.343762853310537,2.486123554813173]]]}},{"type":"Feature","id":920,"properties":{"cell_id":920,"site":[11.182237712257646,2.9672152724769694],"area":0.01833723525759154},"geometry":{"type":"Polygon","coordinates":[[[11.243973954547306,2.8907657418973014],[11.225074424766463,3.0592752977917015],[11.21478203430095,3.063002525128086],[11.11850422634259,3.0289833480987216],[11.125859189370308,2.9034125557455273],[11.223076901134114,2.8701768407629467],[11.243973954547306,2.8907657418973014]]]}},{"type":"Feature","id":921,"properties":{"cell_id":921,"site":[11.193286569410462,2.676201176166751],"area":0.03556951707240755},"geometry":{"type":"Polygon","coordinates":[[[11.314939694425902,2.70334045228337],[11.227817590472323,2.775824562666245],[11.07351990901537,2.7086726946547923],[11.063610543721731,2.5999368053796266],[11.291660437731732,2.5831481956083286],[11.314939694425902,2.70334045228337]]]}},{"type":"Feature","id":922,"properties":{"cell_id":922,"site":[11.21839880547822,5.480927125147161],"area":0.22292340638992308},"geometry":{"type":"Polygon","coordinates":[[[11.520589474343247,5.477550981436529],[11.14923027501629,5.785642683978394],[11.099664786708706,5.785777976247648],[10.913012930981708,5.585959555370335],[10.936831174002641,5.362254509065546],[11.07251853329589,5.227531333680908],[11.470158362389213,5.312466456904371],[11.520589474343247,5.477550981436529]]]}},{"type":"Feature","id":923,"properties":{"cell_id":923,"site":[11.220061244836259,6.089976104940429],"area":0.19376473030090074},"geometry":{"type":"Polygon","coordinates":[[[11.533253438339228,6.078978072015655],[11.431521635934338,6.278966666569464],[11.123474532887501,6.323220489229778],[10.946792062063885,6.106069146453665],[11.099664786708706,5.785777976247648],[11.14923027501629,5.785642683978394],[11.533253438339228,6.078978072015655]]]}},{"type":"Feature","id":924,"properties":{"cell_id":924,"site":[11.223419947086887,1.7390325088637333],"area":0.18728102992299084},"geometry":{"type":"Polygon","coordinates":[[[11.540667577799391,1.6996806760541447],[11.518282382632359,1.7803541408315602],[11.167427038835378,1.9809024494734464],[10.98681184423766,1.8336396662738172],[10.954964318637286,1.6244540384759942],[11.349800975985413,1.4619790420762007],[11.540667577799391,1.6996806760541447]]]}},{"type":"Feature","id":925,"properties":{"cell_id":925,"site":[11.233894059460928,0.7396657236764563],"area":0.15391400284856158},"geometry":{"type":"Polygon","coordinates":[[[11.253333800168868,1.0754378033301153],[11.245450786031494,1.073271341698308],[10.975150756232635,0.7641657951998901],[10.975399902867188,0.7578172071455243],[11.256577924513037,0.4613969940581098],[11.471649962800162,0.577647362940546],[11.253333800168868,1.0754378033301153]]]}},{"type":"Feature","id":926,"properties":{"cell_id":926,"site":[11.25111637827477,3.157417280943581],"area":0.025530999079005575},"geometry":{"type":"Polygon","coordinates":[[[11.294480413092717,3.073327350213593],[11.360095495557774,3.167307158880418],[11.312385736660536,3.2377399630285835],[11.153796420719338,3.247200963553132],[11.214782034300953,3.063002525128086],[11.225074424766467,3.0592752977917015],[11.294480413092717,3.073327350213593]]]}},{"type":"Feature","id":927,"properties":{"cell_id":927,"site":[11.26110061677143,3.3247773343830307],"area":0.03159998743799071},"geometry":{"type":"Polygon","coordinates":[[[11.37052013990151,3.3818803286361776],[11.21785781978905,3.451019084785833],[11.136427092344166,3.2582245548533826],[11.153796420719338,3.247200963553132],[11.312385736660536,3.2377399630285835],[11.37052013990151,3.3818803286361776]]]}},{"type":"Feature","id":928,"properties":{"cell_id":928,"site":[11.28181548811145,6.519842150361905],"area":0.14997350131035714},"geometry":{"type":"Polygon","coordinates":[[[11.531430258262098,6.514317584692555],[11.302720021675675,6.760625539847814],[11.16484368322839,6.6914990180992735],[11.05915463141348,6.498062487278559],[11.123474532887501,6.323220489229777],[11.431521635934338,6.278966666569463],[11.531430258262098,6.514317584692555]]]}},{"type":"Feature","id":929,"properties":{"cell_id":929,"site":[11.287240641077846,2.9789920881583103],"area":0.01964285099336567},"geometry":{"type":"Polygon","coordinates":[[[11.386410347773745,2.9607861268625415],[11.294480413092717,3.0733273502135936],[11.225074424766463,3.059275297791701],[11.243973954547304,2.890765741897304],[11.366607382336134,2.916947411934602],[11.386410347773745,2.9607861268625415]]]}},{"type":"Feature","id":930,"properties":{"cell_id":930,"site":[11.289278441437586,3.7401836927129315],"area":0.05833660251637212},"geometry":{"type":"Polygon","coordinates":[[[11.441570317690049,3.788653370672486],[11.120251452493608,3.911134702993132],[11.109457882619695,3.872026646737531],[11.227491592026633,3.6018428658507666],[11.390876550067928,3.637472398200521],[11.441570317690049,3.788653370672486]]]}},{"type":"Feature","id":931,"properties":{"cell_id":931,"site":[11.28974094567578,4.240630305677213],"area":0.14171245412736663},"geometry":{"type":"Polygon","coordinates":[[[11.540679667261108,4.255244113215067],[11.525570385378213,4.336778908415273],[11.233078424193824,4.4991011673208865],[11.072681245813454,4.400727548211343],[11.145303314678422,4.043164618818507],[11.43583739423872,4.108253289603605],[11.540679667261108,4.255244113215067]]]}},{"type":"Feature","id":932,"properties":{"cell_id":932,"site":[11.309194721698676,5.055848886156624],"area":0.21165947257082968},"geometry":{"type":"Polygon","coordinates":[[[11.613226889635854,5.052845089535102],[11.470158362389212,5.31246645690437],[11.072518533295892,5.227531333680908],[11.058454455339483,4.940947537432688],[11.281905314147277,4.779669106369091],[11.52124167052018,4.868226045984149],[11.613226889635854,5.052845089535102]]]}},{"type":"Feature","id":933,"properties":{"cell_id":933,"site":[11.312949205767366,7.16328555566392],"area":0.15500089474482592},"geometry":{"type":"Polygon","coordinates":[[[11.526708751579244,7.285440598676113],[11.445748239429578,7.455052079678432],[11.12029585613187,7.3197960010798155],[11.098727723601758,7.1429656626763185],[11.116458807679841,7.095040959692121],[11.345749750864393,6.915448981277505],[11.462164723000642,6.982869550088281],[11.526708751579244,7.285440598676113]]]}},{"type":"Feature","id":934,"properties":{"cell_id":934,"site":[11.319497962683533,2.8279006599126433],"area":0.030729128138608},"geometry":{"type":"Polygon","coordinates":[[[11.366607382336134,2.916947411934602],[11.243973954547307,2.8907657418973045],[11.223076901134114,2.870176840762947],[11.227817590472325,2.7758245626662426],[11.314939694425904,2.703340452283368],[11.4394553093372,2.765972250042267],[11.366607382336134,2.916947411934602]]]}},{"type":"Feature","id":935,"properties":{"cell_id":935,"site":[11.321378719940135,2.3234660009537893],"area":0.08062030800795987},"geometry":{"type":"Polygon","coordinates":[[[11.483373142525272,2.4426600929688567],[11.343762853310537,2.4861235548131724],[11.175435751219322,2.3560596548241035],[11.184621086293504,2.1343417501462625],[11.493457586965334,2.2298201442412022],[11.483373142525272,2.4426600929688567]]]}},{"type":"Feature","id":936,"properties":{"cell_id":936,"site":[11.34126589620222,3.50178684730915],"area":0.04712529479061784},"geometry":{"type":"Polygon","coordinates":[[[11.455556439648717,3.5578181644905587],[11.39087655006793,3.6374723982005217],[11.22749159202663,3.601842865850766],[11.184267777451502,3.527074600756352],[11.21785781978905,3.4510190847858335],[11.37052013990151,3.3818803286361785],[11.407334382572847,3.3925138341791907],[11.455556439648717,3.5578181644905587]]]}},{"type":"Feature","id":937,"properties":{"cell_id":937,"site":[11.360183708954366,3.9261973460858166],"area":0.08449514700204723},"geometry":{"type":"Polygon","coordinates":[[[11.519383174493813,3.869796167089979],[11.435837394238723,4.108253289603605],[11.14530331467842,4.043164618818507],[11.109298617412174,3.9800617059452534],[11.12025145249361,3.911134702993132],[11.44157031769005,3.7886533706724856],[11.498967518931737,3.825845168960273],[11.519383174493813,3.869796167089979]]]}},{"type":"Feature","id":938,"properties":{"cell_id":938,"site":[11.385397317419054,7.798424125729736],"area":0.1827708690217334},"geometry":{"type":"Polygon","coordinates":[[[11.079537762512478,7.875163990869355],[11.455356567746541,7.485631634170065],[11.582144201586217,7.596589471742184],[11.608038013733953,8.0],[11.091490541774673,8.0],[11.079537762512478,7.875163990869355]]]}},{"type":"Feature","id":939,"properties":{"cell_id":939,"site":[11.388362733695391,3.061594241327929],"area":0.024301794572671197},"geometry":{"type":"Polygon","coordinates":[[[11.468424731991924,2.999618632320596],[11.486831555273541,3.0684038007034267],[11.407785243552253,3.1622993405742066],[11.360095495557774,3.1673071588804187],[11.294480413092717,3.073327350213594],[11.386410347773747,2.960786126862541],[11.468424731991924,2.999618632320596]]]}},{"type":"Feature","id":940,"properties":{"cell_id":940,"site":[11.40425353063179,2.0553973266692105],"area":0.13247389788735198},"geometry":{"type":"Polygon","coordinates":[[[11.646488239936323,2.0941779822616278],[11.493457586965333,2.229820144241202],[11.184621086293504,2.1343417501462625],[11.17630915436248,2.1222827339330577],[11.167427038835378,1.9809024494734462],[11.518282382632359,1.7803541408315602],[11.646488239936323,2.0941779822616278]]]}},{"type":"Feature","id":941,"properties":{"cell_id":941,"site":[11.409705464929592,3.2648423249914966],"area":0.03031095632879973},"geometry":{"type":"Polygon","coordinates":[[[11.512110562046416,3.266676531234926],[11.517865945958311,3.308869114150908],[11.509442483506405,3.330407111376992],[11.407334382572849,3.3925138341791916],[11.37052013990151,3.381880328636179],[11.312385736660536,3.2377399630285835],[11.360095495557774,3.1673071588804187],[11.40778524355225,3.162299340574207],[11.512110562046416,3.266676531234926]]]}},{"type":"Feature","id":942,"properties":{"cell_id":942,"site":[11.417662864890268,2.6327431904107867],"area":0.05948396525313},"geometry":{"type":"Polygon","coordinates":[[[11.534982609347928,2.4845645182243152],[11.51675852252487,2.7356048427731006],[11.499587400879873,2.755115738840824],[11.439455309337198,2.765972250042267],[11.314939694425902,2.7033404522833675],[11.291660437731736,2.5831481956083326],[11.343762853310539,2.4861235548131715],[11.483373142525272,2.4426600929688562],[11.534982609347928,2.4845645182243152]]]}},{"type":"Feature","id":943,"properties":{"cell_id":943,"site":[11.461477785388618,5.77392305657921],"area":0.17692414181689714},"geometry":{"type":"Polygon","coordinates":[[[11.567523968764972,6.06396816118272],[11.533253438339228,6.078978072015656],[11.14923027501629,5.785642683978395],[11.520589474343248,5.477550981436529],[11.711291259672846,5.606048688345816],[11.567523968764972,6.06396816118272]]]}},{"type":"Feature","id":944,"properties":{"cell_id":944,"site":[11.465627613785072,2.898410550564242],"area":0.03039456750379096},"geometry":{"type":"Polygon","coordinates":[[[11.570965359142019,2.907610406989507],[11.468424731991925,2.9996186323205967],[11.386410347773745,2.9607861268625406],[11.366607382336134,2.9169474119346024],[11.4394553093372,2.7659722500422665],[11.499587400879872,2.755115738840824],[11.570965359142019,2.907610406989507]]]}},{"type":"Feature","id":945,"properties":{"cell_id":945,"site":[11.476954752519218,0.2899849253609354],"area":0.15329953529957396},"geometry":{"type":"Polygon","coordinates":[[[11.65356068243464,0.2212575438450591],[11.553438922303144,0.5724232053136762],[11.47164996280016,0.5776473629405462],[11.256577924513035,0.46139699405810974],[11.247638901882159,0.4401110136198194],[11.414149596332654,0.0],[11.53978595916874,0.0],[11.65356068243464,0.2212575438450591]]]}},{"type":"Feature","id":946,"properties":{"cell_id":946,"site":[11.482389538018175,4.5877679377773415],"area":0.1635452337480056},"geometry":{"type":"Polygon","coordinates":[[[11.521241670520183,4.868226045984151],[11.281905314147277,4.7796691063690915],[11.233078424193824,4.4991011673208865],[11.525570385378213,4.336778908415272],[11.729722280987234,4.5740340564044715],[11.521241670520183,4.868226045984151]]]}},{"type":"Feature","id":947,"properties":{"cell_id":947,"site":[11.510327260773844,3.1642705350012057],"area":0.02140444816963861},"geometry":{"type":"Polygon","coordinates":[[[11.609426405118109,3.1256158632681155],[11.60859165727986,3.1349506388593564],[11.512110562046415,3.2666765312349257],[11.40778524355225,3.162299340574208],[11.486831555273543,3.0684038007034253],[11.600533816851383,3.1124038676073673],[11.609426405118109,3.1256158632681155]]]}},{"type":"Feature","id":948,"properties":{"cell_id":948,"site":[11.51351041329336,0.8622971854817053],"area":0.1747721039369634},"geometry":{"type":"Polygon","coordinates":[[[11.739207434867822,0.8090817727143851],[11.588879809790573,1.1282781012969239],[11.371034727639888,1.1827679124348283],[11.253333800168866,1.0754378033301157],[11.471649962800162,0.5776473629405461],[11.553438922303142,0.5724232053136763],[11.558149541652902,0.5748661123685787],[11.739207434867822,0.8090817727143851]]]}},{"type":"Feature","id":949,"properties":{"cell_id":949,"site":[11.521793737947704,3.449123835565679],"area":0.03104681498972951},"geometry":{"type":"Polygon","coordinates":[[[11.612502460679488,3.4398885257459284],[11.573889530321052,3.550989880071147],[11.455556439648715,3.5578181644905564],[11.407334382572847,3.3925138341791907],[11.509442483506406,3.3304071113769895],[11.612502460679488,3.4398885257459284]]]}},{"type":"Feature","id":950,"properties":{"cell_id":950,"site":[11.533856645089482,3.658172111370151],"area":0.04544047251370105},"geometry":{"type":"Polygon","coordinates":[[[11.62727317814202,3.600680567349448],[11.639312349130297,3.6799892519411617],[11.498967518931737,3.8258451689602717],[11.441570317690049,3.788653370672484],[11.390876550067928,3.637472398200522],[11.455556439648717,3.557818164490557],[11.57388953032105,3.550989880071148],[11.62727317814202,3.600680567349448]]]}},{"type":"Feature","id":951,"properties":{"cell_id":951,"site":[11.544390150187908,6.7636569027001],"area":0.1355631669589731},"geometry":{"type":"Polygon","coordinates":[[[11.709327843657249,6.885221110201903],[11.462164723000642,6.982869550088281],[11.345749750864394,6.915448981277507],[11.302720021675677,6.760625539847812],[11.531430258262098,6.514317584692554],[11.71963509868622,6.587108093307074],[11.709327843657249,6.885221110201903]]]}},{"type":"Feature","id":952,"properties":{"cell_id":952,"site":[11.56873931737877,3.013325697715109],"area":0.023328153303218576},"geometry":{"type":"Polygon","coordinates":[[[11.64964667329115,2.952857767615276],[11.600533816851385,3.1124038676073686],[11.486831555273543,3.0684038007034258],[11.468424731991925,2.9996186323205962],[11.57096535914202,2.907610406989506],[11.629477662474008,2.926650043032422],[11.64964667329115,2.952857767615276]]]}},{"type":"Feature","id":953,"properties":{"cell_id":953,"site":[11.608571183247218,4.013222322008695],"area":0.0837211974284294},"geometry":{"type":"Polygon","coordinates":[[[11.762715093733028,4.001841675206896],[11.724528438555948,4.156114509077746],[11.54067966726111,4.255244113215068],[11.435837394238723,4.108253289603608],[11.519383174493813,3.86979616708998],[11.72272772718328,3.9201237812597247],[11.762715093733028,4.001841675206896]]]}},{"type":"Feature","id":954,"properties":{"cell_id":954,"site":[11.610283111861248,3.237482033621445],"area":0.017034757047781634},"geometry":{"type":"Polygon","coordinates":[[[11.700313354812788,3.281419555153278],[11.517865945958311,3.3088691141509083],[11.512110562046415,3.266676531234924],[11.60859165727986,3.1349506388593547],[11.700313354812788,3.281419555153278]]]}},{"type":"Feature","id":955,"properties":{"cell_id":955,"site":[11.62719702773939,3.3499027878425247],"area":0.020819113140322677},"geometry":{"type":"Polygon","coordinates":[[[11.706722725919077,3.2841897536697124],[11.69869371427623,3.411397978132031],[11.612502460679488,3.4398885257459293],[11.509442483506406,3.3304071113769895],[11.517865945958313,3.308869114150908],[11.700313354812788,3.281419555153278],[11.706722725919077,3.2841897536697124]]]}},{"type":"Feature","id":956,"properties":{"cell_id":956,"site":[11.629671242805571,2.6481337819155115],"area":0.0572064542879415},"geometry":{"type":"Polygon","coordinates":[[[11.803727132526113,2.6499569407828765],[11.735715581201402,2.733442087959275],[11.51675852252487,2.7356048427730997],[11.534982609347928,2.4845645182243143],[11.715966146295298,2.4999427113909185],[11.803727132526113,2.6499569407828765]]]}},{"type":"Feature","id":957,"properties":{"cell_id":957,"site":[11.631377039560265,2.82082845711412],"area":0.02989130025289198},"geometry":{"type":"Polygon","coordinates":[[[11.735877736327321,2.7770543516900665],[11.629477662474006,2.9266500430324225],[11.570965359142017,2.9076104069895057],[11.499587400879872,2.755115738840825],[11.51675852252487,2.7356048427731006],[11.735715581201402,2.733442087959276],[11.735877736327321,2.7770543516900665]]]}},{"type":"Feature","id":958,"properties":{"cell_id":958,"site":[11.647611511366696,1.3984206206015115],"area":0.26511486758863156},"geometry":{"type":"Polygon","coordinates":[[[11.540667577799393,1.699680676054144],[11.349800975985415,1.4619790420762016],[11.37103472763989,1.1827679124348274],[11.588879809790573,1.1282781012969236],[12.0,1.337717334017497],[12.0,1.5663698732555527],[11.540667577799393,1.699680676054144]]]}},{"type":"Feature","id":959,"properties":{"cell_id":959,"site":[11.655911501672637,2.339316301947228],"area":0.11919983367409959},"geometry":{"type":"Polygon","coordinates":[[[11.715966146295298,2.4999427113909185],[11.534982609347928,2.4845645182243143],[11.48337314252527,2.442660092968856],[11.493457586965334,2.2298201442412022],[11.646488239936325,2.0941779822616287],[11.932706094537997,2.1823947294716337],[11.715966146295298,2.4999427113909185]]]}},{"type":"Feature","id":960,"properties":{"cell_id":960,"site":[11.665173124934297,3.7845268691526432],"area":0.040803697715263224},"geometry":{"type":"Polygon","coordinates":[[[11.76708100865501,3.8331717542886596],[11.722727727183278,3.920123781259724],[11.519383174493813,3.8697961670899796],[11.498967518931737,3.8258451689602717],[11.639312349130295,3.6799892519411626],[11.741191656310635,3.7244493988532397],[11.76708100865501,3.8331717542886596]]]}},{"type":"Feature","id":961,"properties":{"cell_id":961,"site":[11.672013269581212,7.086690516896943],"area":0.13220073629589366},"geometry":{"type":"Polygon","coordinates":[[[11.526708751579244,7.285440598676111],[11.462164723000642,6.98286955008828],[11.709327843657247,6.885221110201903],[12.0,7.0815109484252305],[12.0,7.147296045119946],[11.526708751579244,7.285440598676111]]]}},{"type":"Feature","id":962,"properties":{"cell_id":962,"site":[11.677932015270109,3.5033892085231337],"area":0.023123678167241542},"geometry":{"type":"Polygon","coordinates":[[[11.745797694299373,3.4439183202170014],[11.75134255317225,3.54524888486556],[11.627273178142017,3.6006805673494453],[11.57388953032105,3.550989880071149],[11.612502460679487,3.4398885257459297],[11.69869371427623,3.411397978132031],[11.745797694299373,3.4439183202170014]]]}},{"type":"Feature","id":963,"properties":{"cell_id":963,"site":[11.682542678323012,3.048357629731588],"area":0.016750278046551603},"geometry":{"type":"Polygon","coordinates":[[[11.748308265310182,3.0439631714115403],[11.713858088552294,3.1118217512497175],[11.609426405118109,3.125615863268115],[11.600533816851385,3.1124038676073695],[11.649646673291151,2.9528577676152756],[11.715712359826888,2.9721792704863357],[11.748308265310182,3.0439631714115403]]]}},{"type":"Feature","id":964,"properties":{"cell_id":964,"site":[11.700094795030385,3.181240202610475],"area":0.015850313769506803},"geometry":{"type":"Polygon","coordinates":[[[11.764674093920416,3.1638124731246067],[11.770942657119122,3.195822138689769],[11.712233009355625,3.2817999178810235],[11.706722725919075,3.284189753669712],[11.700313354812787,3.2814195551532777],[11.60859165727986,3.1349506388593573],[11.609426405118109,3.1256158632681155],[11.713858088552294,3.111821751249718],[11.764674093920416,3.1638124731246067]]]}},{"type":"Feature","id":965,"properties":{"cell_id":965,"site":[11.708791058201975,6.338587106550932],"area":0.22087169435529347},"geometry":{"type":"Polygon","coordinates":[[[11.719635098686222,6.587108093307074],[11.531430258262096,6.514317584692553],[11.43152163593434,6.278966666569465],[11.53325343833923,6.078978072015655],[11.567523968764972,6.06396816118272],[12.0,6.17068182501049],[12.0,6.475747877962001],[11.719635098686222,6.587108093307074]]]}},{"type":"Feature","id":966,"properties":{"cell_id":966,"site":[11.72881697787416,2.8901327033783666],"area":0.018926990262511174},"geometry":{"type":"Polygon","coordinates":[[[11.81843863624065,2.9088596559526043],[11.715712359826885,2.9721792704863343],[11.64964667329115,2.952857767615275],[11.629477662474008,2.9266500430324225],[11.735877736327321,2.7770543516900674],[11.81843863624065,2.9088596559526043]]]}},{"type":"Feature","id":967,"properties":{"cell_id":967,"site":[11.733542805072098,3.6278594686072685],"area":0.021423738456737753},"geometry":{"type":"Polygon","coordinates":[[[11.79979930533187,3.672600942756276],[11.741191656310633,3.7244493988532392],[11.639312349130297,3.679989251941163],[11.62727317814202,3.600680567349444],[11.751342553172249,3.545248884865561],[11.789520593576366,3.570138142914237],[11.79979930533187,3.672600942756276]]]}},{"type":"Feature","id":968,"properties":{"cell_id":968,"site":[11.756112832345124,7.37482049399364],"area":0.17969936586675792},"geometry":{"type":"Polygon","coordinates":[[[11.582144201586216,7.596589471742182],[11.455356567746545,7.485631634170066],[11.44574823942958,7.45505207967843],[11.526708751579244,7.285440598676112],[12.0,7.147296045119946],[12.0,7.547128564802865],[11.582144201586216,7.596589471742182]]]}},{"type":"Feature","id":969,"properties":{"cell_id":969,"site":[11.767368983865117,0.3727856863692425],"area":0.09593486422345487},"geometry":{"type":"Polygon","coordinates":[[[11.5581495416529,0.5748661123685781],[11.553438922303142,0.572423205313676],[11.65356068243464,0.2212575438450592],[12.0,0.2821215112032502],[12.0,0.4216708081323789],[11.5581495416529,0.5748661123685781]]]}},{"type":"Feature","id":970,"properties":{"cell_id":970,"site":[11.773078975206651,5.3114797598200285],"area":0.24437908841001288},"geometry":{"type":"Polygon","coordinates":[[[11.711291259672842,5.6060486883458145],[11.520589474343248,5.47755098143653],[11.470158362389213,5.312466456904368],[11.613226889635852,5.052845089535103],[12.0,5.07270379135472],[12.0,5.582331833291178],[11.711291259672842,5.6060486883458145]]]}},{"type":"Feature","id":971,"properties":{"cell_id":971,"site":[11.777355000279123,3.359380320564041],"area":0.018385003373405977},"geometry":{"type":"Polygon","coordinates":[[[11.833670939757221,3.416577523795453],[11.745797694299375,3.4439183202170027],[11.69869371427623,3.4113979781320314],[11.706722725919075,3.2841897536697107],[11.712233009355623,3.281799917881023],[11.862219029482215,3.329848806959089],[11.833670939757221,3.416577523795453]]]}},{"type":"Feature","id":972,"properties":{"cell_id":972,"site":[11.780192425324808,4.331516284328472],"area":0.14402543819521213},"geometry":{"type":"Polygon","coordinates":[[[11.729722280987232,4.574034056404471],[11.525570385378213,4.336778908415272],[11.54067966726111,4.255244113215068],[11.72452843855595,4.156114509077745],[12.0,4.28240415045016],[12.0,4.5636066046454715],[11.729722280987232,4.574034056404471]]]}},{"type":"Feature","id":973,"properties":{"cell_id":973,"site":[11.783572905457934,3.0996482578435782],"area":0.009981663293126965},"geometry":{"type":"Polygon","coordinates":[[[11.855398699968346,3.086809369011488],[11.764674093920418,3.163812473124607],[11.713858088552294,3.1118217512497166],[11.748308265310182,3.0439631714115416],[11.831892568536652,3.0532154897189856],[11.855398699968346,3.086809369011488]]]}},{"type":"Feature","id":974,"properties":{"cell_id":974,"site":[11.792277614275704,1.8968785854816026],"area":0.217835557894025},"geometry":{"type":"Polygon","coordinates":[[[11.932706094537997,2.1823947294716337],[11.646488239936325,2.094177982261629],[11.518282382632359,1.7803541408315597],[11.540667577799391,1.6996806760541443],[12.0,1.5663698732555527],[12.0,2.1717307012233094],[11.932706094537997,2.1823947294716337]]]}},{"type":"Feature","id":975,"properties":{"cell_id":975,"site":[11.794897982477872,2.997338907879251],"area":0.014155903840489828},"geometry":{"type":"Polygon","coordinates":[[[11.831892568536654,3.0532154897189856],[11.748308265310184,3.0439631714115416],[11.715712359826886,2.9721792704863335],[11.81843863624065,2.9088596559526048],[11.8676461489689,2.921572562465336],[11.831892568536654,3.0532154897189856]]]}},{"type":"Feature","id":976,"properties":{"cell_id":976,"site":[11.798727509331831,4.811942407883085],"area":0.19532655585365627},"geometry":{"type":"Polygon","coordinates":[[[11.613226889635854,5.052845089535103],[11.521241670520181,4.868226045984152],[11.729722280987232,4.574034056404471],[12.0,4.563606604645472],[12.0,5.072703791354721],[11.613226889635854,5.052845089535103]]]}},{"type":"Feature","id":977,"properties":{"cell_id":977,"site":[11.80308065168051,7.771614181424826],"area":0.17367827353483217},"geometry":{"type":"Polygon","coordinates":[[[11.582144201586217,7.59658947174218],[12.0,7.547128564802866],[12.0,8.0],[11.608038013733953,8.0],[11.582144201586217,7.59658947174218]]]}},{"type":"Feature","id":978,"properties":{"cell_id":978,"site":[11.810312634312334,3.25650209681575],"area":0.014455812761513103},"geometry":{"type":"Polygon","coordinates":[[[11.884081587940534,3.2547819122419175],[11.866655745673807,3.3267617748729528],[11.862219029482215,3.329848806959089],[11.712233009355627,3.281799917881024],[11.770942657119123,3.1958221386897656],[11.859109122740893,3.2139468228777344],[11.884081587940534,3.2547819122419175]]]}},{"type":"Feature","id":979,"properties":{"cell_id":979,"site":[11.812202073670875,0.11759454930047158],"area":0.09978190606454843},"geometry":{"type":"Polygon","coordinates":[[[11.65356068243464,0.22125754384505925],[11.53978595916874,0.0],[12.0,0.0],[12.0,0.2821215112032502],[11.65356068243464,0.22125754384505925]]]}},{"type":"Feature","id":980,"properties":{"cell_id":980,"site":[11.819747284362592,3.4956290064965887],"area":0.01669178070284621},"geometry":{"type":"Polygon","coordinates":[[[11.895076195841494,3.4790464915519115],[11.876813958256589,3.54386809861947],[11.789520593576366,3.570138142914237],[11.75134255317225,3.5452488848655612],[11.745797694299375,3.4439183202170023],[11.833670939757223,3.4165775237954525],[11.895076195841494,3.4790464915519115]]]}},{"type":"Feature","id":981,"properties":{"cell_id":981,"site":[11.820322752041603,5.886585154987067],"area":0.19162145778494294},"geometry":{"type":"Polygon","coordinates":[[[11.567523968764974,6.06396816118272],[11.711291259672846,5.606048688345815],[12.0,5.582331833291178],[12.0,6.17068182501049],[11.567523968764974,6.06396816118272]]]}},{"type":"Feature","id":982,"properties":{"cell_id":982,"site":[11.831056768982798,3.1555934676054904],"area":0.00994332902894243},"geometry":{"type":"Polygon","coordinates":[[[11.894921754442212,3.1219052461002557],[11.85910912274089,3.213946822877734],[11.770942657119122,3.195822138689765],[11.764674093920418,3.163812473124609],[11.855398699968347,3.086809369011488],[11.882959369071807,3.099561941269657],[11.894921754442212,3.1219052461002557]]]}},{"type":"Feature","id":983,"properties":{"cell_id":983,"site":[11.836128268758879,3.743818424823666],"area":0.019943324661273316},"geometry":{"type":"Polygon","coordinates":[[[11.91525896768414,3.801984951352871],[11.767081008655008,3.8331717542886583],[11.741191656310633,3.7244493988532392],[11.799799305331867,3.672600942756278],[11.88400510624588,3.68555088020217],[11.91525896768414,3.801984951352871]]]}},{"type":"Feature","id":984,"properties":{"cell_id":984,"site":[11.840701053071832,2.820050167732523],"area":0.03646369101724857},"geometry":{"type":"Polygon","coordinates":[[[11.872295958608625,2.92039984268062],[11.8676461489689,2.921572562465336],[11.818438636240653,2.908859655952605],[11.735877736327321,2.777054351690066],[11.7357155812014,2.7334420879592765],[11.803727132526113,2.6499569407828765],[11.944298181870584,2.670312770881107],[11.872295958608625,2.92039984268062]]]}},{"type":"Feature","id":985,"properties":{"cell_id":985,"site":[11.841935437539995,1.0169711259063303],"area":0.14982541180159054},"geometry":{"type":"Polygon","coordinates":[[[11.588879809790573,1.1282781012969236],[11.739207434867822,0.8090817727143853],[12.0,0.8126323272425258],[12.0,1.3377173340174975],[11.588879809790573,1.1282781012969236]]]}},{"type":"Feature","id":986,"properties":{"cell_id":986,"site":[11.847556923354519,0.6040661292911321],"area":0.11659268667399786},"geometry":{"type":"Polygon","coordinates":[[[11.739207434867824,0.8090817727143852],[11.558149541652902,0.574866112368578],[12.0,0.4216708081323788],[12.0,0.8126323272425257],[11.739207434867824,0.8090817727143852]]]}},{"type":"Feature","id":987,"properties":{"cell_id":987,"site":[11.855848376941623,3.6155901989671957],"area":0.015118690661517588},"geometry":{"type":"Polygon","coordinates":[[[11.884005106245882,3.68555088020217],[11.799799305331872,3.6726009427562785],[11.789520593576368,3.570138142914236],[11.876813958256587,3.5438680986194706],[11.945633230360041,3.6224169650964324],[11.884005106245882,3.68555088020217]]]}},{"type":"Feature","id":988,"properties":{"cell_id":988,"site":[11.866287273958255,3.887113005098339],"area":0.04241652662169772},"geometry":{"type":"Polygon","coordinates":[[[11.76271509373303,4.001841675206898],[11.72272772718328,3.9201237812597243],[11.767081008655012,3.8331717542886583],[11.91525896768414,3.8019849513528716],[12.0,3.844736167072409],[12.0,3.9687099482974544],[11.76271509373303,4.001841675206898]]]}},{"type":"Feature","id":989,"properties":{"cell_id":989,"site":[11.882267790930893,6.7753390192611285],"area":0.1292555331733915},"geometry":{"type":"Polygon","coordinates":[[[11.709327843657247,6.885221110201903],[11.719635098686219,6.587108093307076],[12.0,6.475747877962001],[12.0,7.0815109484252305],[11.709327843657247,6.885221110201903]]]}},{"type":"Feature","id":990,"properties":{"cell_id":990,"site":[11.887432249468514,2.4973390189901714],"area":0.0944474509977453},"geometry":{"type":"Polygon","coordinates":[[[11.944298181870586,2.670312770881107],[11.803727132526113,2.6499569407828765],[11.715966146295298,2.4999427113909203],[11.932706094537997,2.1823947294716333],[12.0,2.171730701223309],[12.0,2.6601131115779197],[11.944298181870586,2.670312770881107]]]}},{"type":"Feature","id":991,"properties":{"cell_id":991,"site":[11.892070914840714,3.0237306049157193],"area":0.016853224882494265},"geometry":{"type":"Polygon","coordinates":[[[11.88295936907181,3.0995619412696573],[11.855398699968342,3.0868093690114855],[11.831892568536652,3.0532154897189865],[11.8676461489689,2.9215725624653364],[11.872295958608628,2.9203998426806197],[12.0,2.9653284984128603],[12.0,2.977755829920797],[11.88295936907181,3.0995619412696573]]]}},{"type":"Feature","id":992,"properties":{"cell_id":992,"site":[11.893752084149943,4.0838122272604425],"area":0.060877628388311886},"geometry":{"type":"Polygon","coordinates":[[[11.724528438555948,4.156114509077744],[11.762715093733028,4.001841675206898],[12.0,3.9687099482974535],[12.0,4.28240415045016],[11.724528438555948,4.156114509077744]]]}},{"type":"Feature","id":993,"properties":{"cell_id":993,"site":[11.912949873327442,3.40401345642994],"area":0.017658493557782567},"geometry":{"type":"Polygon","coordinates":[[[11.895076195841494,3.4790464915519115],[11.833670939757221,3.4165775237954525],[11.862219029482215,3.329848806959088],[11.866655745673807,3.326761774872952],[12.0,3.3688210478702487],[12.0,3.448247170382209],[11.895076195841494,3.4790464915519115]]]}},{"type":"Feature","id":994,"properties":{"cell_id":994,"site":[11.919223352080488,3.1898983706654973],"area":0.012463628876843685},"geometry":{"type":"Polygon","coordinates":[[[11.884081587940534,3.2547819122419197],[11.859109122740891,3.213946822877733],[11.894921754442212,3.121905246100257],[12.0,3.1620469189988434],[12.0,3.2204392931949175],[11.884081587940534,3.2547819122419197]]]}},{"type":"Feature","id":995,"properties":{"cell_id":995,"site":[11.948895429425171,3.2900520626012795],"area":0.013765598373351383},"geometry":{"type":"Polygon","coordinates":[[[11.866655745673807,3.326761774872952],[11.884081587940532,3.2547819122419197],[12.0,3.2204392931949175],[12.0,3.3688210478702487],[11.866655745673807,3.326761774872952]]]}},{"type":"Feature","id":996,"properties":{"cell_id":996,"site":[11.950669885600654,3.53251392430727],"area":0.015949736532788},"geometry":{"type":"Polygon","coordinates":[[[11.945633230360041,3.6224169650964315],[11.876813958256589,3.5438680986194724],[11.895076195841494,3.4790464915519115],[12.0,3.448247170382209],[12.0,3.6212190320439976],[11.945633230360041,3.6224169650964315]]]}},{"type":"Feature","id":997,"properties":{"cell_id":997,"site":[11.952413905025539,2.8522132605694415],"area":0.026086572418602336},"geometry":{"type":"Polygon","coordinates":[[[11.872295958608625,2.9203998426806184],[11.944298181870582,2.6703127708811083],[12.0,2.6601131115779197],[12.0,2.9653284984128603],[11.872295958608625,2.9203998426806184]]]}},{"type":"Feature","id":998,"properties":{"cell_id":998,"site":[11.954624973636145,3.712010900114417],"area":0.01890800489783253},"geometry":{"type":"Polygon","coordinates":[[[11.91525896768414,3.801984951352871],[11.884005106245882,3.685550880202171],[11.945633230360043,3.622416965096431],[12.0,3.621219032043997],[12.0,3.8447361670724085],[11.91525896768414,3.801984951352871]]]}},{"type":"Feature","id":999,"properties":{"cell_id":999,"site":[11.958366911744113,3.087432870915856],"area":0.011718575225537414},"geometry":{"type":"Polygon","coordinates":[[[11.894921754442212,3.121905246100257],[11.882959369071807,3.0995619412696573],[12.0,2.977755829920798],[12.0,3.1620469189988434],[11.894921754442212,3.121905246100257]]]}}]}
